buyer_id,first_seen,source,dept,opt_in_email,opt_in_push,contactable
B00001,2024-08-14,Tournée 2024,75,True,False,True
B00002,2024-07-25,Tournée 2024,75,True,False,True
B00003,2024-08-03,Tournée 2024,75,False,True,False
B00004,2024-07-20,Tournée 2024,75,False,True,False
B00005,2024-08-12,Tournée 2024,75,False,False,False
B00006,2024-07-20,Tournée 2024,75,True,False,True
B00007,2024-07-27,Tournée 2024,75,True,False,True
B00008,2024-09-18,Tournée 2024,35,True,False,True
B00009,2024-09-07,Tournée 2024,75,False,False,False
B00010,2024-07-21,Tournée 2024,75,True,False,True
B00011,2024-08-17,Tournée 2024,44,False,False,False
B00012,2024-08-31,Tournée 2024,75,True,False,True
B00013,2024-09-18,Tournée 2024,75,True,False,True
B00014,2024-07-17,Tournée 2024,75,True,False,True
B00015,2024-09-15,Tournée 2024,75,True,False,True
B00016,2024-07-18,Tournée 2024,75,True,False,True
B00017,2024-09-01,Tournée 2024,75,True,True,True
B00018,2024-09-08,Tournée 2024,75,True,False,True
B00019,2024-08-24,Tournée 2024,75,True,False,True
B00020,2024-07-16,Tournée 2024,75,False,False,False
B00021,2024-08-31,Tournée 2024,75,True,False,True
B00022,2024-08-21,Tournée 2024,75,False,False,False
B00023,2024-09-19,Tournée 2024,75,True,True,True
B00024,2024-07-28,Tournée 2024,75,True,False,True
B00025,2024-08-06,Tournée 2024,75,True,False,True
B00026,2024-07-24,Tournée 2024,75,False,False,False
B00027,2024-08-04,Tournée 2024,75,False,False,False
B00028,2024-08-26,Tournée 2024,31,False,False,False
B00029,2024-08-27,Tournée 2024,75,True,False,True
B00030,2024-08-26,Tournée 2024,75,False,False,False
B00031,2024-08-23,Tournée 2024,75,False,False,False
B00032,2024-07-29,Tournée 2024,75,True,True,True
B00033,2024-08-28,Tournée 2024,75,True,False,True
B00034,2024-08-09,Tournée 2024,67,True,False,True
B00035,2024-09-14,Tournée 2024,75,True,True,True
B00036,2024-09-08,Tournée 2024,75,True,False,True
B00037,2024-08-16,Tournée 2024,33,False,False,False
B00038,2024-08-05,Tournée 2024,75,True,True,True
B00039,2024-08-05,Tournée 2024,33,True,False,True
B00040,2024-07-29,Tournée 2024,75,False,False,False
B00041,2024-07-14,Tournée 2024,75,False,False,False
B00042,2024-08-07,Tournée 2024,75,True,False,True
B00043,2024-08-26,Tournée 2024,75,True,False,True
B00044,2024-08-10,Tournée 2024,BE,True,False,True
B00045,2024-07-23,Tournée 2024,44,False,False,False
B00046,2024-08-08,Tournée 2024,75,False,False,False
B00047,2024-09-19,Tournée 2024,75,True,False,True
B00048,2024-09-08,Tournée 2024,75,True,True,True
B00049,2024-08-20,Tournée 2024,75,True,False,True
B00050,2024-09-07,Tournée 2024,75,True,False,True
B00051,2024-07-20,Tournée 2024,75,True,True,True
B00052,2024-07-30,Tournée 2024,75,True,True,True
B00053,2024-08-15,Tournée 2024,67,False,True,False
B00054,2024-08-24,Tournée 2024,75,False,True,False
B00055,2024-08-03,Tournée 2024,75,True,False,True
B00056,2024-08-11,Tournée 2024,75,True,False,True
B00057,2024-08-26,Tournée 2024,75,True,False,True
B00058,2024-08-09,Tournée 2024,75,True,False,True
B00059,2024-09-16,Tournée 2024,75,True,False,True
B00060,2024-09-16,Tournée 2024,75,True,False,True
B00061,2024-07-26,Tournée 2024,75,True,False,True
B00062,2024-09-10,Tournée 2024,75,False,False,False
B00063,2024-07-19,Tournée 2024,75,True,False,True
B00064,2024-07-27,Tournée 2024,75,True,False,True
B00065,2024-08-20,Tournée 2024,75,True,True,True
B00066,2024-09-21,Tournée 2024,75,False,False,False
B00067,2024-09-05,Tournée 2024,75,True,False,True
B00068,2024-08-05,Tournée 2024,75,True,True,True
B00069,2024-07-23,Tournée 2024,75,False,False,False
B00070,2024-07-23,Tournée 2024,75,True,False,True
B00071,2024-09-16,Tournée 2024,75,True,False,True
B00072,2024-09-20,Tournée 2024,75,True,False,True
B00073,2024-08-11,Tournée 2024,44,False,False,False
B00074,2024-09-06,Tournée 2024,75,False,False,False
B00075,2024-07-24,Tournée 2024,59,True,False,True
B00076,2024-07-21,Tournée 2024,75,True,False,True
B00077,2024-08-22,Tournée 2024,33,True,False,True
B00078,2024-08-06,Tournée 2024,75,False,False,False
B00079,2024-07-17,Tournée 2024,75,True,False,True
B00080,2024-09-10,Tournée 2024,75,False,False,False
B00081,2024-07-18,Tournée 2024,75,True,False,True
B00082,2024-08-20,Tournée 2024,75,True,False,True
B00083,2024-07-29,Tournée 2024,75,True,False,True
B00084,2024-08-06,Tournée 2024,75,True,False,True
B00085,2024-08-15,Tournée 2024,75,False,False,False
B00086,2024-09-05,Tournée 2024,75,True,False,True
B00087,2024-07-30,Tournée 2024,75,True,False,True
B00088,2024-08-02,Tournée 2024,75,True,False,True
B00089,2024-08-01,Tournée 2024,75,False,False,False
B00090,2024-08-03,Tournée 2024,13,True,False,True
B00091,2024-07-29,Tournée 2024,75,False,False,False
B00092,2024-07-27,Tournée 2024,75,True,False,True
B00093,2024-09-03,Tournée 2024,75,False,True,False
B00094,2024-08-16,Tournée 2024,75,False,False,False
B00095,2024-07-25,Tournée 2024,75,True,False,True
B00096,2024-09-13,Tournée 2024,75,True,False,True
B00097,2024-08-31,Tournée 2024,75,True,False,True
B00098,2024-08-01,Tournée 2024,75,True,False,True
B00099,2024-08-09,Tournée 2024,75,True,False,True
B00100,2024-08-12,Tournée 2024,35,False,False,False
B00101,2024-09-20,Tournée 2024,75,True,True,True
B00102,2024-08-19,Tournée 2024,75,False,False,False
B00103,2024-09-20,Tournée 2024,75,True,False,True
B00104,2024-08-14,Tournée 2024,75,False,False,False
B00105,2024-07-18,Tournée 2024,34,True,False,True
B00106,2024-08-14,Tournée 2024,75,True,False,True
B00107,2024-09-12,Tournée 2024,75,True,False,True
B00108,2024-09-06,Tournée 2024,75,True,True,True
B00109,2024-08-09,Tournée 2024,75,True,False,True
B00110,2024-07-25,Tournée 2024,75,False,False,False
B00111,2024-08-08,Tournée 2024,75,True,True,True
B00112,2024-08-30,Tournée 2024,75,False,False,False
B00113,2024-07-18,Tournée 2024,75,False,False,False
B00114,2024-07-31,Tournée 2024,75,True,False,True
B00115,2024-07-18,Tournée 2024,75,False,False,False
B00116,2024-07-16,Tournée 2024,75,True,False,True
B00117,2024-09-14,Tournée 2024,75,True,True,True
B00118,2024-08-13,Tournée 2024,34,False,False,False
B00119,2024-09-09,Tournée 2024,75,True,False,True
B00120,2024-08-10,Tournée 2024,35,False,False,False
B00121,2024-07-16,Tournée 2024,75,False,True,False
B00122,2024-08-25,Tournée 2024,75,True,False,True
B00123,2024-07-15,Tournée 2024,75,True,False,True
B00124,2024-09-20,Tournée 2024,75,True,False,True
B00125,2024-08-27,Tournée 2024,59,False,False,False
B00126,2024-08-13,Tournée 2024,75,True,False,True
B00127,2024-09-06,Tournée 2024,75,True,False,True
B00128,2024-08-11,Tournée 2024,13,True,False,True
B00129,2024-08-05,Tournée 2024,75,True,True,True
B00130,2024-08-14,Tournée 2024,75,True,False,True
B00131,2024-08-27,Tournée 2024,75,True,False,True
B00132,2024-09-05,Tournée 2024,44,False,False,False
B00133,2024-09-20,Tournée 2024,75,False,True,False
B00134,2024-08-08,Tournée 2024,75,False,True,False
B00135,2024-09-18,Tournée 2024,75,True,False,True
B00136,2024-09-11,Tournée 2024,75,True,False,True
B00137,2024-09-13,Tournée 2024,75,True,False,True
B00138,2024-08-21,Tournée 2024,75,False,True,False
B00139,2024-09-09,Tournée 2024,75,False,True,False
B00140,2024-07-20,Tournée 2024,75,True,False,True
B00141,2024-08-02,Tournée 2024,75,True,False,True
B00142,2024-09-17,Tournée 2024,75,False,True,False
B00143,2024-09-13,Tournée 2024,75,True,True,True
B00144,2024-07-23,Tournée 2024,75,True,False,True
B00145,2024-09-17,Tournée 2024,31,False,True,False
B00146,2024-07-24,Tournée 2024,13,True,False,True
B00147,2024-09-19,Tournée 2024,75,True,True,True
B00148,2024-09-03,Tournée 2024,75,True,True,True
B00149,2024-08-16,Tournée 2024,75,True,True,True
B00150,2024-07-21,Tournée 2024,75,True,False,True
B00151,2024-09-04,Tournée 2024,75,False,False,False
B00152,2024-09-04,Tournée 2024,75,False,True,False
B00153,2024-09-03,Tournée 2024,75,True,False,True
B00154,2024-07-17,Tournée 2024,31,True,False,True
B00155,2024-07-25,Tournée 2024,67,True,True,True
B00156,2024-09-10,Tournée 2024,75,True,True,True
B00157,2024-07-15,Tournée 2024,75,True,True,True
B00158,2024-08-18,Tournée 2024,67,True,True,True
B00159,2024-09-05,Tournée 2024,75,True,False,True
B00160,2024-08-31,Tournée 2024,75,False,False,False
B00161,2024-08-26,Tournée 2024,75,True,True,True
B00162,2024-09-17,Tournée 2024,75,False,False,False
B00163,2024-07-25,Tournée 2024,75,True,True,True
B00164,2024-09-08,Tournée 2024,75,False,True,False
B00165,2024-07-31,Tournée 2024,75,False,True,False
B00166,2024-09-23,Tournée 2024,69,False,False,False
B00167,2024-08-31,Tournée 2024,34,True,False,True
B00168,2024-08-25,Tournée 2024,69,False,True,False
B00169,2024-08-19,Tournée 2024,69,True,True,True
B00170,2024-09-24,Tournée 2024,69,True,False,True
B00171,2024-08-18,Tournée 2024,69,True,True,True
B00172,2024-08-14,Tournée 2024,69,False,False,False
B00173,2024-09-01,Tournée 2024,69,True,False,True
B00174,2024-08-10,Tournée 2024,69,False,False,False
B00175,2024-09-11,Tournée 2024,69,True,False,True
B00176,2024-09-17,Tournée 2024,69,True,False,True
B00177,2024-09-05,Tournée 2024,31,False,False,False
B00178,2024-08-04,Tournée 2024,69,True,False,True
B00179,2024-07-28,Tournée 2024,69,True,False,True
B00180,2024-08-07,Tournée 2024,33,False,False,False
B00181,2024-08-04,Tournée 2024,69,True,False,True
B00182,2024-08-21,Tournée 2024,69,False,True,False
B00183,2024-09-24,Tournée 2024,69,True,False,True
B00184,2024-08-23,Tournée 2024,69,False,False,False
B00185,2024-07-29,Tournée 2024,69,True,False,True
B00186,2024-09-17,Tournée 2024,34,True,False,True
B00187,2024-07-27,Tournée 2024,69,False,False,False
B00188,2024-08-21,Tournée 2024,33,True,True,True
B00189,2024-08-17,Tournée 2024,69,False,False,False
B00190,2024-07-23,Tournée 2024,69,True,True,True
B00191,2024-08-08,Tournée 2024,69,True,False,True
B00192,2024-08-10,Tournée 2024,69,True,False,True
B00193,2024-08-31,Tournée 2024,69,True,True,True
B00194,2024-09-25,Tournée 2024,33,True,False,True
B00195,2024-09-15,Tournée 2024,69,True,False,True
B00196,2024-07-25,Tournée 2024,67,True,True,True
B00197,2024-08-12,Tournée 2024,69,True,True,True
B00198,2024-09-13,Tournée 2024,69,True,False,True
B00199,2024-09-26,Tournée 2024,69,True,False,True
B00200,2024-08-12,Tournée 2024,69,False,False,False
B00201,2024-09-27,Tournée 2024,69,False,False,False
B00202,2024-08-10,Tournée 2024,69,True,True,True
B00203,2024-08-29,Tournée 2024,69,True,False,True
B00204,2024-09-13,Tournée 2024,69,False,False,False
B00205,2024-09-26,Tournée 2024,69,True,False,True
B00206,2024-08-11,Tournée 2024,69,False,False,False
B00207,2024-07-31,Tournée 2024,69,True,False,True
B00208,2024-09-16,Tournée 2024,67,False,False,False
B00209,2024-07-21,Tournée 2024,69,False,False,False
B00210,2024-09-11,Tournée 2024,69,True,False,True
B00211,2024-08-09,Tournée 2024,69,False,False,False
B00212,2024-09-01,Tournée 2024,34,True,False,True
B00213,2024-08-09,Tournée 2024,69,True,False,True
B00214,2024-07-24,Tournée 2024,69,True,False,True
B00215,2024-09-23,Tournée 2024,69,True,False,True
B00216,2024-08-06,Tournée 2024,59,False,False,False
B00217,2024-08-07,Tournée 2024,69,True,False,True
B00218,2024-09-07,Tournée 2024,69,True,True,True
B00219,2024-08-11,Tournée 2024,69,True,True,True
B00220,2024-09-03,Tournée 2024,69,True,True,True
B00221,2024-08-15,Tournée 2024,69,False,True,False
B00222,2024-09-08,Tournée 2024,33,True,False,True
B00223,2024-08-04,Tournée 2024,69,True,False,True
B00224,2024-08-12,Tournée 2024,69,True,True,True
B00225,2024-08-07,Tournée 2024,35,True,False,True
B00226,2024-08-28,Tournée 2024,69,True,False,True
B00227,2024-07-27,Tournée 2024,69,True,False,True
B00228,2024-08-13,Tournée 2024,31,True,False,True
B00229,2024-08-04,Tournée 2024,69,False,False,False
B00230,2024-09-21,Tournée 2024,67,True,False,True
B00231,2024-09-26,Tournée 2024,69,False,False,False
B00232,2024-09-26,Tournée 2024,69,False,False,False
B00233,2024-08-18,Tournée 2024,69,True,False,True
B00234,2024-07-22,Tournée 2024,69,True,False,True
B00235,2024-07-22,Tournée 2024,69,True,False,True
B00236,2024-08-21,Tournée 2024,69,True,False,True
B00237,2024-07-30,Tournée 2024,69,True,False,True
B00238,2024-08-04,Tournée 2024,69,True,False,True
B00239,2024-09-10,Tournée 2024,69,True,False,True
B00240,2024-08-30,Tournée 2024,69,False,False,False
B00241,2024-08-18,Tournée 2024,69,True,False,True
B00242,2024-07-21,Tournée 2024,69,False,False,False
B00243,2024-08-11,Tournée 2024,69,True,False,True
B00244,2024-08-27,Tournée 2024,69,True,False,True
B00245,2024-08-13,Tournée 2024,69,False,False,False
B00246,2024-08-06,Tournée 2024,69,True,False,True
B00247,2024-08-02,Tournée 2024,13,True,False,True
B00248,2024-09-23,Tournée 2024,69,True,False,True
B00249,2024-07-25,Tournée 2024,69,False,False,False
B00250,2024-09-16,Tournée 2024,69,True,False,True
B00251,2024-09-06,Tournée 2024,69,False,False,False
B00252,2024-09-19,Tournée 2024,31,False,False,False
B00253,2024-09-23,Tournée 2024,69,True,False,True
B00254,2024-08-15,Tournée 2024,59,True,True,True
B00255,2024-08-24,Tournée 2024,69,True,False,True
B00256,2024-08-12,Tournée 2024,69,False,False,False
B00257,2024-08-02,Tournée 2024,69,True,False,True
B00258,2024-08-23,Tournée 2024,13,True,False,True
B00259,2024-09-14,Tournée 2024,69,True,False,True
B00260,2024-09-21,Tournée 2024,75,True,False,True
B00261,2024-08-27,Tournée 2024,33,True,False,True
B00262,2024-09-08,Tournée 2024,33,False,False,False
B00263,2024-07-29,Tournée 2024,44,True,False,True
B00264,2024-09-10,Tournée 2024,33,False,False,False
B00265,2024-09-04,Tournée 2024,35,True,False,True
B00266,2024-09-10,Tournée 2024,33,True,False,True
B00267,2024-09-26,Tournée 2024,33,True,False,True
B00268,2024-07-31,Tournée 2024,33,True,True,True
B00269,2024-07-28,Tournée 2024,33,False,False,False
B00270,2024-09-15,Tournée 2024,33,True,False,True
B00271,2024-09-09,Tournée 2024,33,True,False,True
B00272,2024-08-16,Tournée 2024,33,True,False,True
B00273,2024-08-14,Tournée 2024,44,True,False,True
B00274,2024-08-15,Tournée 2024,33,True,False,True
B00275,2024-07-28,Tournée 2024,33,False,False,False
B00276,2024-08-04,Tournée 2024,33,True,True,True
B00277,2024-08-12,Tournée 2024,33,True,False,True
B00278,2024-08-02,Tournée 2024,33,False,False,False
B00279,2024-10-05,Tournée 2024,33,False,False,False
B00280,2024-07-30,Tournée 2024,69,True,False,True
B00281,2024-10-01,Tournée 2024,33,False,False,False
B00282,2024-09-16,Tournée 2024,33,False,False,False
B00283,2024-08-14,Tournée 2024,33,True,False,True
B00284,2024-09-14,Tournée 2024,33,True,False,True
B00285,2024-08-12,Tournée 2024,35,True,False,True
B00286,2024-09-16,Tournée 2024,BE,True,False,True
B00287,2024-09-21,Tournée 2024,33,True,False,True
B00288,2024-09-17,Tournée 2024,34,False,False,False
B00289,2024-08-20,Tournée 2024,33,True,False,True
B00290,2024-08-31,Tournée 2024,33,False,True,False
B00291,2024-10-04,Tournée 2024,44,True,False,True
B00292,2024-08-13,Tournée 2024,33,False,False,False
B00293,2024-09-03,Tournée 2024,69,True,False,True
B00294,2024-08-08,Tournée 2024,33,True,False,True
B00295,2024-08-23,Tournée 2024,33,False,False,False
B00296,2024-09-10,Tournée 2024,33,True,True,True
B00297,2024-09-12,Tournée 2024,33,False,False,False
B00298,2024-09-02,Tournée 2024,67,True,False,True
B00299,2024-08-24,Tournée 2024,33,True,False,True
B00300,2024-09-23,Tournée 2024,33,True,False,True
B00301,2024-08-24,Tournée 2024,33,True,False,True
B00302,2024-08-25,Tournée 2024,33,True,True,True
B00303,2024-08-21,Tournée 2024,44,False,False,False
B00304,2024-07-29,Tournée 2024,33,True,False,True
B00305,2024-08-24,Tournée 2024,33,False,False,False
B00306,2024-07-31,Tournée 2024,33,True,False,True
B00307,2024-08-07,Tournée 2024,33,True,False,True
B00308,2024-09-13,Tournée 2024,69,True,True,True
B00309,2024-09-12,Tournée 2024,33,True,False,True
B00310,2024-08-02,Tournée 2024,33,False,False,False
B00311,2024-09-28,Tournée 2024,33,True,True,True
B00312,2024-09-07,Tournée 2024,33,False,False,False
B00313,2024-09-30,Tournée 2024,33,True,False,True
B00314,2024-09-01,Tournée 2024,33,True,False,True
B00315,2024-09-22,Tournée 2024,33,False,True,False
B00316,2024-08-08,Tournée 2024,33,True,False,True
B00317,2024-08-09,Tournée 2024,33,True,False,True
B00318,2024-10-04,Tournée 2024,33,True,False,True
B00319,2024-09-04,Tournée 2024,59,False,True,False
B00320,2024-08-18,Tournée 2024,13,True,False,True
B00321,2024-08-29,Tournée 2024,33,False,False,False
B00322,2024-09-07,Tournée 2024,67,True,False,True
B00323,2024-07-31,Tournée 2024,33,False,False,False
B00324,2024-09-16,Tournée 2024,13,False,True,False
B00325,2024-08-28,Tournée 2024,33,False,False,False
B00326,2024-08-25,Tournée 2024,33,False,False,False
B00327,2024-10-03,Tournée 2024,33,True,False,True
B00328,2024-07-30,Tournée 2024,33,True,False,True
B00329,2024-09-14,Tournée 2024,33,True,False,True
B00330,2024-09-06,Tournée 2024,33,True,False,True
B00331,2024-09-23,Tournée 2024,35,True,False,True
B00332,2024-08-19,Tournée 2024,67,True,False,True
B00333,2024-08-03,Tournée 2024,33,True,False,True
B00334,2024-08-22,Tournée 2024,33,True,False,True
B00335,2024-08-08,Tournée 2024,33,False,False,False
B00336,2024-09-30,Tournée 2024,33,True,True,True
B00337,2024-08-08,Tournée 2024,34,True,False,True
B00338,2024-09-11,Tournée 2024,33,False,False,False
B00339,2024-08-18,Tournée 2024,33,False,False,False
B00340,2024-08-26,Tournée 2024,31,False,False,False
B00341,2024-08-20,Tournée 2024,33,True,False,True
B00342,2024-09-01,Tournée 2024,33,True,False,True
B00343,2024-07-30,Tournée 2024,35,False,False,False
B00344,2024-08-04,Tournée 2024,33,True,False,True
B00345,2024-08-07,Tournée 2024,33,True,False,True
B00346,2024-09-26,Tournée 2024,33,True,True,True
B00347,2024-10-03,Tournée 2024,34,False,False,False
B00348,2024-09-06,Tournée 2024,33,False,False,False
B00349,2024-10-05,Tournée 2024,33,False,False,False
B00350,2024-08-18,Tournée 2024,33,True,False,True
B00351,2024-09-09,Tournée 2024,69,False,False,False
B00352,2024-08-07,Tournée 2024,33,False,True,False
B00353,2024-10-03,Tournée 2024,33,True,False,True
B00354,2024-09-17,Tournée 2024,33,True,False,True
B00355,2024-08-04,Tournée 2024,33,True,False,True
B00356,2024-08-11,Tournée 2024,33,False,False,False
B00357,2024-09-13,Tournée 2024,33,True,False,True
B00358,2024-10-01,Tournée 2024,33,False,False,False
B00359,2024-09-30,Tournée 2024,33,False,False,False
B00360,2024-08-09,Tournée 2024,35,True,False,True
B00361,2024-09-01,Tournée 2024,34,True,False,True
B00362,2024-09-09,Tournée 2024,69,True,False,True
B00363,2024-09-15,Tournée 2024,33,False,False,False
B00364,2024-09-29,Tournée 2024,33,False,False,False
B00365,2024-09-18,Tournée 2024,33,True,False,True
B00366,2024-08-14,Tournée 2024,33,False,True,False
B00367,2024-09-03,Tournée 2024,33,True,True,True
B00368,2024-08-31,Tournée 2024,33,True,True,True
B00369,2024-08-22,Tournée 2024,BE,True,True,True
B00370,2024-08-03,Tournée 2024,33,True,True,True
B00371,2024-10-04,Tournée 2024,35,True,False,True
B00372,2024-08-06,Tournée 2024,33,False,False,False
B00373,2024-08-21,Tournée 2024,33,True,False,True
B00374,2024-08-19,Tournée 2024,59,True,True,True
B00375,2024-09-12,Tournée 2024,33,True,False,True
B00376,2024-09-04,Tournée 2024,33,False,False,False
B00377,2024-08-15,Tournée 2024,44,False,False,False
B00378,2024-09-24,Tournée 2024,33,True,True,True
B00379,2024-08-25,Tournée 2024,33,True,False,True
B00380,2024-09-11,Tournée 2024,33,False,False,False
B00381,2024-08-17,Tournée 2024,44,True,False,True
B00382,2024-10-18,Tournée 2024,44,True,False,True
B00383,2024-09-22,Tournée 2024,44,True,True,True
B00384,2024-08-18,Tournée 2024,44,False,False,False
B00385,2024-08-11,Tournée 2024,44,True,True,True
B00386,2024-10-07,Tournée 2024,44,True,False,True
B00387,2024-10-10,Tournée 2024,44,False,False,False
B00388,2024-10-18,Tournée 2024,44,False,False,False
B00389,2024-09-29,Tournée 2024,44,True,False,True
B00390,2024-09-29,Tournée 2024,44,True,False,True
B00391,2024-10-16,Tournée 2024,44,True,False,True
B00392,2024-10-14,Tournée 2024,75,True,False,True
B00393,2024-08-13,Tournée 2024,44,False,False,False
B00394,2024-10-02,Tournée 2024,44,True,False,True
B00395,2024-09-26,Tournée 2024,44,False,True,False
B00396,2024-09-27,Tournée 2024,44,True,False,True
B00397,2024-10-09,Tournée 2024,44,False,False,False
B00398,2024-09-01,Tournée 2024,44,False,False,False
B00399,2024-08-23,Tournée 2024,44,True,False,True
B00400,2024-08-28,Tournée 2024,44,False,False,False
B00401,2024-08-24,Tournée 2024,44,True,True,True
B00402,2024-08-29,Tournée 2024,44,True,False,True
B00403,2024-08-25,Tournée 2024,BE,False,False,False
B00404,2024-09-17,Tournée 2024,44,False,True,False
B00405,2024-09-01,Tournée 2024,44,False,False,False
B00406,2024-09-25,Tournée 2024,44,False,False,False
B00407,2024-09-16,Tournée 2024,34,True,False,True
B00408,2024-09-26,Tournée 2024,44,True,False,True
B00409,2024-09-09,Tournée 2024,44,False,True,False
B00410,2024-08-15,Tournée 2024,44,True,True,True
B00411,2024-08-17,Tournée 2024,44,True,False,True
B00412,2024-09-17,Tournée 2024,44,True,False,True
B00413,2024-09-14,Tournée 2024,44,False,False,False
B00414,2024-09-05,Tournée 2024,44,False,False,False
B00415,2024-08-14,Tournée 2024,44,False,False,False
B00416,2024-10-15,Tournée 2024,BE,False,False,False
B00417,2024-10-10,Tournée 2024,44,False,False,False
B00418,2024-09-29,Tournée 2024,44,False,False,False
B00419,2024-08-20,Tournée 2024,44,True,False,True
B00420,2024-09-02,Tournée 2024,44,True,False,True
B00421,2024-10-12,Tournée 2024,44,True,False,True
B00422,2024-09-26,Tournée 2024,44,False,False,False
B00423,2024-09-04,Tournée 2024,44,True,False,True
B00424,2024-09-09,Tournée 2024,44,False,True,False
B00425,2024-08-21,Tournée 2024,44,False,True,False
B00426,2024-10-14,Tournée 2024,44,True,False,True
B00427,2024-08-30,Tournée 2024,44,False,False,False
B00428,2024-08-16,Tournée 2024,44,True,False,True
B00429,2024-09-02,Tournée 2024,44,True,False,True
B00430,2024-10-07,Tournée 2024,44,False,False,False
B00431,2024-10-19,Tournée 2024,44,True,False,True
B00432,2024-10-15,Tournée 2024,44,True,False,True
B00433,2024-10-06,Tournée 2024,44,False,True,False
B00434,2024-09-08,Tournée 2024,35,True,False,True
B00435,2024-10-12,Tournée 2024,44,True,True,True
B00436,2024-08-16,Tournée 2024,44,True,False,True
B00437,2024-09-08,Tournée 2024,44,True,False,True
B00438,2024-09-22,Tournée 2024,34,False,False,False
B00439,2024-09-12,Tournée 2024,BE,False,False,False
B00440,2024-10-12,Tournée 2024,34,False,True,False
B00441,2024-08-30,Tournée 2024,BE,True,False,True
B00442,2024-10-17,Tournée 2024,44,False,False,False
B00443,2024-10-13,Tournée 2024,44,True,False,True
B00444,2024-09-19,Tournée 2024,44,True,False,True
B00445,2024-09-02,Tournée 2024,BE,False,True,False
B00446,2024-09-05,Tournée 2024,44,True,False,True
B00447,2024-08-31,Tournée 2024,44,True,False,True
B00448,2024-08-26,Tournée 2024,44,False,False,False
B00449,2024-10-11,Tournée 2024,13,True,True,True
B00450,2024-08-14,Tournée 2024,44,True,False,True
B00451,2024-10-03,Tournée 2024,44,False,False,False
B00452,2024-10-05,Tournée 2024,44,False,False,False
B00453,2024-08-20,Tournée 2024,44,True,False,True
B00454,2024-09-11,Tournée 2024,44,True,True,True
B00455,2024-09-12,Tournée 2024,44,False,False,False
B00456,2024-09-05,Tournée 2024,35,False,True,False
B00457,2024-09-12,Tournée 2024,44,True,False,True
B00458,2024-10-17,Tournée 2024,44,False,False,False
B00459,2024-09-04,Tournée 2024,44,False,False,False
B00460,2024-10-01,Tournée 2024,44,True,True,True
B00461,2024-08-26,Tournée 2024,44,True,True,True
B00462,2024-09-25,Tournée 2024,44,True,False,True
B00463,2024-10-14,Tournée 2024,44,True,False,True
B00464,2024-09-23,Tournée 2024,33,True,False,True
B00465,2024-09-03,Tournée 2024,44,False,False,False
B00466,2024-10-02,Tournée 2024,44,False,True,False
B00467,2024-09-19,Tournée 2024,44,True,False,True
B00468,2024-09-13,Tournée 2024,44,True,False,True
B00469,2024-09-13,Tournée 2024,44,True,True,True
B00470,2024-10-16,Tournée 2024,34,False,False,False
B00471,2024-09-04,Tournée 2024,44,True,True,True
B00472,2024-09-23,Tournée 2024,44,True,True,True
B00473,2024-09-22,Tournée 2024,44,True,False,True
B00474,2024-08-14,Tournée 2024,44,True,False,True
B00475,2024-09-07,Tournée 2024,44,False,False,False
B00476,2024-09-01,Tournée 2024,44,False,True,False
B00477,2024-10-16,Tournée 2024,44,False,False,False
B00478,2024-08-23,Tournée 2024,BE,True,False,True
B00479,2024-09-19,Tournée 2024,34,True,False,True
B00480,2024-08-20,Tournée 2024,59,True,False,True
B00481,2024-10-02,Tournée 2024,59,True,False,True
B00482,2024-09-23,Tournée 2024,59,False,False,False
B00483,2024-08-22,Tournée 2024,59,True,True,True
B00484,2024-09-02,Tournée 2024,59,False,False,False
B00485,2024-10-21,Tournée 2024,59,True,False,True
B00486,2024-10-25,Tournée 2024,34,True,False,True
B00487,2024-08-20,Tournée 2024,59,False,False,False
B00488,2024-08-31,Tournée 2024,59,False,True,False
B00489,2024-10-23,Tournée 2024,59,True,False,True
B00490,2024-09-20,Tournée 2024,59,False,True,False
B00491,2024-09-13,Tournée 2024,59,False,False,False
B00492,2024-08-31,Tournée 2024,59,False,False,False
B00493,2024-10-22,Tournée 2024,59,True,False,True
B00494,2024-08-22,Tournée 2024,59,True,False,True
B00495,2024-10-08,Tournée 2024,59,True,True,True
B00496,2024-10-06,Tournée 2024,59,True,False,True
B00497,2024-09-26,Tournée 2024,59,False,False,False
B00498,2024-10-11,Tournée 2024,59,False,False,False
B00499,2024-10-04,Tournée 2024,59,True,False,True
B00500,2024-08-30,Tournée 2024,59,False,True,False
B00501,2024-09-04,Tournée 2024,59,True,False,True
B00502,2024-09-10,Tournée 2024,59,False,False,False
B00503,2024-09-28,Tournée 2024,59,False,True,False
B00504,2024-09-21,Tournée 2024,59,False,True,False
B00505,2024-10-09,Tournée 2024,59,True,True,True
B00506,2024-10-13,Tournée 2024,59,True,False,True
B00507,2024-09-26,Tournée 2024,59,True,False,True
B00508,2024-10-02,Tournée 2024,59,False,False,False
B00509,2024-10-21,Tournée 2024,67,True,False,True
B00510,2024-09-27,Tournée 2024,59,True,False,True
B00511,2024-10-26,Tournée 2024,69,True,False,True
B00512,2024-09-25,Tournée 2024,59,True,True,True
B00513,2024-08-19,Tournée 2024,59,True,False,True
B00514,2024-08-31,Tournée 2024,33,False,False,False
B00515,2024-08-28,Tournée 2024,59,True,True,True
B00516,2024-08-28,Tournée 2024,59,True,False,True
B00517,2024-09-14,Tournée 2024,59,False,False,False
B00518,2024-10-12,Tournée 2024,59,True,False,True
B00519,2024-09-05,Tournée 2024,59,True,True,True
B00520,2024-09-16,Tournée 2024,59,False,True,False
B00521,2024-08-26,Tournée 2024,59,True,False,True
B00522,2024-10-03,Tournée 2024,59,True,False,True
B00523,2024-09-14,Tournée 2024,44,False,True,False
B00524,2024-08-18,Tournée 2024,59,True,False,True
B00525,2024-08-26,Tournée 2024,59,True,False,True
B00526,2024-09-28,Tournée 2024,59,True,False,True
B00527,2024-10-20,Tournée 2024,59,True,True,True
B00528,2024-10-03,Tournée 2024,59,False,False,False
B00529,2024-10-03,Tournée 2024,BE,True,True,True
B00530,2024-08-21,Tournée 2024,59,False,False,False
B00531,2024-09-29,Tournée 2024,59,True,False,True
B00532,2024-09-12,Tournée 2024,59,False,True,False
B00533,2024-10-03,Tournée 2024,59,True,True,True
B00534,2024-08-21,Tournée 2024,59,False,False,False
B00535,2024-09-13,Tournée 2024,59,True,True,True
B00536,2024-10-05,Tournée 2024,59,False,False,False
B00537,2024-10-19,Tournée 2024,59,False,False,False
B00538,2024-10-17,Tournée 2024,59,False,False,False
B00539,2024-09-04,Tournée 2024,59,True,True,True
B00540,2024-09-09,Tournée 2024,59,False,False,False
B00541,2024-10-18,Tournée 2024,13,True,False,True
B00542,2024-09-25,Tournée 2024,59,True,False,True
B00543,2024-09-14,Tournée 2024,44,True,False,True
B00544,2024-09-17,Tournée 2024,59,True,False,True
B00545,2024-10-11,Tournée 2024,34,False,False,False
B00546,2024-08-24,Tournée 2024,59,False,False,False
B00547,2024-09-05,Tournée 2024,59,True,False,True
B00548,2024-09-17,Tournée 2024,59,True,False,True
B00549,2024-10-07,Tournée 2024,34,True,True,True
B00550,2024-08-20,Tournée 2024,59,True,False,True
B00551,2024-08-18,Tournée 2024,69,True,False,True
B00552,2024-10-09,Tournée 2024,59,False,False,False
B00553,2024-08-19,Tournée 2024,59,False,False,False
B00554,2024-08-27,Tournée 2024,59,True,False,True
B00555,2024-09-01,Tournée 2024,59,True,False,True
B00556,2024-09-05,Tournée 2024,59,True,False,True
B00557,2024-10-23,Tournée 2024,75,False,False,False
B00558,2024-10-11,Tournée 2024,59,True,False,True
B00559,2024-09-23,Tournée 2024,59,True,True,True
B00560,2024-10-19,Tournée 2024,59,True,False,True
B00561,2024-09-10,Tournée 2024,59,True,False,True
B00562,2024-10-04,Tournée 2024,59,True,False,True
B00563,2024-10-01,Tournée 2024,59,True,False,True
B00564,2024-09-27,Tournée 2024,59,True,False,True
B00565,2024-09-01,Tournée 2024,33,True,False,True
B00566,2024-09-17,Tournée 2024,31,False,True,False
B00567,2024-08-31,Tournée 2024,31,True,False,True
B00568,2024-09-24,Tournée 2024,31,True,True,True
B00569,2024-09-11,Tournée 2024,31,True,False,True
B00570,2024-10-16,Tournée 2024,31,True,False,True
B00571,2024-08-28,Tournée 2024,44,True,False,True
B00572,2024-09-10,Tournée 2024,31,True,False,True
B00573,2024-10-10,Tournée 2024,31,False,False,False
B00574,2024-10-22,Tournée 2024,31,False,False,False
B00575,2024-09-27,Tournée 2024,BE,True,False,True
B00576,2024-09-15,Tournée 2024,31,False,False,False
B00577,2024-08-30,Tournée 2024,31,False,False,False
B00578,2024-10-17,Tournée 2024,31,True,False,True
B00579,2024-10-18,Tournée 2024,31,True,True,True
B00580,2024-11-01,Tournée 2024,13,False,True,False
B00581,2024-09-06,Tournée 2024,31,True,False,True
B00582,2024-10-16,Tournée 2024,59,False,False,False
B00583,2024-10-07,Tournée 2024,34,True,True,True
B00584,2024-10-08,Tournée 2024,31,True,False,True
B00585,2024-09-13,Tournée 2024,31,True,False,True
B00586,2024-09-18,Tournée 2024,31,True,False,True
B00587,2024-10-05,Tournée 2024,31,False,True,False
B00588,2024-10-20,Tournée 2024,31,True,False,True
B00589,2024-10-08,Tournée 2024,31,True,False,True
B00590,2024-08-30,Tournée 2024,31,True,True,True
B00591,2024-10-03,Tournée 2024,31,False,False,False
B00592,2024-10-10,Tournée 2024,31,True,False,True
B00593,2024-08-27,Tournée 2024,33,False,False,False
B00594,2024-08-26,Tournée 2024,31,True,False,True
B00595,2024-08-27,Tournée 2024,31,True,False,True
B00596,2024-09-29,Tournée 2024,31,True,False,True
B00597,2024-09-06,Tournée 2024,31,True,False,True
B00598,2024-10-08,Tournée 2024,31,False,False,False
B00599,2024-09-05,Tournée 2024,33,True,False,True
B00600,2024-10-09,Tournée 2024,31,False,False,False
B00601,2024-10-16,Tournée 2024,31,True,False,True
B00602,2024-09-01,Tournée 2024,BE,True,False,True
B00603,2024-11-01,Tournée 2024,31,True,False,True
B00604,2024-10-20,Tournée 2024,31,True,False,True
B00605,2024-10-07,Tournée 2024,31,True,False,True
B00606,2024-10-14,Tournée 2024,BE,False,False,False
B00607,2024-10-27,Tournée 2024,31,True,False,True
B00608,2024-10-07,Tournée 2024,31,True,False,True
B00609,2024-08-27,Tournée 2024,31,True,False,True
B00610,2024-10-24,Tournée 2024,33,True,False,True
B00611,2024-10-03,Tournée 2024,31,True,False,True
B00612,2024-09-15,Tournée 2024,59,True,False,True
B00613,2024-08-29,Tournée 2024,31,True,False,True
B00614,2024-09-12,Tournée 2024,31,True,False,True
B00615,2024-09-27,Tournée 2024,31,True,False,True
B00616,2024-08-31,Tournée 2024,31,False,False,False
B00617,2024-10-28,Tournée 2024,31,True,False,True
B00618,2024-08-27,Tournée 2024,31,True,False,True
B00619,2024-10-16,Tournée 2024,BE,True,True,True
B00620,2024-08-30,Tournée 2024,31,True,True,True
B00621,2024-09-16,Tournée 2024,33,True,False,True
B00622,2024-09-22,Tournée 2024,31,False,True,False
B00623,2024-09-04,Tournée 2024,31,False,True,False
B00624,2024-10-06,Tournée 2024,31,True,False,True
B00625,2024-08-28,Tournée 2024,69,True,False,True
B00626,2024-10-25,Tournée 2024,31,True,False,True
B00627,2024-09-15,Tournée 2024,31,True,False,True
B00628,2024-10-06,Tournée 2024,31,True,False,True
B00629,2024-08-29,Tournée 2024,31,True,False,True
B00630,2024-09-08,Tournée 2024,44,True,False,True
B00631,2024-10-08,Tournée 2024,31,True,False,True
B00632,2024-10-24,Tournée 2024,31,False,True,False
B00633,2024-10-17,Tournée 2024,31,True,False,True
B00634,2024-10-29,Tournée 2024,31,False,False,False
B00635,2024-09-14,Tournée 2024,31,True,False,True
B00636,2024-09-14,Tournée 2024,35,False,False,False
B00637,2024-09-29,Tournée 2024,31,False,False,False
B00638,2024-09-26,Tournée 2024,31,True,False,True
B00639,2024-09-18,Tournée 2024,31,False,False,False
B00640,2024-10-05,Tournée 2024,31,True,True,True
B00641,2024-10-27,Tournée 2024,31,True,False,True
B00642,2024-10-20,Tournée 2024,31,False,False,False
B00643,2024-10-24,Tournée 2024,31,True,True,True
B00644,2024-09-03,Tournée 2024,31,True,False,True
B00645,2024-09-16,Tournée 2024,31,False,True,False
B00646,2024-09-16,Tournée 2024,31,True,False,True
B00647,2024-09-03,Tournée 2024,31,True,True,True
B00648,2024-10-01,Tournée 2024,31,True,True,True
B00649,2024-09-28,Tournée 2024,31,True,False,True
B00650,2024-10-28,Tournée 2024,31,False,False,False
B00651,2024-10-08,Tournée 2024,31,False,False,False
B00652,2024-10-16,Tournée 2024,31,True,False,True
B00653,2024-10-04,Tournée 2024,31,False,False,False
B00654,2024-09-03,Tournée 2024,31,False,False,False
B00655,2024-10-29,Tournée 2024,31,True,False,True
B00656,2024-09-19,Tournée 2024,31,True,False,True
B00657,2024-11-02,Tournée 2024,31,True,False,True
B00658,2024-08-25,Tournée 2024,75,True,False,True
B00659,2024-10-17,Tournée 2024,31,True,False,True
B00660,2024-10-21,Tournée 2024,31,False,False,False
B00661,2024-08-29,Tournée 2024,31,True,False,True
B00662,2024-10-09,Tournée 2024,31,True,False,True
B00663,2024-10-09,Tournée 2024,31,True,False,True
B00664,2024-09-25,Tournée 2024,44,True,False,True
B00665,2024-09-19,Tournée 2024,31,False,False,False
B00666,2024-10-22,Tournée 2024,31,True,False,True
B00667,2024-08-30,Tournée 2024,31,True,False,True
B00668,2024-09-17,Tournée 2024,31,True,False,True
B00669,2024-09-13,Tournée 2024,34,False,False,False
B00670,2024-09-06,Tournée 2024,31,True,False,True
B00671,2024-11-02,Tournée 2024,31,True,False,True
B00672,2024-10-15,Tournée 2024,31,False,False,False
B00673,2024-09-13,Tournée 2024,31,True,False,True
B00674,2024-09-10,Tournée 2024,31,False,False,False
B00675,2024-09-28,Tournée 2024,31,False,False,False
B00676,2024-10-11,Tournée 2024,31,False,False,False
B00677,2024-10-19,Tournée 2024,31,True,False,True
B00678,2024-09-17,Tournée 2024,31,True,False,True
B00679,2024-09-13,Tournée 2024,31,False,False,False
B00680,2024-10-13,Tournée 2024,31,True,False,True
B00681,2024-10-01,Tournée 2024,BE,True,False,True
B00682,2024-10-12,Tournée 2024,31,True,False,True
B00683,2024-08-31,Tournée 2024,31,False,False,False
B00684,2024-10-19,Tournée 2024,31,True,True,True
B00685,2024-10-06,Tournée 2024,31,False,False,False
B00686,2024-11-02,Tournée 2024,31,False,False,False
B00687,2024-10-22,Tournée 2024,67,True,False,True
B00688,2024-09-20,Tournée 2024,31,True,False,True
B00689,2024-10-08,Tournée 2024,31,True,False,True
B00690,2024-10-07,Tournée 2024,BE,False,True,False
B00691,2024-09-04,Tournée 2024,31,True,False,True
B00692,2024-10-11,Tournée 2024,31,False,False,False
B00693,2024-09-06,Tournée 2024,35,True,False,True
B00694,2024-09-04,Tournée 2024,31,False,True,False
B00695,2024-09-19,Tournée 2024,31,False,False,False
B00696,2024-09-06,Tournée 2024,31,False,False,False
B00697,2024-10-08,Tournée 2024,31,True,False,True
B00698,2024-09-07,Tournée 2024,31,False,False,False
B00699,2024-08-26,Tournée 2024,31,True,False,True
B00700,2024-09-19,Tournée 2024,31,True,False,True
B00701,2024-10-18,Tournée 2024,31,True,False,True
B00702,2024-10-10,Tournée 2024,44,False,False,False
B00703,2024-09-14,Tournée 2024,59,False,False,False
B00704,2024-10-16,Tournée 2024,31,False,False,False
B00705,2024-10-02,Tournée 2024,31,False,False,False
B00706,2024-10-03,Tournée 2024,31,True,False,True
B00707,2024-10-29,Tournée 2024,31,True,False,True
B00708,2024-09-27,Tournée 2024,31,False,False,False
B00709,2026-06-02,Tournée ORBITE,75,True,False,False
B00710,2026-06-02,Tournée ORBITE,75,False,True,False
B00711,2026-06-02,Tournée ORBITE,75,True,False,True
B00712,2026-06-02,Tournée ORBITE,75,False,False,False
B00713,2026-06-02,Tournée ORBITE,75,False,False,False
B00714,2026-06-02,Tournée ORBITE,75,False,False,False
B00715,2026-06-02,Tournée ORBITE,35,False,True,False
B00716,2026-06-02,Tournée ORBITE,75,True,False,False
B00717,2026-06-02,Tournée ORBITE,75,True,False,True
B00718,2026-06-02,Tournée ORBITE,75,True,True,False
B00719,2026-06-02,Tournée ORBITE,75,False,False,False
B00720,2026-06-02,Tournée ORBITE,75,True,False,False
B00721,2026-06-02,Tournée ORBITE,75,True,False,False
B00722,2026-06-02,Tournée ORBITE,75,True,False,True
B00723,2026-06-02,Tournée ORBITE,44,True,False,False
B00724,2026-06-02,Tournée ORBITE,75,True,False,False
B00725,2026-06-02,Tournée ORBITE,75,True,True,False
B00726,2026-06-02,Tournée ORBITE,75,True,False,False
B00727,2026-06-02,Tournée ORBITE,75,True,False,False
B00728,2026-06-02,Tournée ORBITE,75,False,False,False
B00729,2026-06-02,Tournée ORBITE,75,True,True,True
B00730,2026-06-02,Tournée ORBITE,34,True,True,False
B00731,2026-06-02,Tournée ORBITE,75,True,False,False
B00732,2026-06-02,Tournée ORBITE,75,False,False,False
B00733,2026-06-02,Tournée ORBITE,35,True,False,True
B00734,2026-06-02,Tournée ORBITE,75,False,False,False
B00735,2026-06-02,Tournée ORBITE,BE,True,False,False
B00736,2026-06-02,Tournée ORBITE,75,True,False,False
B00737,2026-06-02,Tournée ORBITE,31,True,False,True
B00738,2026-06-02,Tournée ORBITE,44,True,False,True
B00739,2026-06-02,Tournée ORBITE,75,True,True,False
B00740,2026-06-02,Tournée ORBITE,75,True,False,True
B00741,2026-06-02,Tournée ORBITE,75,False,False,False
B00742,2026-06-02,Tournée ORBITE,75,True,True,False
B00743,2026-06-02,Tournée ORBITE,59,True,False,False
B00744,2026-06-02,Tournée ORBITE,75,False,False,False
B00745,2026-06-02,Tournée ORBITE,35,True,True,False
B00746,2026-06-02,Tournée ORBITE,75,True,True,False
B00747,2026-06-02,Tournée ORBITE,75,True,False,True
B00748,2026-06-02,Tournée ORBITE,75,False,False,False
B00749,2026-06-02,Tournée ORBITE,75,True,False,False
B00750,2026-06-02,Tournée ORBITE,75,True,True,True
B00751,2026-06-02,Tournée ORBITE,44,True,False,True
B00752,2026-06-02,Tournée ORBITE,59,False,False,False
B00753,2026-06-03,Tournée ORBITE,75,False,False,False
B00754,2026-06-03,Tournée ORBITE,75,True,True,False
B00755,2026-06-03,Tournée ORBITE,35,False,False,False
B00756,2026-06-03,Tournée ORBITE,75,True,False,False
B00757,2026-06-03,Tournée ORBITE,44,False,False,False
B00758,2026-06-03,Tournée ORBITE,75,True,False,False
B00759,2026-06-03,Tournée ORBITE,69,True,True,False
B00760,2026-06-03,Tournée ORBITE,75,False,False,False
B00761,2026-06-03,Tournée ORBITE,75,True,False,False
B00762,2026-06-03,Tournée ORBITE,75,False,False,False
B00763,2026-06-03,Tournée ORBITE,75,True,True,False
B00764,2026-06-03,Tournée ORBITE,75,True,False,True
B00765,2026-06-03,Tournée ORBITE,75,True,True,False
B00766,2026-06-03,Tournée ORBITE,35,True,False,False
B00767,2026-06-03,Tournée ORBITE,59,True,False,False
B00768,2026-06-03,Tournée ORBITE,75,True,False,True
B00769,2026-06-03,Tournée ORBITE,69,True,True,False
B00770,2026-06-03,Tournée ORBITE,75,True,False,False
B00771,2026-06-03,Tournée ORBITE,75,True,False,False
B00772,2026-06-03,Tournée ORBITE,75,True,False,False
B00773,2026-06-03,Tournée ORBITE,75,True,True,False
B00774,2026-06-03,Tournée ORBITE,75,True,False,True
B00775,2026-06-03,Tournée ORBITE,75,False,False,False
B00776,2026-06-03,Tournée ORBITE,75,True,True,False
B00777,2026-06-03,Tournée ORBITE,75,True,False,True
B00778,2026-06-03,Tournée ORBITE,75,True,False,False
B00779,2026-06-03,Tournée ORBITE,75,True,False,True
B00780,2026-06-03,Tournée ORBITE,34,True,False,False
B00781,2026-06-03,Tournée ORBITE,75,False,False,False
B00782,2026-06-03,Tournée ORBITE,67,False,True,False
B00783,2026-06-03,Tournée ORBITE,35,False,True,False
B00784,2026-06-03,Tournée ORBITE,75,True,True,True
B00785,2026-06-03,Tournée ORBITE,75,True,True,False
B00786,2026-06-03,Tournée ORBITE,75,True,False,False
B00787,2026-06-03,Tournée ORBITE,75,True,True,False
B00788,2026-06-03,Tournée ORBITE,13,True,True,False
B00789,2026-06-03,Tournée ORBITE,67,True,False,False
B00790,2026-06-03,Tournée ORBITE,75,False,False,False
B00791,2026-06-03,Tournée ORBITE,75,False,False,False
B00792,2026-06-03,Tournée ORBITE,75,True,False,True
B00793,2026-06-03,Tournée ORBITE,75,True,False,False
B00794,2026-06-03,Tournée ORBITE,75,True,False,False
B00795,2026-06-03,Tournée ORBITE,13,True,False,False
B00796,2026-06-03,Tournée ORBITE,75,False,False,False
B00797,2026-06-04,Tournée ORBITE,75,True,False,False
B00798,2026-06-04,Tournée ORBITE,BE,False,False,False
B00799,2026-06-04,Tournée ORBITE,75,True,False,True
B00800,2026-06-04,Tournée ORBITE,75,True,False,True
B00801,2026-06-04,Tournée ORBITE,75,True,False,False
B00802,2026-06-04,Tournée ORBITE,75,False,True,False
B00803,2026-06-04,Tournée ORBITE,67,True,False,False
B00804,2026-06-04,Tournée ORBITE,75,True,False,False
B00805,2026-06-04,Tournée ORBITE,75,True,False,False
B00806,2026-06-04,Tournée ORBITE,31,True,True,False
B00807,2026-06-04,Tournée ORBITE,75,True,False,True
B00808,2026-06-04,Tournée ORBITE,75,True,False,False
B00809,2026-06-04,Tournée ORBITE,35,True,False,True
B00810,2026-06-04,Tournée ORBITE,75,False,False,False
B00811,2026-06-04,Tournée ORBITE,75,True,False,False
B00812,2026-06-04,Tournée ORBITE,75,True,False,False
B00813,2026-06-04,Tournée ORBITE,75,True,True,False
B00814,2026-06-04,Tournée ORBITE,75,True,True,True
B00815,2026-06-04,Tournée ORBITE,75,True,False,False
B00816,2026-06-04,Tournée ORBITE,67,False,True,False
B00817,2026-06-04,Tournée ORBITE,75,False,False,False
B00818,2026-06-04,Tournée ORBITE,75,True,False,False
B00819,2026-06-04,Tournée ORBITE,34,False,False,False
B00820,2026-06-04,Tournée ORBITE,75,False,True,False
B00821,2026-06-04,Tournée ORBITE,75,False,False,False
B00822,2026-06-04,Tournée ORBITE,75,False,False,False
B00823,2026-06-04,Tournée ORBITE,75,False,False,False
B00824,2026-06-04,Tournée ORBITE,75,True,False,False
B00825,2026-06-05,Tournée ORBITE,75,True,False,True
B00826,2026-06-05,Tournée ORBITE,35,True,False,False
B00827,2026-06-05,Tournée ORBITE,75,True,False,False
B00828,2026-06-05,Tournée ORBITE,75,True,False,False
B00829,2026-06-05,Tournée ORBITE,75,True,False,False
B00830,2026-06-05,Tournée ORBITE,75,False,False,False
B00831,2026-06-05,Tournée ORBITE,75,True,True,True
B00832,2026-06-05,Tournée ORBITE,75,False,False,False
B00833,2026-06-05,Tournée ORBITE,75,True,False,True
B00834,2026-06-05,Tournée ORBITE,34,True,False,False
B00835,2026-06-05,Tournée ORBITE,75,False,False,False
B00836,2026-06-05,Tournée ORBITE,75,True,True,True
B00837,2026-06-05,Tournée ORBITE,75,True,False,True
B00838,2026-06-05,Tournée ORBITE,75,False,False,False
B00839,2026-06-05,Tournée ORBITE,75,False,False,False
B00840,2026-06-05,Tournée ORBITE,75,False,False,False
B00841,2026-06-05,Tournée ORBITE,75,True,True,True
B00842,2026-06-05,Tournée ORBITE,35,False,False,False
B00843,2026-06-05,Tournée ORBITE,59,True,False,False
B00844,2026-06-05,Tournée ORBITE,75,False,False,False
B00845,2026-06-05,Tournée ORBITE,75,True,False,False
B00846,2026-06-05,Tournée ORBITE,75,True,False,False
B00847,2026-06-05,Tournée ORBITE,75,False,False,False
B00848,2026-06-06,Tournée ORBITE,75,True,False,False
B00849,2026-06-06,Tournée ORBITE,75,False,False,False
B00850,2026-06-06,Tournée ORBITE,75,False,True,False
B00851,2026-06-06,Tournée ORBITE,75,True,True,False
B00852,2026-06-06,Tournée ORBITE,75,False,False,False
B00853,2026-06-06,Tournée ORBITE,75,True,False,True
B00854,2026-06-06,Tournée ORBITE,75,True,False,True
B00855,2026-06-06,Tournée ORBITE,75,True,False,False
B00856,2026-06-06,Tournée ORBITE,75,False,False,False
B00857,2026-06-06,Tournée ORBITE,34,True,False,False
B00858,2026-06-06,Tournée ORBITE,75,True,False,True
B00859,2026-06-06,Tournée ORBITE,75,True,False,True
B00860,2026-06-06,Tournée ORBITE,75,False,False,False
B00861,2026-06-06,Tournée ORBITE,75,False,False,False
B00862,2026-06-06,Tournée ORBITE,75,False,False,False
B00863,2026-06-06,Tournée ORBITE,69,True,False,True
B00864,2026-06-06,Tournée ORBITE,75,True,False,True
B00865,2026-06-06,Tournée ORBITE,75,False,True,False
B00866,2026-06-06,Tournée ORBITE,75,True,False,True
B00867,2026-06-07,Tournée ORBITE,75,False,True,False
B00868,2026-06-07,Tournée ORBITE,75,False,False,False
B00869,2026-06-07,Tournée ORBITE,75,False,False,False
B00870,2026-06-07,Tournée ORBITE,75,False,False,False
B00871,2026-06-07,Tournée ORBITE,75,True,False,True
B00872,2026-06-07,Tournée ORBITE,59,True,True,True
B00873,2026-06-07,Tournée ORBITE,59,True,False,False
B00874,2026-06-07,Tournée ORBITE,75,False,False,False
B00875,2026-06-07,Tournée ORBITE,75,True,False,False
B00876,2026-06-07,Tournée ORBITE,75,True,False,True
B00877,2026-06-07,Tournée ORBITE,75,True,False,True
B00878,2026-06-07,Tournée ORBITE,75,False,False,False
B00879,2026-06-07,Tournée ORBITE,31,True,False,True
B00880,2026-06-07,Tournée ORBITE,75,False,True,False
B00881,2026-06-07,Tournée ORBITE,75,False,False,False
B00882,2026-06-07,Tournée ORBITE,75,False,False,False
B00883,2026-06-07,Tournée ORBITE,75,True,False,False
B00884,2026-06-07,Tournée ORBITE,75,True,False,False
B00885,2026-06-08,Tournée ORBITE,BE,False,True,False
B00886,2026-06-08,Tournée ORBITE,69,True,False,True
B00887,2026-06-08,Tournée ORBITE,75,True,False,False
B00888,2026-06-08,Tournée ORBITE,13,True,False,True
B00889,2026-06-08,Tournée ORBITE,75,False,False,False
B00890,2026-06-08,Tournée ORBITE,75,True,False,True
B00891,2026-06-08,Tournée ORBITE,BE,False,False,False
B00892,2026-06-08,Tournée ORBITE,75,True,True,True
B00893,2026-06-08,Tournée ORBITE,75,True,False,True
B00894,2026-06-08,Tournée ORBITE,75,False,False,False
B00895,2026-06-08,Tournée ORBITE,34,False,False,False
B00896,2026-06-08,Tournée ORBITE,75,False,False,False
B00897,2026-06-08,Tournée ORBITE,75,False,False,False
B00898,2026-06-08,Tournée ORBITE,75,True,False,False
B00899,2026-06-08,Tournée ORBITE,13,True,True,True
B00900,2026-06-08,Tournée ORBITE,75,True,False,False
B00901,2026-06-08,Tournée ORBITE,67,True,False,True
B00902,2026-06-08,Tournée ORBITE,33,True,False,False
B00903,2026-06-08,Tournée ORBITE,75,True,False,False
B00904,2026-06-08,Tournée ORBITE,75,True,True,False
B00905,2026-06-08,Tournée ORBITE,75,True,True,False
B00906,2026-06-08,Tournée ORBITE,75,True,False,False
B00907,2026-06-08,Tournée ORBITE,75,True,True,False
B00908,2026-06-08,Tournée ORBITE,75,False,False,False
B00909,2026-06-08,Tournée ORBITE,75,True,False,False
B00910,2026-06-08,Tournée ORBITE,75,False,False,False
B00911,2026-06-08,Tournée ORBITE,75,True,False,True
B00912,2026-06-09,Tournée ORBITE,75,True,True,True
B00913,2026-06-09,Tournée ORBITE,75,False,False,False
B00914,2026-06-09,Tournée ORBITE,75,False,True,False
B00915,2026-06-09,Tournée ORBITE,75,True,False,True
B00916,2026-06-09,Tournée ORBITE,75,True,False,True
B00917,2026-06-09,Tournée ORBITE,75,False,False,False
B00918,2026-06-09,Tournée ORBITE,75,False,False,False
B00919,2026-06-09,Tournée ORBITE,13,False,True,False
B00920,2026-06-09,Tournée ORBITE,31,True,True,False
B00921,2026-06-09,Tournée ORBITE,75,True,False,True
B00922,2026-06-09,Tournée ORBITE,75,True,False,False
B00923,2026-06-09,Tournée ORBITE,75,True,False,False
B00924,2026-06-10,Tournée ORBITE,59,True,True,True
B00925,2026-06-10,Tournée ORBITE,75,False,False,False
B00926,2026-06-10,Tournée ORBITE,75,False,False,False
B00927,2026-06-10,Tournée ORBITE,75,False,False,False
B00928,2026-06-10,Tournée ORBITE,35,False,False,False
B00929,2026-06-10,Tournée ORBITE,75,False,True,False
B00930,2026-06-10,Tournée ORBITE,75,False,False,False
B00931,2026-06-10,Tournée ORBITE,75,True,False,False
B00932,2026-06-10,Tournée ORBITE,13,True,False,True
B00933,2026-06-10,Tournée ORBITE,75,True,True,False
B00934,2026-06-11,Tournée ORBITE,67,True,False,True
B00935,2026-06-11,Tournée ORBITE,75,False,False,False
B00936,2026-06-11,Tournée ORBITE,75,True,False,False
B00937,2026-06-11,Tournée ORBITE,31,True,False,False
B00938,2026-06-11,Tournée ORBITE,BE,True,False,False
B00939,2026-06-11,Tournée ORBITE,34,True,False,False
B00940,2026-06-11,Tournée ORBITE,75,False,False,False
B00941,2026-06-11,Tournée ORBITE,75,True,False,False
B00942,2026-06-11,Tournée ORBITE,75,True,False,False
B00943,2026-06-11,Tournée ORBITE,75,False,False,False
B00944,2026-06-11,Tournée ORBITE,75,True,False,True
B00945,2026-06-11,Tournée ORBITE,34,False,False,False
B00946,2026-06-11,Tournée ORBITE,75,True,False,True
B00947,2026-06-12,Tournée ORBITE,34,True,True,False
B00948,2026-06-12,Tournée ORBITE,44,True,False,False
B00949,2026-06-12,Tournée ORBITE,44,False,False,False
B00950,2026-06-12,Tournée ORBITE,69,False,False,False
B00951,2026-06-12,Tournée ORBITE,75,True,False,False
B00952,2026-06-12,Tournée ORBITE,75,False,False,False
B00953,2026-06-12,Tournée ORBITE,75,True,True,False
B00954,2026-06-12,Tournée ORBITE,75,True,False,False
B00955,2026-06-12,Tournée ORBITE,75,True,False,False
B00956,2026-06-12,Tournée ORBITE,75,True,False,False
B00957,2026-06-12,Tournée ORBITE,75,True,False,True
B00958,2026-06-12,Tournée ORBITE,75,True,False,False
B00959,2026-06-12,Tournée ORBITE,33,True,True,False
B00960,2026-06-12,Tournée ORBITE,44,True,True,False
B00961,2026-06-13,Tournée ORBITE,75,False,True,False
B00962,2026-06-13,Tournée ORBITE,13,False,False,False
B00963,2026-06-13,Tournée ORBITE,44,False,False,False
B00964,2026-06-13,Tournée ORBITE,67,False,True,False
B00965,2026-06-13,Tournée ORBITE,75,False,False,False
B00966,2026-06-14,Tournée ORBITE,75,True,False,False
B00967,2026-06-14,Tournée ORBITE,75,True,True,False
B00968,2026-06-14,Tournée ORBITE,75,True,True,False
B00969,2026-06-14,Tournée ORBITE,75,True,False,True
B00970,2026-06-14,Tournée ORBITE,69,True,False,True
B00971,2026-06-14,Tournée ORBITE,35,True,False,True
B00972,2026-06-14,Tournée ORBITE,34,True,True,False
B00973,2026-06-14,Tournée ORBITE,67,True,False,False
B00974,2026-06-14,Tournée ORBITE,69,True,False,True
B00975,2026-06-14,Tournée ORBITE,75,False,False,False
B00976,2026-06-14,Tournée ORBITE,75,False,True,False
B00977,2026-06-15,Tournée ORBITE,75,True,False,False
B00978,2026-06-15,Tournée ORBITE,75,True,False,False
B00979,2026-06-15,Tournée ORBITE,13,True,False,True
B00980,2026-06-15,Tournée ORBITE,75,True,True,False
B00981,2026-06-15,Tournée ORBITE,75,True,True,True
B00982,2026-06-16,Tournée ORBITE,44,False,False,False
B00983,2026-06-16,Tournée ORBITE,75,True,False,False
B00984,2026-06-17,Tournée ORBITE,75,True,False,True
B00985,2026-06-17,Tournée ORBITE,75,True,False,False
B00986,2026-06-17,Tournée ORBITE,75,False,False,False
B00987,2026-06-18,Tournée ORBITE,75,True,False,False
B00988,2026-06-18,Tournée ORBITE,33,True,False,False
B00989,2026-06-18,Tournée ORBITE,75,True,False,True
B00990,2026-06-18,Tournée ORBITE,75,True,True,True
B00991,2026-06-18,Tournée ORBITE,67,True,False,False
B00992,2026-06-19,Tournée ORBITE,75,True,False,True
B00993,2026-06-19,Tournée ORBITE,75,True,False,False
B00994,2026-06-19,Tournée ORBITE,75,True,False,False
B00995,2026-06-19,Tournée ORBITE,75,True,False,False
B00996,2026-06-19,Tournée ORBITE,75,True,False,True
B00997,2026-06-19,Tournée ORBITE,75,False,False,False
B00998,2026-06-19,Tournée ORBITE,75,False,False,False
B00999,2026-06-19,Tournée ORBITE,75,False,False,False
B01000,2026-06-19,Tournée ORBITE,75,True,False,True
B01001,2026-06-19,Tournée ORBITE,75,True,False,False
B01002,2026-06-19,Tournée ORBITE,75,True,False,False
B01003,2026-06-20,Tournée ORBITE,75,False,False,False
B01004,2026-06-20,Tournée ORBITE,44,False,True,False
B01005,2026-06-20,Tournée ORBITE,75,True,False,False
B01006,2026-06-20,Tournée ORBITE,75,True,False,False
B01007,2026-06-20,Tournée ORBITE,75,True,False,False
B01008,2026-06-20,Tournée ORBITE,31,True,True,True
B01009,2026-06-21,Tournée ORBITE,75,True,True,True
B01010,2026-06-21,Tournée ORBITE,75,False,True,False
B01011,2026-06-22,Tournée ORBITE,75,False,True,False
B01012,2026-06-22,Tournée ORBITE,75,False,False,False
B01013,2026-06-22,Tournée ORBITE,75,True,False,False
B01014,2026-06-22,Tournée ORBITE,75,True,False,False
B01015,2026-06-22,Tournée ORBITE,75,True,False,True
B01016,2026-06-22,Tournée ORBITE,75,True,True,False
B01017,2026-06-22,Tournée ORBITE,75,True,True,False
B01018,2026-06-22,Tournée ORBITE,75,False,False,False
B01019,2026-06-22,Tournée ORBITE,75,True,False,False
B01020,2026-06-23,Tournée ORBITE,BE,True,False,True
B01021,2026-06-23,Tournée ORBITE,75,True,True,True
B01022,2026-06-23,Tournée ORBITE,75,True,False,False
B01023,2026-06-23,Tournée ORBITE,75,True,False,True
B01024,2026-06-24,Tournée ORBITE,75,True,False,True
B01025,2026-06-24,Tournée ORBITE,75,False,False,False
B01026,2026-06-24,Tournée ORBITE,75,False,False,False
B01027,2026-06-24,Tournée ORBITE,75,True,False,True
B01028,2026-06-24,Tournée ORBITE,75,False,True,False
B01029,2026-06-25,Tournée ORBITE,75,True,False,False
B01030,2026-06-25,Tournée ORBITE,13,True,False,True
B01031,2026-06-25,Tournée ORBITE,34,False,True,False
B01032,2026-06-26,Tournée ORBITE,75,False,False,False
B01033,2026-06-26,Tournée ORBITE,13,True,False,True
B01034,2026-06-27,Tournée ORBITE,13,False,True,False
B01035,2026-06-27,Tournée ORBITE,59,False,False,False
B01036,2026-06-27,Tournée ORBITE,59,True,False,False
B01037,2026-06-27,Tournée ORBITE,67,True,True,False
B01038,2026-06-27,Tournée ORBITE,75,True,False,False
B01039,2026-06-27,Tournée ORBITE,75,True,False,True
B01040,2026-06-27,Tournée ORBITE,33,True,False,True
B01041,2026-06-28,Tournée ORBITE,75,False,False,False
B01042,2026-06-29,Tournée ORBITE,75,True,False,True
B01043,2026-06-29,Tournée ORBITE,75,True,True,False
B01044,2026-06-29,Tournée ORBITE,34,True,False,False
B01045,2026-06-29,Tournée ORBITE,75,True,False,True
B01046,2026-06-29,Tournée ORBITE,75,False,False,False
B01047,2026-06-30,Tournée ORBITE,75,False,False,False
B01048,2026-06-30,Tournée ORBITE,75,True,False,False
B01049,2026-06-30,Tournée ORBITE,75,True,False,False
B01050,2026-06-30,Tournée ORBITE,75,True,False,False
B01051,2026-07-01,Tournée ORBITE,75,False,False,False
B01052,2026-07-01,Tournée ORBITE,35,False,False,False
B01053,2026-07-01,Tournée ORBITE,67,True,False,False
B01054,2026-07-01,Tournée ORBITE,75,True,True,False
B01055,2026-07-01,Tournée ORBITE,67,False,False,False
B01056,2026-07-01,Tournée ORBITE,69,True,False,False
B01057,2026-07-01,Tournée ORBITE,44,True,False,True
B01058,2026-07-01,Tournée ORBITE,59,True,False,False
B01059,2026-07-02,Tournée ORBITE,31,True,True,True
B01060,2026-07-02,Tournée ORBITE,75,True,False,False
B01061,2026-07-02,Tournée ORBITE,75,False,False,False
B01062,2026-07-03,Tournée ORBITE,75,True,False,False
B01063,2026-07-03,Tournée ORBITE,75,True,False,False
B01064,2026-07-03,Tournée ORBITE,75,False,False,False
B01065,2026-07-03,Tournée ORBITE,75,True,False,True
B01066,2026-07-04,Tournée ORBITE,31,True,False,False
B01067,2026-07-04,Tournée ORBITE,75,True,False,True
B01068,2026-07-04,Tournée ORBITE,75,False,False,False
B01069,2026-07-04,Tournée ORBITE,75,True,False,True
B01070,2026-07-05,Tournée ORBITE,75,True,True,False
B01071,2026-07-05,Tournée ORBITE,75,True,False,False
B01072,2026-07-05,Tournée ORBITE,75,True,False,True
B01073,2026-07-06,Tournée ORBITE,75,True,False,False
B01074,2026-07-06,Tournée ORBITE,75,True,False,False
B01075,2026-07-06,Tournée ORBITE,75,False,False,False
B01076,2026-07-06,Tournée ORBITE,75,False,False,False
B01077,2026-07-06,Tournée ORBITE,75,False,False,False
B01078,2026-07-06,Tournée ORBITE,75,True,True,False
B01079,2026-07-07,Tournée ORBITE,75,True,False,True
B01080,2026-07-07,Tournée ORBITE,75,True,True,False
B01081,2026-07-07,Tournée ORBITE,75,True,False,False
B01082,2026-07-07,Tournée ORBITE,75,True,True,False
B01083,2026-07-07,Tournée ORBITE,75,False,False,False
B01084,2026-07-07,Tournée ORBITE,75,False,False,False
B01085,2026-07-07,Tournée ORBITE,75,True,False,True
B01086,2026-07-07,Tournée ORBITE,75,True,True,False
B01087,2026-07-08,Tournée ORBITE,75,False,True,False
B01088,2026-07-08,Tournée ORBITE,75,True,True,False
B01089,2026-07-08,Tournée ORBITE,31,False,False,False
B01090,2026-07-08,Tournée ORBITE,75,True,True,False
B01091,2026-07-08,Tournée ORBITE,75,True,False,False
B01092,2026-07-09,Tournée ORBITE,75,False,True,False
B01093,2026-07-09,Tournée ORBITE,13,True,False,True
B01094,2026-07-09,Tournée ORBITE,69,True,False,False
B01095,2026-07-10,Tournée ORBITE,75,True,True,False
B01096,2026-07-10,Tournée ORBITE,75,False,False,False
B01097,2026-07-10,Tournée ORBITE,75,True,False,True
B01098,2026-07-10,Tournée ORBITE,75,False,False,False
B01099,2026-07-10,Tournée ORBITE,75,True,False,False
B01100,2026-07-11,Tournée ORBITE,75,True,True,False
B01101,2026-07-11,Tournée ORBITE,13,True,False,True
B01102,2026-07-11,Tournée ORBITE,75,True,False,False
B01103,2026-07-11,Tournée ORBITE,75,False,False,False
B01104,2026-07-11,Tournée ORBITE,13,False,False,False
B01105,2026-07-12,Tournée ORBITE,69,True,True,True
B01106,2026-07-12,Tournée ORBITE,67,True,False,False
B01107,2026-07-12,Tournée ORBITE,75,True,False,False
B01108,2026-07-12,Tournée ORBITE,75,False,False,False
B01109,2026-07-12,Tournée ORBITE,75,True,False,False
B01110,2026-07-12,Tournée ORBITE,75,True,False,False
B01111,2026-07-12,Tournée ORBITE,75,False,False,False
B01112,2026-07-12,Tournée ORBITE,75,True,False,True
B01113,2026-07-12,Tournée ORBITE,75,False,False,False
B01114,2026-07-12,Tournée ORBITE,75,False,False,False
B01115,2026-07-13,Tournée ORBITE,75,True,False,False
B01116,2026-07-13,Tournée ORBITE,75,True,False,False
B01117,2026-07-13,Tournée ORBITE,BE,True,False,False
B01118,2026-07-13,Tournée ORBITE,75,True,False,False
B01119,2026-07-13,Tournée ORBITE,75,False,True,False
B01120,2026-07-14,Tournée ORBITE,75,True,False,False
B01121,2026-07-14,Tournée ORBITE,75,True,False,False
B01122,2026-07-15,Tournée ORBITE,75,False,False,False
B01123,2026-07-15,Tournée ORBITE,31,True,False,True
B01124,2026-07-15,Tournée ORBITE,75,True,False,False
B01125,2026-07-16,Tournée ORBITE,75,True,False,False
B01126,2026-07-16,Tournée ORBITE,75,False,False,False
B01127,2026-07-16,Tournée ORBITE,BE,True,True,False
B01128,2026-07-16,Tournée ORBITE,75,False,False,False
B01129,2026-07-17,Tournée ORBITE,75,True,False,False
B01130,2026-07-17,Tournée ORBITE,75,True,False,False
B01131,2026-07-17,Tournée ORBITE,75,False,False,False
B01132,2026-07-17,Tournée ORBITE,75,False,False,False
B01133,2026-07-18,Tournée ORBITE,59,True,True,False
B01134,2026-07-18,Tournée ORBITE,75,True,False,False
B01135,2026-07-18,Tournée ORBITE,75,False,False,False
B01136,2026-07-18,Tournée ORBITE,75,False,False,False
B01137,2026-07-19,Tournée ORBITE,75,True,False,False
B01138,2026-07-19,Tournée ORBITE,75,False,True,False
B01139,2026-07-19,Tournée ORBITE,67,True,False,False
B01140,2026-07-19,Tournée ORBITE,75,True,False,True
B01141,2026-07-20,Tournée ORBITE,75,True,False,False
B01142,2026-07-20,Tournée ORBITE,75,False,False,False
B01143,2026-07-20,Tournée ORBITE,33,True,False,False
B01144,2026-07-21,Tournée ORBITE,75,True,True,False
B01145,2026-07-21,Tournée ORBITE,75,True,False,False
B01146,2026-07-21,Tournée ORBITE,75,True,False,True
B01147,2026-07-21,Tournée ORBITE,44,True,False,False
B01148,2026-07-22,Tournée ORBITE,44,True,False,False
B01149,2026-07-22,Tournée ORBITE,75,True,False,False
B01150,2026-07-23,Tournée ORBITE,75,False,False,False
B01151,2026-07-23,Tournée ORBITE,75,False,False,False
B01152,2026-07-23,Tournée ORBITE,75,False,False,False
B01153,2026-07-24,Tournée ORBITE,75,False,False,False
B01154,2026-07-24,Tournée ORBITE,75,True,False,False
B01155,2026-07-24,Tournée ORBITE,75,True,True,False
B01156,2026-07-24,Tournée ORBITE,75,True,False,False
B01157,2026-07-25,Tournée ORBITE,75,False,True,False
B01158,2026-07-25,Tournée ORBITE,75,False,False,False
B01159,2026-07-25,Tournée ORBITE,75,False,True,False
B01160,2026-07-26,Tournée ORBITE,69,True,False,False
B01161,2026-07-26,Tournée ORBITE,75,False,False,False
B01162,2026-07-27,Tournée ORBITE,44,True,True,True
B01163,2026-07-28,Tournée ORBITE,75,False,False,False
B01164,2026-07-28,Tournée ORBITE,75,True,False,True
B01165,2026-07-28,Tournée ORBITE,75,True,False,True
B01166,2026-07-29,Tournée ORBITE,33,True,True,False
B01167,2026-07-29,Tournée ORBITE,75,True,False,False
B01168,2026-07-29,Tournée ORBITE,75,True,False,False
B01169,2026-07-29,Tournée ORBITE,75,False,False,False
B01170,2026-07-30,Tournée ORBITE,75,True,True,False
B01171,2026-07-30,Tournée ORBITE,75,False,False,False
B01172,2026-07-30,Tournée ORBITE,59,True,False,False
B01173,2026-07-30,Tournée ORBITE,75,True,False,False
B01174,2026-07-30,Tournée ORBITE,75,True,True,False
B01175,2026-07-30,Tournée ORBITE,31,False,True,False
B01176,2026-07-30,Tournée ORBITE,75,True,False,True
B01177,2026-07-31,Tournée ORBITE,75,True,False,False
B01178,2026-07-31,Tournée ORBITE,34,False,False,False
B01179,2026-07-31,Tournée ORBITE,75,False,False,False
B01180,2026-07-31,Tournée ORBITE,59,True,False,False
B01181,2026-08-01,Tournée ORBITE,75,False,False,False
B01182,2026-08-01,Tournée ORBITE,75,False,False,False
B01183,2026-08-01,Tournée ORBITE,13,False,False,False
B01184,2026-08-01,Tournée ORBITE,75,True,False,True
B01185,2026-08-01,Tournée ORBITE,35,True,False,False
B01186,2026-08-02,Tournée ORBITE,75,True,False,False
B01187,2026-08-02,Tournée ORBITE,75,False,True,False
B01188,2026-08-02,Tournée ORBITE,75,True,False,True
B01189,2026-08-02,Tournée ORBITE,75,True,False,True
B01190,2026-08-02,Tournée ORBITE,75,False,True,False
B01191,2026-08-02,Tournée ORBITE,75,False,False,False
B01192,2026-08-02,Tournée ORBITE,75,False,False,False
B01193,2026-08-03,Tournée ORBITE,59,True,False,True
B01194,2026-08-03,Tournée ORBITE,75,True,False,True
B01195,2026-08-04,Tournée ORBITE,69,True,False,True
B01196,2026-08-04,Tournée ORBITE,75,True,True,True
B01197,2026-06-02,Tournée ORBITE,69,True,False,False
B01198,2026-06-02,Tournée ORBITE,75,True,False,False
B01199,2026-06-02,Tournée ORBITE,75,True,False,False
B01200,2026-06-02,Tournée ORBITE,75,True,True,True
B01201,2026-06-02,Tournée ORBITE,75,True,False,False
B01202,2026-06-02,Tournée ORBITE,75,False,False,False
B01203,2026-06-02,Tournée ORBITE,75,False,True,False
B01204,2026-06-02,Tournée ORBITE,75,False,False,False
B01205,2026-06-02,Tournée ORBITE,75,True,True,False
B01206,2026-06-02,Tournée ORBITE,75,True,True,False
B01207,2026-06-02,Tournée ORBITE,75,True,False,False
B01208,2026-06-02,Tournée ORBITE,44,True,False,False
B01209,2026-06-02,Tournée ORBITE,75,True,True,False
B01210,2026-06-02,Tournée ORBITE,75,True,False,False
B01211,2026-06-02,Tournée ORBITE,75,True,False,False
B01212,2026-06-02,Tournée ORBITE,75,True,False,False
B01213,2026-06-02,Tournée ORBITE,75,True,False,False
B01214,2026-06-02,Tournée ORBITE,75,True,False,True
B01215,2026-06-02,Tournée ORBITE,69,True,False,True
B01216,2026-06-02,Tournée ORBITE,75,True,False,False
B01217,2026-06-02,Tournée ORBITE,75,False,True,False
B01218,2026-06-02,Tournée ORBITE,75,False,False,False
B01219,2026-06-02,Tournée ORBITE,75,True,False,True
B01220,2026-06-02,Tournée ORBITE,59,True,False,False
B01221,2026-06-02,Tournée ORBITE,31,True,True,True
B01222,2026-06-02,Tournée ORBITE,75,True,False,False
B01223,2026-06-02,Tournée ORBITE,75,False,False,False
B01224,2026-06-02,Tournée ORBITE,75,False,False,False
B01225,2026-06-02,Tournée ORBITE,75,True,False,True
B01226,2026-06-02,Tournée ORBITE,75,True,False,False
B01227,2026-06-02,Tournée ORBITE,69,False,True,False
B01228,2026-06-02,Tournée ORBITE,75,True,False,False
B01229,2026-06-02,Tournée ORBITE,75,True,False,False
B01230,2026-06-02,Tournée ORBITE,75,True,False,False
B01231,2026-06-02,Tournée ORBITE,75,True,True,False
B01232,2026-06-02,Tournée ORBITE,75,True,False,False
B01233,2026-06-02,Tournée ORBITE,75,True,True,True
B01234,2026-06-02,Tournée ORBITE,75,True,False,True
B01235,2026-06-02,Tournée ORBITE,44,True,False,True
B01236,2026-06-02,Tournée ORBITE,34,True,True,False
B01237,2026-06-02,Tournée ORBITE,75,True,False,False
B01238,2026-06-02,Tournée ORBITE,75,True,True,False
B01239,2026-06-02,Tournée ORBITE,75,True,False,False
B01240,2026-06-02,Tournée ORBITE,75,True,False,True
B01241,2026-06-02,Tournée ORBITE,75,True,False,False
B01242,2026-06-02,Tournée ORBITE,75,False,False,False
B01243,2026-06-02,Tournée ORBITE,75,True,False,True
B01244,2026-06-02,Tournée ORBITE,75,True,False,False
B01245,2026-06-02,Tournée ORBITE,75,True,False,True
B01246,2026-06-02,Tournée ORBITE,75,True,False,True
B01247,2026-06-02,Tournée ORBITE,75,True,False,False
B01248,2026-06-02,Tournée ORBITE,75,False,False,False
B01249,2026-06-02,Tournée ORBITE,75,True,True,True
B01250,2026-06-02,Tournée ORBITE,35,True,False,True
B01251,2026-06-02,Tournée ORBITE,75,True,False,True
B01252,2026-06-02,Tournée ORBITE,75,True,False,False
B01253,2026-06-02,Tournée ORBITE,75,True,True,False
B01254,2026-06-02,Tournée ORBITE,75,False,False,False
B01255,2026-06-02,Tournée ORBITE,75,False,True,False
B01256,2026-06-02,Tournée ORBITE,34,False,False,False
B01257,2026-06-02,Tournée ORBITE,75,True,False,False
B01258,2026-06-02,Tournée ORBITE,75,True,True,False
B01259,2026-06-02,Tournée ORBITE,75,False,False,False
B01260,2026-06-02,Tournée ORBITE,33,True,False,False
B01261,2026-06-02,Tournée ORBITE,75,True,True,False
B01262,2026-06-02,Tournée ORBITE,75,True,False,True
B01263,2026-06-02,Tournée ORBITE,75,True,False,True
B01264,2026-06-02,Tournée ORBITE,75,True,False,False
B01265,2026-06-02,Tournée ORBITE,75,False,False,False
B01266,2026-06-03,Tournée ORBITE,75,False,False,False
B01267,2026-06-03,Tournée ORBITE,75,False,False,False
B01268,2026-06-03,Tournée ORBITE,75,False,False,False
B01269,2026-06-03,Tournée ORBITE,75,True,False,False
B01270,2026-06-03,Tournée ORBITE,75,True,False,False
B01271,2026-06-03,Tournée ORBITE,75,False,False,False
B01272,2026-06-03,Tournée ORBITE,75,False,False,False
B01273,2026-06-03,Tournée ORBITE,75,False,True,False
B01274,2026-06-03,Tournée ORBITE,34,False,False,False
B01275,2026-06-03,Tournée ORBITE,75,True,True,False
B01276,2026-06-03,Tournée ORBITE,33,True,False,False
B01277,2026-06-03,Tournée ORBITE,75,False,True,False
B01278,2026-06-03,Tournée ORBITE,75,True,False,False
B01279,2026-06-03,Tournée ORBITE,75,True,False,True
B01280,2026-06-03,Tournée ORBITE,75,False,False,False
B01281,2026-06-03,Tournée ORBITE,75,True,False,False
B01282,2026-06-03,Tournée ORBITE,75,True,False,False
B01283,2026-06-03,Tournée ORBITE,75,True,False,False
B01284,2026-06-03,Tournée ORBITE,75,True,False,False
B01285,2026-06-03,Tournée ORBITE,75,True,True,False
B01286,2026-06-03,Tournée ORBITE,75,True,False,False
B01287,2026-06-03,Tournée ORBITE,75,False,False,False
B01288,2026-06-03,Tournée ORBITE,75,True,False,False
B01289,2026-06-03,Tournée ORBITE,75,True,False,False
B01290,2026-06-03,Tournée ORBITE,75,True,True,False
B01291,2026-06-03,Tournée ORBITE,75,True,False,True
B01292,2026-06-03,Tournée ORBITE,75,False,True,False
B01293,2026-06-03,Tournée ORBITE,75,True,False,True
B01294,2026-06-03,Tournée ORBITE,75,False,False,False
B01295,2026-06-03,Tournée ORBITE,75,True,False,False
B01296,2026-06-03,Tournée ORBITE,75,True,False,False
B01297,2026-06-03,Tournée ORBITE,75,False,False,False
B01298,2026-06-03,Tournée ORBITE,BE,True,True,False
B01299,2026-06-03,Tournée ORBITE,75,True,False,False
B01300,2026-06-03,Tournée ORBITE,75,True,False,True
B01301,2026-06-03,Tournée ORBITE,75,True,False,False
B01302,2026-06-03,Tournée ORBITE,75,True,False,False
B01303,2026-06-03,Tournée ORBITE,13,True,False,False
B01304,2026-06-04,Tournée ORBITE,75,True,False,False
B01305,2026-06-04,Tournée ORBITE,75,True,False,True
B01306,2026-06-04,Tournée ORBITE,75,False,False,False
B01307,2026-06-04,Tournée ORBITE,69,False,False,False
B01308,2026-06-04,Tournée ORBITE,75,False,True,False
B01309,2026-06-04,Tournée ORBITE,75,True,False,True
B01310,2026-06-04,Tournée ORBITE,75,True,False,False
B01311,2026-06-04,Tournée ORBITE,75,True,False,True
B01312,2026-06-04,Tournée ORBITE,75,True,False,True
B01313,2026-06-04,Tournée ORBITE,75,True,False,True
B01314,2026-06-04,Tournée ORBITE,75,False,False,False
B01315,2026-06-04,Tournée ORBITE,75,True,True,False
B01316,2026-06-04,Tournée ORBITE,75,True,False,True
B01317,2026-06-04,Tournée ORBITE,75,True,False,False
B01318,2026-06-04,Tournée ORBITE,75,False,False,False
B01319,2026-06-04,Tournée ORBITE,75,False,True,False
B01320,2026-06-04,Tournée ORBITE,75,False,False,False
B01321,2026-06-04,Tournée ORBITE,75,True,True,True
B01322,2026-06-04,Tournée ORBITE,75,True,False,False
B01323,2026-06-04,Tournée ORBITE,75,False,False,False
B01324,2026-06-04,Tournée ORBITE,75,True,False,True
B01325,2026-06-04,Tournée ORBITE,67,False,False,False
B01326,2026-06-04,Tournée ORBITE,75,True,False,False
B01327,2026-06-04,Tournée ORBITE,75,False,False,False
B01328,2026-06-04,Tournée ORBITE,75,False,False,False
B01329,2026-06-04,Tournée ORBITE,75,False,False,False
B01330,2026-06-04,Tournée ORBITE,75,False,False,False
B01331,2026-06-04,Tournée ORBITE,75,True,False,False
B01332,2026-06-04,Tournée ORBITE,75,True,False,True
B01333,2026-06-04,Tournée ORBITE,34,True,True,False
B01334,2026-06-04,Tournée ORBITE,34,True,False,False
B01335,2026-06-04,Tournée ORBITE,75,True,True,False
B01336,2026-06-04,Tournée ORBITE,75,False,False,False
B01337,2026-06-05,Tournée ORBITE,75,True,False,False
B01338,2026-06-05,Tournée ORBITE,75,True,False,False
B01339,2026-06-05,Tournée ORBITE,75,True,False,True
B01340,2026-06-05,Tournée ORBITE,75,True,True,False
B01341,2026-06-05,Tournée ORBITE,75,False,False,False
B01342,2026-06-05,Tournée ORBITE,67,False,True,False
B01343,2026-06-05,Tournée ORBITE,75,True,False,False
B01344,2026-06-05,Tournée ORBITE,75,True,True,False
B01345,2026-06-05,Tournée ORBITE,75,True,True,True
B01346,2026-06-05,Tournée ORBITE,75,False,True,False
B01347,2026-06-05,Tournée ORBITE,75,False,False,False
B01348,2026-06-05,Tournée ORBITE,75,True,False,False
B01349,2026-06-05,Tournée ORBITE,75,False,True,False
B01350,2026-06-05,Tournée ORBITE,75,True,False,True
B01351,2026-06-05,Tournée ORBITE,75,True,False,True
B01352,2026-06-05,Tournée ORBITE,75,True,False,False
B01353,2026-06-05,Tournée ORBITE,75,False,False,False
B01354,2026-06-05,Tournée ORBITE,75,False,False,False
B01355,2026-06-05,Tournée ORBITE,31,True,False,False
B01356,2026-06-05,Tournée ORBITE,75,False,False,False
B01357,2026-06-05,Tournée ORBITE,75,True,False,True
B01358,2026-06-05,Tournée ORBITE,75,False,False,False
B01359,2026-06-05,Tournée ORBITE,75,True,False,False
B01360,2026-06-05,Tournée ORBITE,75,False,False,False
B01361,2026-06-05,Tournée ORBITE,75,True,True,False
B01362,2026-06-05,Tournée ORBITE,75,False,True,False
B01363,2026-06-05,Tournée ORBITE,75,True,False,False
B01364,2026-06-05,Tournée ORBITE,75,True,True,False
B01365,2026-06-05,Tournée ORBITE,75,True,False,False
B01366,2026-06-05,Tournée ORBITE,75,True,False,False
B01367,2026-06-06,Tournée ORBITE,75,False,False,False
B01368,2026-06-06,Tournée ORBITE,59,True,False,True
B01369,2026-06-06,Tournée ORBITE,75,True,False,False
B01370,2026-06-06,Tournée ORBITE,75,False,False,False
B01371,2026-06-06,Tournée ORBITE,75,False,False,False
B01372,2026-06-06,Tournée ORBITE,75,True,False,False
B01373,2026-06-06,Tournée ORBITE,33,True,False,False
B01374,2026-06-06,Tournée ORBITE,31,True,False,False
B01375,2026-06-06,Tournée ORBITE,75,True,False,False
B01376,2026-06-06,Tournée ORBITE,44,True,False,False
B01377,2026-06-06,Tournée ORBITE,75,True,False,False
B01378,2026-06-06,Tournée ORBITE,75,False,True,False
B01379,2026-06-06,Tournée ORBITE,75,False,False,False
B01380,2026-06-06,Tournée ORBITE,34,False,False,False
B01381,2026-06-06,Tournée ORBITE,69,False,False,False
B01382,2026-06-06,Tournée ORBITE,75,True,False,False
B01383,2026-06-06,Tournée ORBITE,75,False,True,False
B01384,2026-06-07,Tournée ORBITE,75,True,False,False
B01385,2026-06-07,Tournée ORBITE,75,True,False,False
B01386,2026-06-07,Tournée ORBITE,75,True,True,False
B01387,2026-06-07,Tournée ORBITE,75,True,False,False
B01388,2026-06-07,Tournée ORBITE,75,False,False,False
B01389,2026-06-07,Tournée ORBITE,75,False,False,False
B01390,2026-06-07,Tournée ORBITE,75,True,False,False
B01391,2026-06-07,Tournée ORBITE,75,False,False,False
B01392,2026-06-07,Tournée ORBITE,75,False,False,False
B01393,2026-06-07,Tournée ORBITE,35,True,False,True
B01394,2026-06-07,Tournée ORBITE,75,True,True,False
B01395,2026-06-07,Tournée ORBITE,75,True,False,False
B01396,2026-06-07,Tournée ORBITE,33,False,True,False
B01397,2026-06-07,Tournée ORBITE,69,True,False,False
B01398,2026-06-07,Tournée ORBITE,75,True,False,False
B01399,2026-06-07,Tournée ORBITE,75,True,False,False
B01400,2026-06-07,Tournée ORBITE,75,True,False,False
B01401,2026-06-07,Tournée ORBITE,75,True,True,False
B01402,2026-06-07,Tournée ORBITE,75,True,False,False
B01403,2026-06-07,Tournée ORBITE,75,True,False,False
B01404,2026-06-07,Tournée ORBITE,75,False,False,False
B01405,2026-06-07,Tournée ORBITE,34,True,False,False
B01406,2026-06-07,Tournée ORBITE,75,False,False,False
B01407,2026-06-08,Tournée ORBITE,69,True,False,False
B01408,2026-06-08,Tournée ORBITE,75,True,False,False
B01409,2026-06-08,Tournée ORBITE,75,True,False,False
B01410,2026-06-08,Tournée ORBITE,59,True,True,False
B01411,2026-06-08,Tournée ORBITE,75,False,False,False
B01412,2026-06-08,Tournée ORBITE,75,True,False,False
B01413,2026-06-08,Tournée ORBITE,75,True,False,True
B01414,2026-06-08,Tournée ORBITE,67,True,False,False
B01415,2026-06-08,Tournée ORBITE,34,False,True,False
B01416,2026-06-08,Tournée ORBITE,75,False,False,False
B01417,2026-06-08,Tournée ORBITE,75,True,False,False
B01418,2026-06-08,Tournée ORBITE,75,False,False,False
B01419,2026-06-08,Tournée ORBITE,75,True,True,False
B01420,2026-06-08,Tournée ORBITE,75,True,False,True
B01421,2026-06-08,Tournée ORBITE,75,False,False,False
B01422,2026-06-08,Tournée ORBITE,BE,False,False,False
B01423,2026-06-08,Tournée ORBITE,75,True,False,False
B01424,2026-06-08,Tournée ORBITE,44,False,True,False
B01425,2026-06-08,Tournée ORBITE,75,True,False,False
B01426,2026-06-08,Tournée ORBITE,75,True,False,False
B01427,2026-06-08,Tournée ORBITE,75,True,False,False
B01428,2026-06-08,Tournée ORBITE,75,True,False,False
B01429,2026-06-08,Tournée ORBITE,69,False,False,False
B01430,2026-06-08,Tournée ORBITE,75,True,False,False
B01431,2026-06-08,Tournée ORBITE,75,True,False,False
B01432,2026-06-09,Tournée ORBITE,75,True,False,False
B01433,2026-06-09,Tournée ORBITE,75,True,True,True
B01434,2026-06-09,Tournée ORBITE,75,True,False,True
B01435,2026-06-09,Tournée ORBITE,75,True,False,False
B01436,2026-06-09,Tournée ORBITE,75,False,False,False
B01437,2026-06-09,Tournée ORBITE,75,True,True,False
B01438,2026-06-09,Tournée ORBITE,75,False,False,False
B01439,2026-06-09,Tournée ORBITE,75,True,False,True
B01440,2026-06-09,Tournée ORBITE,75,True,False,False
B01441,2026-06-09,Tournée ORBITE,75,False,False,False
B01442,2026-06-09,Tournée ORBITE,75,False,True,False
B01443,2026-06-09,Tournée ORBITE,BE,True,False,True
B01444,2026-06-09,Tournée ORBITE,75,True,False,True
B01445,2026-06-10,Tournée ORBITE,75,True,True,False
B01446,2026-06-10,Tournée ORBITE,75,True,False,False
B01447,2026-06-10,Tournée ORBITE,75,True,False,True
B01448,2026-06-10,Tournée ORBITE,75,True,True,True
B01449,2026-06-10,Tournée ORBITE,75,False,False,False
B01450,2026-06-10,Tournée ORBITE,75,True,True,True
B01451,2026-06-10,Tournée ORBITE,75,True,False,False
B01452,2026-06-10,Tournée ORBITE,75,True,False,True
B01453,2026-06-10,Tournée ORBITE,75,True,False,False
B01454,2026-06-10,Tournée ORBITE,75,True,True,True
B01455,2026-06-10,Tournée ORBITE,75,False,False,False
B01456,2026-06-10,Tournée ORBITE,75,False,False,False
B01457,2026-06-10,Tournée ORBITE,75,False,False,False
B01458,2026-06-10,Tournée ORBITE,75,True,False,False
B01459,2026-06-11,Tournée ORBITE,75,True,True,True
B01460,2026-06-11,Tournée ORBITE,44,True,True,False
B01461,2026-06-11,Tournée ORBITE,75,False,False,False
B01462,2026-06-11,Tournée ORBITE,75,True,False,False
B01463,2026-06-11,Tournée ORBITE,75,True,False,True
B01464,2026-06-11,Tournée ORBITE,75,True,False,False
B01465,2026-06-11,Tournée ORBITE,75,True,False,False
B01466,2026-06-11,Tournée ORBITE,75,True,False,True
B01467,2026-06-11,Tournée ORBITE,75,True,False,True
B01468,2026-06-11,Tournée ORBITE,75,True,True,True
B01469,2026-06-11,Tournée ORBITE,75,True,False,False
B01470,2026-06-11,Tournée ORBITE,44,False,True,False
B01471,2026-06-11,Tournée ORBITE,69,True,False,True
B01472,2026-06-11,Tournée ORBITE,31,True,False,False
B01473,2026-06-11,Tournée ORBITE,75,True,True,False
B01474,2026-06-12,Tournée ORBITE,75,False,False,False
B01475,2026-06-12,Tournée ORBITE,75,True,False,False
B01476,2026-06-12,Tournée ORBITE,75,False,True,False
B01477,2026-06-12,Tournée ORBITE,35,True,False,False
B01478,2026-06-12,Tournée ORBITE,75,True,False,True
B01479,2026-06-12,Tournée ORBITE,75,True,False,True
B01480,2026-06-12,Tournée ORBITE,33,False,False,False
B01481,2026-06-12,Tournée ORBITE,BE,False,False,False
B01482,2026-06-12,Tournée ORBITE,75,False,True,False
B01483,2026-06-12,Tournée ORBITE,75,True,False,False
B01484,2026-06-12,Tournée ORBITE,75,False,False,False
B01485,2026-06-12,Tournée ORBITE,44,True,False,True
B01486,2026-06-13,Tournée ORBITE,75,True,False,True
B01487,2026-06-13,Tournée ORBITE,75,False,True,False
B01488,2026-06-13,Tournée ORBITE,75,False,False,False
B01489,2026-06-13,Tournée ORBITE,75,False,False,False
B01490,2026-06-13,Tournée ORBITE,75,True,True,True
B01491,2026-06-13,Tournée ORBITE,75,False,False,False
B01492,2026-06-13,Tournée ORBITE,75,True,False,False
B01493,2026-06-13,Tournée ORBITE,75,True,False,False
B01494,2026-06-13,Tournée ORBITE,75,True,True,False
B01495,2026-06-13,Tournée ORBITE,75,False,False,False
B01496,2026-06-13,Tournée ORBITE,75,True,False,False
B01497,2026-06-13,Tournée ORBITE,75,True,True,False
B01498,2026-06-14,Tournée ORBITE,75,True,False,False
B01499,2026-06-14,Tournée ORBITE,75,False,False,False
B01500,2026-06-14,Tournée ORBITE,75,True,False,False
B01501,2026-06-14,Tournée ORBITE,69,True,False,False
B01502,2026-06-15,Tournée ORBITE,75,False,False,False
B01503,2026-06-15,Tournée ORBITE,34,True,True,False
B01504,2026-06-15,Tournée ORBITE,75,True,False,False
B01505,2026-06-15,Tournée ORBITE,75,True,True,False
B01506,2026-06-15,Tournée ORBITE,75,True,False,True
B01507,2026-06-15,Tournée ORBITE,75,True,False,False
B01508,2026-06-15,Tournée ORBITE,75,True,False,False
B01509,2026-06-15,Tournée ORBITE,75,True,False,False
B01510,2026-06-16,Tournée ORBITE,75,True,False,False
B01511,2026-06-16,Tournée ORBITE,75,False,False,False
B01512,2026-06-16,Tournée ORBITE,75,True,True,False
B01513,2026-06-16,Tournée ORBITE,75,True,False,True
B01514,2026-06-16,Tournée ORBITE,75,True,False,False
B01515,2026-06-16,Tournée ORBITE,75,True,False,False
B01516,2026-06-16,Tournée ORBITE,75,True,False,False
B01517,2026-06-16,Tournée ORBITE,BE,True,False,False
B01518,2026-06-16,Tournée ORBITE,75,False,True,False
B01519,2026-06-16,Tournée ORBITE,34,True,False,False
B01520,2026-06-16,Tournée ORBITE,75,True,False,False
B01521,2026-06-16,Tournée ORBITE,75,True,False,True
B01522,2026-06-16,Tournée ORBITE,75,True,False,False
B01523,2026-06-17,Tournée ORBITE,75,False,False,False
B01524,2026-06-17,Tournée ORBITE,75,False,False,False
B01525,2026-06-17,Tournée ORBITE,75,False,False,False
B01526,2026-06-18,Tournée ORBITE,75,True,False,True
B01527,2026-06-18,Tournée ORBITE,44,True,False,True
B01528,2026-06-18,Tournée ORBITE,31,True,False,False
B01529,2026-06-18,Tournée ORBITE,44,False,False,False
B01530,2026-06-18,Tournée ORBITE,75,True,False,True
B01531,2026-06-18,Tournée ORBITE,75,True,False,False
B01532,2026-06-18,Tournée ORBITE,75,True,False,True
B01533,2026-06-18,Tournée ORBITE,75,False,False,False
B01534,2026-06-18,Tournée ORBITE,75,True,False,False
B01535,2026-06-18,Tournée ORBITE,75,True,False,False
B01536,2026-06-18,Tournée ORBITE,75,True,False,False
B01537,2026-06-18,Tournée ORBITE,75,True,False,False
B01538,2026-06-19,Tournée ORBITE,75,True,False,False
B01539,2026-06-19,Tournée ORBITE,75,True,False,False
B01540,2026-06-19,Tournée ORBITE,75,False,False,False
B01541,2026-06-19,Tournée ORBITE,75,False,False,False
B01542,2026-06-19,Tournée ORBITE,75,True,False,True
B01543,2026-06-19,Tournée ORBITE,75,True,False,True
B01544,2026-06-20,Tournée ORBITE,75,True,False,True
B01545,2026-06-20,Tournée ORBITE,34,True,False,False
B01546,2026-06-20,Tournée ORBITE,75,True,False,True
B01547,2026-06-20,Tournée ORBITE,75,True,False,True
B01548,2026-06-20,Tournée ORBITE,59,False,False,False
B01549,2026-06-21,Tournée ORBITE,34,True,False,False
B01550,2026-06-21,Tournée ORBITE,75,False,True,False
B01551,2026-06-21,Tournée ORBITE,75,True,True,False
B01552,2026-06-21,Tournée ORBITE,75,False,False,False
B01553,2026-06-21,Tournée ORBITE,75,True,False,False
B01554,2026-06-22,Tournée ORBITE,67,True,True,False
B01555,2026-06-22,Tournée ORBITE,59,True,True,False
B01556,2026-06-22,Tournée ORBITE,75,True,True,True
B01557,2026-06-22,Tournée ORBITE,31,True,False,False
B01558,2026-06-22,Tournée ORBITE,75,True,False,True
B01559,2026-06-22,Tournée ORBITE,75,False,False,False
B01560,2026-06-23,Tournée ORBITE,BE,True,False,True
B01561,2026-06-23,Tournée ORBITE,75,True,False,True
B01562,2026-06-23,Tournée ORBITE,75,True,True,True
B01563,2026-06-23,Tournée ORBITE,75,True,False,False
B01564,2026-06-23,Tournée ORBITE,75,False,False,False
B01565,2026-06-24,Tournée ORBITE,75,True,False,True
B01566,2026-06-24,Tournée ORBITE,75,False,True,False
B01567,2026-06-24,Tournée ORBITE,75,True,True,False
B01568,2026-06-24,Tournée ORBITE,75,True,False,True
B01569,2026-06-25,Tournée ORBITE,75,False,False,False
B01570,2026-06-25,Tournée ORBITE,75,True,False,False
B01571,2026-06-25,Tournée ORBITE,75,True,False,False
B01572,2026-06-25,Tournée ORBITE,75,True,False,False
B01573,2026-06-25,Tournée ORBITE,75,False,False,False
B01574,2026-06-26,Tournée ORBITE,75,True,False,False
B01575,2026-06-27,Tournée ORBITE,75,True,False,True
B01576,2026-06-27,Tournée ORBITE,75,False,True,False
B01577,2026-06-27,Tournée ORBITE,75,False,False,False
B01578,2026-06-27,Tournée ORBITE,75,True,False,False
B01579,2026-06-27,Tournée ORBITE,75,True,False,False
B01580,2026-06-28,Tournée ORBITE,75,False,False,False
B01581,2026-06-28,Tournée ORBITE,75,True,False,False
B01582,2026-06-28,Tournée ORBITE,75,False,False,False
B01583,2026-06-28,Tournée ORBITE,75,False,False,False
B01584,2026-06-28,Tournée ORBITE,75,True,True,True
B01585,2026-06-29,Tournée ORBITE,75,True,False,False
B01586,2026-06-29,Tournée ORBITE,69,True,False,False
B01587,2026-06-29,Tournée ORBITE,75,True,False,True
B01588,2026-06-29,Tournée ORBITE,69,False,False,False
B01589,2026-06-29,Tournée ORBITE,75,True,False,False
B01590,2026-06-29,Tournée ORBITE,69,True,True,False
B01591,2026-06-29,Tournée ORBITE,75,True,False,False
B01592,2026-06-30,Tournée ORBITE,75,True,False,False
B01593,2026-06-30,Tournée ORBITE,75,False,False,False
B01594,2026-06-30,Tournée ORBITE,75,False,False,False
B01595,2026-06-30,Tournée ORBITE,59,True,False,False
B01596,2026-06-30,Tournée ORBITE,75,True,False,False
B01597,2026-07-01,Tournée ORBITE,75,True,True,False
B01598,2026-07-01,Tournée ORBITE,75,True,False,True
B01599,2026-07-01,Tournée ORBITE,75,False,False,False
B01600,2026-07-01,Tournée ORBITE,75,True,False,True
B01601,2026-07-01,Tournée ORBITE,75,False,False,False
B01602,2026-07-02,Tournée ORBITE,75,False,False,False
B01603,2026-07-02,Tournée ORBITE,75,False,True,False
B01604,2026-07-02,Tournée ORBITE,75,True,False,False
B01605,2026-07-02,Tournée ORBITE,33,True,True,False
B01606,2026-07-02,Tournée ORBITE,75,True,False,True
B01607,2026-07-03,Tournée ORBITE,13,False,False,False
B01608,2026-07-03,Tournée ORBITE,75,False,False,False
B01609,2026-07-03,Tournée ORBITE,35,True,False,False
B01610,2026-07-03,Tournée ORBITE,75,True,False,False
B01611,2026-07-03,Tournée ORBITE,75,True,False,True
B01612,2026-07-03,Tournée ORBITE,75,False,False,False
B01613,2026-07-04,Tournée ORBITE,67,True,False,False
B01614,2026-07-04,Tournée ORBITE,75,True,False,False
B01615,2026-07-04,Tournée ORBITE,69,True,True,True
B01616,2026-07-05,Tournée ORBITE,75,True,True,False
B01617,2026-07-05,Tournée ORBITE,75,True,True,True
B01618,2026-07-05,Tournée ORBITE,75,True,True,False
B01619,2026-07-05,Tournée ORBITE,75,False,False,False
B01620,2026-07-05,Tournée ORBITE,75,True,False,False
B01621,2026-07-06,Tournée ORBITE,13,True,False,False
B01622,2026-07-06,Tournée ORBITE,75,True,True,True
B01623,2026-07-06,Tournée ORBITE,75,True,True,False
B01624,2026-07-06,Tournée ORBITE,75,True,True,True
B01625,2026-07-06,Tournée ORBITE,75,True,True,False
B01626,2026-07-07,Tournée ORBITE,34,True,False,False
B01627,2026-07-07,Tournée ORBITE,75,True,False,False
B01628,2026-07-07,Tournée ORBITE,75,False,True,False
B01629,2026-07-07,Tournée ORBITE,75,False,False,False
B01630,2026-07-08,Tournée ORBITE,75,False,False,False
B01631,2026-07-08,Tournée ORBITE,69,True,True,False
B01632,2026-07-08,Tournée ORBITE,75,True,True,False
B01633,2026-07-08,Tournée ORBITE,75,True,False,False
B01634,2026-07-09,Tournée ORBITE,75,False,False,False
B01635,2026-07-09,Tournée ORBITE,75,True,True,True
B01636,2026-07-09,Tournée ORBITE,33,False,False,False
B01637,2026-07-09,Tournée ORBITE,75,True,False,False
B01638,2026-07-09,Tournée ORBITE,75,True,False,True
B01639,2026-07-10,Tournée ORBITE,35,True,False,False
B01640,2026-07-10,Tournée ORBITE,75,True,False,True
B01641,2026-07-11,Tournée ORBITE,75,True,False,True
B01642,2026-07-11,Tournée ORBITE,75,True,False,False
B01643,2026-07-11,Tournée ORBITE,75,True,True,True
B01644,2026-07-11,Tournée ORBITE,75,True,False,True
B01645,2026-07-12,Tournée ORBITE,75,True,False,True
B01646,2026-07-12,Tournée ORBITE,35,False,False,False
B01647,2026-07-12,Tournée ORBITE,75,True,False,False
B01648,2026-07-12,Tournée ORBITE,75,True,False,True
B01649,2026-07-12,Tournée ORBITE,75,True,False,False
B01650,2026-07-12,Tournée ORBITE,31,True,False,False
B01651,2026-07-12,Tournée ORBITE,75,True,False,False
B01652,2026-07-13,Tournée ORBITE,75,True,False,False
B01653,2026-07-13,Tournée ORBITE,75,False,False,False
B01654,2026-07-13,Tournée ORBITE,75,True,False,False
B01655,2026-07-13,Tournée ORBITE,75,True,False,False
B01656,2026-07-13,Tournée ORBITE,75,True,False,True
B01657,2026-07-14,Tournée ORBITE,31,True,False,False
B01658,2026-07-14,Tournée ORBITE,75,True,True,False
B01659,2026-07-14,Tournée ORBITE,75,False,False,False
B01660,2026-07-14,Tournée ORBITE,75,False,False,False
B01661,2026-07-14,Tournée ORBITE,75,True,False,False
B01662,2026-07-14,Tournée ORBITE,67,True,False,True
B01663,2026-07-14,Tournée ORBITE,75,True,False,False
B01664,2026-07-14,Tournée ORBITE,75,False,False,False
B01665,2026-07-15,Tournée ORBITE,59,True,False,False
B01666,2026-07-15,Tournée ORBITE,75,False,False,False
B01667,2026-07-15,Tournée ORBITE,75,False,False,False
B01668,2026-07-15,Tournée ORBITE,75,True,False,True
B01669,2026-07-15,Tournée ORBITE,75,True,False,False
B01670,2026-07-15,Tournée ORBITE,75,True,False,False
B01671,2026-07-15,Tournée ORBITE,75,True,True,True
B01672,2026-07-16,Tournée ORBITE,75,True,False,False
B01673,2026-07-16,Tournée ORBITE,75,True,False,False
B01674,2026-07-16,Tournée ORBITE,75,True,False,False
B01675,2026-07-16,Tournée ORBITE,75,True,False,False
B01676,2026-07-16,Tournée ORBITE,75,True,False,False
B01677,2026-07-17,Tournée ORBITE,75,False,False,False
B01678,2026-07-17,Tournée ORBITE,75,True,True,True
B01679,2026-07-17,Tournée ORBITE,75,True,True,False
B01680,2026-07-17,Tournée ORBITE,33,True,False,False
B01681,2026-07-17,Tournée ORBITE,75,False,False,False
B01682,2026-07-17,Tournée ORBITE,75,True,True,True
B01683,2026-07-18,Tournée ORBITE,44,True,False,True
B01684,2026-07-18,Tournée ORBITE,75,True,False,False
B01685,2026-07-18,Tournée ORBITE,75,True,False,False
B01686,2026-07-18,Tournée ORBITE,75,False,True,False
B01687,2026-07-18,Tournée ORBITE,75,False,True,False
B01688,2026-07-19,Tournée ORBITE,75,True,False,False
B01689,2026-07-19,Tournée ORBITE,75,True,True,False
B01690,2026-07-19,Tournée ORBITE,75,True,True,False
B01691,2026-07-19,Tournée ORBITE,75,True,False,True
B01692,2026-07-19,Tournée ORBITE,75,True,False,False
B01693,2026-07-20,Tournée ORBITE,67,True,False,False
B01694,2026-07-20,Tournée ORBITE,75,True,False,True
B01695,2026-07-20,Tournée ORBITE,75,True,False,False
B01696,2026-07-20,Tournée ORBITE,75,True,True,True
B01697,2026-07-20,Tournée ORBITE,75,False,True,False
B01698,2026-07-20,Tournée ORBITE,75,False,False,False
B01699,2026-07-21,Tournée ORBITE,75,True,False,False
B01700,2026-07-21,Tournée ORBITE,34,True,True,False
B01701,2026-07-21,Tournée ORBITE,75,True,False,True
B01702,2026-07-21,Tournée ORBITE,13,False,False,False
B01703,2026-07-21,Tournée ORBITE,75,True,False,False
B01704,2026-07-21,Tournée ORBITE,75,True,False,True
B01705,2026-07-21,Tournée ORBITE,75,False,False,False
B01706,2026-07-21,Tournée ORBITE,75,False,False,False
B01707,2026-07-21,Tournée ORBITE,75,False,False,False
B01708,2026-07-22,Tournée ORBITE,75,True,False,True
B01709,2026-07-22,Tournée ORBITE,33,True,True,True
B01710,2026-07-22,Tournée ORBITE,75,True,False,True
B01711,2026-07-22,Tournée ORBITE,75,True,False,True
B01712,2026-07-22,Tournée ORBITE,75,True,False,False
B01713,2026-07-23,Tournée ORBITE,75,True,False,False
B01714,2026-07-23,Tournée ORBITE,75,True,False,False
B01715,2026-07-23,Tournée ORBITE,75,True,False,False
B01716,2026-07-23,Tournée ORBITE,75,True,False,False
B01717,2026-07-23,Tournée ORBITE,75,True,False,True
B01718,2026-07-23,Tournée ORBITE,75,True,False,False
B01719,2026-07-23,Tournée ORBITE,75,True,True,True
B01720,2026-07-23,Tournée ORBITE,75,True,False,False
B01721,2026-07-23,Tournée ORBITE,75,True,True,True
B01722,2026-07-24,Tournée ORBITE,75,True,True,False
B01723,2026-07-24,Tournée ORBITE,75,True,False,False
B01724,2026-07-24,Tournée ORBITE,75,True,False,False
B01725,2026-07-24,Tournée ORBITE,75,False,False,False
B01726,2026-07-24,Tournée ORBITE,35,False,False,False
B01727,2026-07-25,Tournée ORBITE,75,True,False,True
B01728,2026-07-25,Tournée ORBITE,75,False,False,False
B01729,2026-07-25,Tournée ORBITE,75,True,False,False
B01730,2026-07-25,Tournée ORBITE,75,True,False,True
B01731,2026-07-25,Tournée ORBITE,75,True,True,False
B01732,2026-07-26,Tournée ORBITE,75,True,False,False
B01733,2026-07-26,Tournée ORBITE,75,False,False,False
B01734,2026-07-26,Tournée ORBITE,75,True,False,False
B01735,2026-07-27,Tournée ORBITE,75,True,False,False
B01736,2026-07-27,Tournée ORBITE,59,True,True,False
B01737,2026-07-27,Tournée ORBITE,75,True,True,False
B01738,2026-07-27,Tournée ORBITE,75,True,False,False
B01739,2026-07-27,Tournée ORBITE,35,False,True,False
B01740,2026-07-27,Tournée ORBITE,BE,False,True,False
B01741,2026-07-28,Tournée ORBITE,75,False,False,False
B01742,2026-07-28,Tournée ORBITE,75,True,False,True
B01743,2026-07-28,Tournée ORBITE,75,True,False,False
B01744,2026-07-28,Tournée ORBITE,75,True,False,False
B01745,2026-07-28,Tournée ORBITE,75,False,False,False
B01746,2026-07-28,Tournée ORBITE,75,False,False,False
B01747,2026-07-28,Tournée ORBITE,75,False,False,False
B01748,2026-07-28,Tournée ORBITE,75,True,False,False
B01749,2026-07-28,Tournée ORBITE,75,True,False,False
B01750,2026-07-28,Tournée ORBITE,75,True,False,False
B01751,2026-07-28,Tournée ORBITE,35,True,True,False
B01752,2026-07-28,Tournée ORBITE,35,True,False,True
B01753,2026-07-29,Tournée ORBITE,75,False,False,False
B01754,2026-07-29,Tournée ORBITE,75,True,False,False
B01755,2026-07-29,Tournée ORBITE,75,True,False,True
B01756,2026-07-29,Tournée ORBITE,75,False,False,False
B01757,2026-07-29,Tournée ORBITE,75,True,False,False
B01758,2026-07-30,Tournée ORBITE,75,True,False,True
B01759,2026-07-30,Tournée ORBITE,75,True,False,False
B01760,2026-07-30,Tournée ORBITE,35,True,False,False
B01761,2026-07-30,Tournée ORBITE,75,True,False,True
B01762,2026-07-30,Tournée ORBITE,75,False,False,False
B01763,2026-07-31,Tournée ORBITE,75,True,False,False
B01764,2026-07-31,Tournée ORBITE,75,False,False,False
B01765,2026-07-31,Tournée ORBITE,75,True,False,False
B01766,2026-08-01,Tournée ORBITE,34,True,True,False
B01767,2026-08-01,Tournée ORBITE,75,False,False,False
B01768,2026-08-01,Tournée ORBITE,75,True,True,True
B01769,2026-08-01,Tournée ORBITE,31,True,False,False
B01770,2026-08-01,Tournée ORBITE,75,True,False,True
B01771,2026-08-01,Tournée ORBITE,75,False,False,False
B01772,2026-08-01,Tournée ORBITE,34,True,True,False
B01773,2026-08-02,Tournée ORBITE,75,False,False,False
B01774,2026-08-02,Tournée ORBITE,75,True,False,False
B01775,2026-08-02,Tournée ORBITE,75,True,False,False
B01776,2026-08-02,Tournée ORBITE,75,True,False,True
B01777,2026-08-02,Tournée ORBITE,75,True,False,False
B01778,2026-08-02,Tournée ORBITE,33,True,False,False
B01779,2026-08-02,Tournée ORBITE,75,False,True,False
B01780,2026-08-03,Tournée ORBITE,75,True,True,False
B01781,2026-08-03,Tournée ORBITE,75,False,False,False
B01782,2026-08-03,Tournée ORBITE,75,True,False,False
B01783,2026-08-04,Tournée ORBITE,75,False,False,False
B01784,2026-08-04,Tournée ORBITE,75,True,False,False
B01785,2026-08-04,Tournée ORBITE,75,False,False,False
B01786,2026-08-04,Tournée ORBITE,75,False,False,False
B01787,2026-08-04,Tournée ORBITE,75,True,False,False
B01788,2026-08-04,Tournée ORBITE,75,False,False,False
B01789,2026-08-04,Tournée ORBITE,35,True,False,True
B01790,2026-08-04,Tournée ORBITE,44,False,True,False
B01791,2026-08-04,Tournée ORBITE,75,True,False,True
B01792,2026-06-09,Tournée ORBITE,69,True,False,False
B01793,2026-06-09,Tournée ORBITE,69,True,True,False
B01794,2026-06-09,Tournée ORBITE,69,True,False,False
B01795,2026-06-09,Tournée ORBITE,59,False,False,False
B01796,2026-06-09,Tournée ORBITE,69,False,False,False
B01797,2026-06-09,Tournée ORBITE,13,True,False,False
B01798,2026-06-09,Tournée ORBITE,69,False,False,False
B01799,2026-06-09,Tournée ORBITE,69,False,True,False
B01800,2026-06-09,Tournée ORBITE,69,True,True,True
B01801,2026-06-09,Tournée ORBITE,69,False,True,False
B01802,2026-06-09,Tournée ORBITE,69,True,False,False
B01803,2026-06-09,Tournée ORBITE,44,True,True,False
B01804,2026-06-09,Tournée ORBITE,BE,False,False,False
B01805,2026-06-09,Tournée ORBITE,69,True,False,False
B01806,2026-06-09,Tournée ORBITE,69,True,False,True
B01807,2026-06-09,Tournée ORBITE,69,False,True,False
B01808,2026-06-09,Tournée ORBITE,69,True,False,False
B01809,2026-06-09,Tournée ORBITE,69,True,False,False
B01810,2026-06-09,Tournée ORBITE,69,True,False,True
B01811,2026-06-09,Tournée ORBITE,69,True,False,False
B01812,2026-06-09,Tournée ORBITE,69,True,False,True
B01813,2026-06-09,Tournée ORBITE,69,True,False,True
B01814,2026-06-09,Tournée ORBITE,BE,False,False,False
B01815,2026-06-09,Tournée ORBITE,69,False,False,False
B01816,2026-06-09,Tournée ORBITE,BE,True,False,False
B01817,2026-06-09,Tournée ORBITE,69,False,False,False
B01818,2026-06-09,Tournée ORBITE,69,True,False,False
B01819,2026-06-09,Tournée ORBITE,69,True,False,False
B01820,2026-06-09,Tournée ORBITE,69,True,False,True
B01821,2026-06-09,Tournée ORBITE,69,False,False,False
B01822,2026-06-09,Tournée ORBITE,69,True,False,False
B01823,2026-06-09,Tournée ORBITE,34,True,False,False
B01824,2026-06-09,Tournée ORBITE,69,False,False,False
B01825,2026-06-09,Tournée ORBITE,69,False,False,False
B01826,2026-06-09,Tournée ORBITE,69,True,False,True
B01827,2026-06-09,Tournée ORBITE,67,True,False,True
B01828,2026-06-09,Tournée ORBITE,69,False,False,False
B01829,2026-06-09,Tournée ORBITE,69,True,False,True
B01830,2026-06-09,Tournée ORBITE,69,True,False,False
B01831,2026-06-09,Tournée ORBITE,69,True,False,False
B01832,2026-06-09,Tournée ORBITE,69,False,False,False
B01833,2026-06-09,Tournée ORBITE,33,False,False,False
B01834,2026-06-09,Tournée ORBITE,69,True,True,True
B01835,2026-06-09,Tournée ORBITE,69,True,False,False
B01836,2026-06-09,Tournée ORBITE,69,True,False,False
B01837,2026-06-09,Tournée ORBITE,13,False,False,False
B01838,2026-06-09,Tournée ORBITE,69,False,True,False
B01839,2026-06-09,Tournée ORBITE,69,True,False,True
B01840,2026-06-09,Tournée ORBITE,69,False,True,False
B01841,2026-06-09,Tournée ORBITE,69,True,False,False
B01842,2026-06-09,Tournée ORBITE,69,True,False,False
B01843,2026-06-09,Tournée ORBITE,69,True,False,False
B01844,2026-06-09,Tournée ORBITE,69,False,False,False
B01845,2026-06-09,Tournée ORBITE,69,True,False,False
B01846,2026-06-09,Tournée ORBITE,33,True,False,False
B01847,2026-06-09,Tournée ORBITE,69,True,False,False
B01848,2026-06-09,Tournée ORBITE,69,True,False,False
B01849,2026-06-09,Tournée ORBITE,69,True,True,False
B01850,2026-06-09,Tournée ORBITE,69,False,False,False
B01851,2026-06-09,Tournée ORBITE,69,True,False,False
B01852,2026-06-09,Tournée ORBITE,69,True,True,False
B01853,2026-06-09,Tournée ORBITE,69,False,False,False
B01854,2026-06-09,Tournée ORBITE,69,True,True,False
B01855,2026-06-09,Tournée ORBITE,69,True,False,False
B01856,2026-06-09,Tournée ORBITE,69,False,True,False
B01857,2026-06-10,Tournée ORBITE,69,True,False,False
B01858,2026-06-10,Tournée ORBITE,69,True,True,False
B01859,2026-06-10,Tournée ORBITE,69,True,False,False
B01860,2026-06-10,Tournée ORBITE,69,True,False,False
B01861,2026-06-10,Tournée ORBITE,69,True,False,False
B01862,2026-06-10,Tournée ORBITE,35,True,False,False
B01863,2026-06-10,Tournée ORBITE,67,True,True,False
B01864,2026-06-10,Tournée ORBITE,69,True,True,False
B01865,2026-06-10,Tournée ORBITE,34,True,False,False
B01866,2026-06-10,Tournée ORBITE,69,True,True,True
B01867,2026-06-10,Tournée ORBITE,69,True,True,False
B01868,2026-06-10,Tournée ORBITE,13,False,True,False
B01869,2026-06-10,Tournée ORBITE,69,False,False,False
B01870,2026-06-10,Tournée ORBITE,69,True,True,True
B01871,2026-06-10,Tournée ORBITE,69,True,False,True
B01872,2026-06-10,Tournée ORBITE,69,True,False,False
B01873,2026-06-10,Tournée ORBITE,69,True,True,False
B01874,2026-06-10,Tournée ORBITE,69,True,False,True
B01875,2026-06-10,Tournée ORBITE,69,False,False,False
B01876,2026-06-10,Tournée ORBITE,69,True,True,True
B01877,2026-06-10,Tournée ORBITE,69,True,False,False
B01878,2026-06-10,Tournée ORBITE,69,True,False,False
B01879,2026-06-10,Tournée ORBITE,69,True,False,True
B01880,2026-06-10,Tournée ORBITE,35,True,False,False
B01881,2026-06-10,Tournée ORBITE,59,True,False,False
B01882,2026-06-10,Tournée ORBITE,75,False,False,False
B01883,2026-06-10,Tournée ORBITE,69,True,False,False
B01884,2026-06-10,Tournée ORBITE,69,False,False,False
B01885,2026-06-10,Tournée ORBITE,BE,False,False,False
B01886,2026-06-10,Tournée ORBITE,69,True,False,True
B01887,2026-06-10,Tournée ORBITE,69,True,False,False
B01888,2026-06-10,Tournée ORBITE,69,False,False,False
B01889,2026-06-10,Tournée ORBITE,69,True,False,True
B01890,2026-06-10,Tournée ORBITE,69,True,False,False
B01891,2026-06-10,Tournée ORBITE,75,False,False,False
B01892,2026-06-10,Tournée ORBITE,44,True,True,False
B01893,2026-06-10,Tournée ORBITE,69,True,False,False
B01894,2026-06-10,Tournée ORBITE,69,False,False,False
B01895,2026-06-10,Tournée ORBITE,69,True,False,True
B01896,2026-06-10,Tournée ORBITE,44,True,False,True
B01897,2026-06-10,Tournée ORBITE,69,False,False,False
B01898,2026-06-10,Tournée ORBITE,BE,False,False,False
B01899,2026-06-10,Tournée ORBITE,69,False,False,False
B01900,2026-06-10,Tournée ORBITE,69,True,True,False
B01901,2026-06-10,Tournée ORBITE,69,False,False,False
B01902,2026-06-10,Tournée ORBITE,44,True,False,False
B01903,2026-06-10,Tournée ORBITE,69,True,False,False
B01904,2026-06-10,Tournée ORBITE,69,True,True,False
B01905,2026-06-10,Tournée ORBITE,69,True,False,False
B01906,2026-06-10,Tournée ORBITE,69,True,False,True
B01907,2026-06-10,Tournée ORBITE,69,False,True,False
B01908,2026-06-10,Tournée ORBITE,69,False,True,False
B01909,2026-06-10,Tournée ORBITE,69,True,False,False
B01910,2026-06-10,Tournée ORBITE,69,False,False,False
B01911,2026-06-10,Tournée ORBITE,69,True,False,False
B01912,2026-06-10,Tournée ORBITE,69,True,True,False
B01913,2026-06-10,Tournée ORBITE,33,True,False,False
B01914,2026-06-10,Tournée ORBITE,69,True,False,True
B01915,2026-06-11,Tournée ORBITE,69,False,False,False
B01916,2026-06-11,Tournée ORBITE,BE,True,False,False
B01917,2026-06-11,Tournée ORBITE,31,False,False,False
B01918,2026-06-11,Tournée ORBITE,69,True,True,False
B01919,2026-06-11,Tournée ORBITE,69,True,False,False
B01920,2026-06-11,Tournée ORBITE,69,True,True,False
B01921,2026-06-11,Tournée ORBITE,69,False,False,False
B01922,2026-06-11,Tournée ORBITE,69,True,False,False
B01923,2026-06-11,Tournée ORBITE,69,True,False,True
B01924,2026-06-11,Tournée ORBITE,69,False,False,False
B01925,2026-06-11,Tournée ORBITE,69,False,True,False
B01926,2026-06-11,Tournée ORBITE,34,False,False,False
B01927,2026-06-11,Tournée ORBITE,69,True,False,False
B01928,2026-06-11,Tournée ORBITE,69,True,True,False
B01929,2026-06-11,Tournée ORBITE,69,False,False,False
B01930,2026-06-11,Tournée ORBITE,69,True,False,False
B01931,2026-06-11,Tournée ORBITE,33,False,False,False
B01932,2026-06-11,Tournée ORBITE,69,True,False,False
B01933,2026-06-11,Tournée ORBITE,69,False,False,False
B01934,2026-06-11,Tournée ORBITE,69,False,False,False
B01935,2026-06-11,Tournée ORBITE,69,False,True,False
B01936,2026-06-11,Tournée ORBITE,31,True,True,True
B01937,2026-06-11,Tournée ORBITE,69,False,False,False
B01938,2026-06-11,Tournée ORBITE,69,True,False,False
B01939,2026-06-11,Tournée ORBITE,69,False,False,False
B01940,2026-06-11,Tournée ORBITE,31,True,False,False
B01941,2026-06-11,Tournée ORBITE,69,True,False,False
B01942,2026-06-11,Tournée ORBITE,69,True,True,False
B01943,2026-06-11,Tournée ORBITE,69,True,False,False
B01944,2026-06-11,Tournée ORBITE,69,False,False,False
B01945,2026-06-11,Tournée ORBITE,69,True,True,True
B01946,2026-06-11,Tournée ORBITE,69,False,False,False
B01947,2026-06-11,Tournée ORBITE,69,True,False,False
B01948,2026-06-11,Tournée ORBITE,69,False,True,False
B01949,2026-06-11,Tournée ORBITE,75,True,False,False
B01950,2026-06-11,Tournée ORBITE,69,True,False,False
B01951,2026-06-11,Tournée ORBITE,69,True,False,True
B01952,2026-06-11,Tournée ORBITE,69,True,True,False
B01953,2026-06-11,Tournée ORBITE,35,False,False,False
B01954,2026-06-11,Tournée ORBITE,69,True,False,False
B01955,2026-06-11,Tournée ORBITE,69,False,False,False
B01956,2026-06-11,Tournée ORBITE,69,False,False,False
B01957,2026-06-11,Tournée ORBITE,69,False,False,False
B01958,2026-06-11,Tournée ORBITE,69,True,False,False
B01959,2026-06-11,Tournée ORBITE,69,False,True,False
B01960,2026-06-11,Tournée ORBITE,69,False,False,False
B01961,2026-06-11,Tournée ORBITE,69,True,False,False
B01962,2026-06-11,Tournée ORBITE,69,True,False,False
B01963,2026-06-11,Tournée ORBITE,69,False,False,False
B01964,2026-06-11,Tournée ORBITE,69,True,False,True
B01965,2026-06-11,Tournée ORBITE,69,False,False,False
B01966,2026-06-11,Tournée ORBITE,67,True,False,True
B01967,2026-06-11,Tournée ORBITE,BE,False,True,False
B01968,2026-06-11,Tournée ORBITE,69,True,False,True
B01969,2026-06-12,Tournée ORBITE,69,False,False,False
B01970,2026-06-12,Tournée ORBITE,69,True,False,False
B01971,2026-06-12,Tournée ORBITE,69,True,True,False
B01972,2026-06-12,Tournée ORBITE,69,False,True,False
B01973,2026-06-12,Tournée ORBITE,69,False,False,False
B01974,2026-06-12,Tournée ORBITE,31,True,False,False
B01975,2026-06-12,Tournée ORBITE,69,True,False,False
B01976,2026-06-12,Tournée ORBITE,75,True,False,False
B01977,2026-06-12,Tournée ORBITE,69,True,False,False
B01978,2026-06-12,Tournée ORBITE,69,True,False,False
B01979,2026-06-12,Tournée ORBITE,69,True,False,False
B01980,2026-06-12,Tournée ORBITE,13,False,False,False
B01981,2026-06-12,Tournée ORBITE,69,False,False,False
B01982,2026-06-12,Tournée ORBITE,69,True,True,False
B01983,2026-06-12,Tournée ORBITE,69,False,False,False
B01984,2026-06-12,Tournée ORBITE,34,True,False,False
B01985,2026-06-12,Tournée ORBITE,69,False,True,False
B01986,2026-06-12,Tournée ORBITE,69,False,False,False
B01987,2026-06-12,Tournée ORBITE,69,True,True,True
B01988,2026-06-12,Tournée ORBITE,69,True,False,False
B01989,2026-06-12,Tournée ORBITE,69,False,False,False
B01990,2026-06-12,Tournée ORBITE,69,False,False,False
B01991,2026-06-12,Tournée ORBITE,69,False,False,False
B01992,2026-06-12,Tournée ORBITE,69,True,False,False
B01993,2026-06-12,Tournée ORBITE,33,True,False,True
B01994,2026-06-12,Tournée ORBITE,69,True,True,False
B01995,2026-06-12,Tournée ORBITE,69,True,False,True
B01996,2026-06-12,Tournée ORBITE,69,True,False,True
B01997,2026-06-12,Tournée ORBITE,69,True,False,False
B01998,2026-06-12,Tournée ORBITE,31,True,False,False
B01999,2026-06-12,Tournée ORBITE,69,True,False,False
B02000,2026-06-12,Tournée ORBITE,34,True,False,False
B02001,2026-06-12,Tournée ORBITE,69,True,True,True
B02002,2026-06-12,Tournée ORBITE,69,True,False,True
B02003,2026-06-12,Tournée ORBITE,69,False,False,False
B02004,2026-06-12,Tournée ORBITE,69,True,False,False
B02005,2026-06-12,Tournée ORBITE,69,True,False,False
B02006,2026-06-12,Tournée ORBITE,69,False,True,False
B02007,2026-06-12,Tournée ORBITE,69,True,False,True
B02008,2026-06-12,Tournée ORBITE,69,True,True,False
B02009,2026-06-12,Tournée ORBITE,69,False,False,False
B02010,2026-06-12,Tournée ORBITE,44,True,True,False
B02011,2026-06-12,Tournée ORBITE,69,False,True,False
B02012,2026-06-12,Tournée ORBITE,69,False,False,False
B02013,2026-06-12,Tournée ORBITE,69,False,False,False
B02014,2026-06-12,Tournée ORBITE,69,True,False,False
B02015,2026-06-12,Tournée ORBITE,69,True,False,False
B02016,2026-06-12,Tournée ORBITE,69,True,False,True
B02017,2026-06-12,Tournée ORBITE,69,False,False,False
B02018,2026-06-12,Tournée ORBITE,13,True,True,False
B02019,2026-06-13,Tournée ORBITE,69,True,False,False
B02020,2026-06-13,Tournée ORBITE,69,True,False,False
B02021,2026-06-13,Tournée ORBITE,31,True,False,False
B02022,2026-06-13,Tournée ORBITE,69,True,False,True
B02023,2026-06-13,Tournée ORBITE,69,True,True,True
B02024,2026-06-13,Tournée ORBITE,33,False,False,False
B02025,2026-06-13,Tournée ORBITE,69,False,False,False
B02026,2026-06-13,Tournée ORBITE,69,True,False,False
B02027,2026-06-13,Tournée ORBITE,69,True,True,False
B02028,2026-06-13,Tournée ORBITE,69,True,True,True
B02029,2026-06-13,Tournée ORBITE,69,True,False,False
B02030,2026-06-13,Tournée ORBITE,69,False,False,False
B02031,2026-06-13,Tournée ORBITE,69,False,False,False
B02032,2026-06-13,Tournée ORBITE,69,True,False,True
B02033,2026-06-13,Tournée ORBITE,69,True,False,True
B02034,2026-06-13,Tournée ORBITE,31,False,False,False
B02035,2026-06-13,Tournée ORBITE,69,False,False,False
B02036,2026-06-13,Tournée ORBITE,69,True,True,False
B02037,2026-06-13,Tournée ORBITE,34,True,False,False
B02038,2026-06-13,Tournée ORBITE,33,True,True,False
B02039,2026-06-13,Tournée ORBITE,69,True,False,False
B02040,2026-06-13,Tournée ORBITE,69,True,False,False
B02041,2026-06-13,Tournée ORBITE,69,True,False,True
B02042,2026-06-13,Tournée ORBITE,69,False,False,False
B02043,2026-06-13,Tournée ORBITE,69,True,True,True
B02044,2026-06-13,Tournée ORBITE,69,False,False,False
B02045,2026-06-13,Tournée ORBITE,69,False,False,False
B02046,2026-06-14,Tournée ORBITE,69,False,False,False
B02047,2026-06-14,Tournée ORBITE,69,False,False,False
B02048,2026-06-14,Tournée ORBITE,69,True,False,True
B02049,2026-06-14,Tournée ORBITE,69,False,False,False
B02050,2026-06-14,Tournée ORBITE,75,False,False,False
B02051,2026-06-14,Tournée ORBITE,69,False,True,False
B02052,2026-06-14,Tournée ORBITE,69,False,True,False
B02053,2026-06-14,Tournée ORBITE,59,False,False,False
B02054,2026-06-14,Tournée ORBITE,69,True,False,True
B02055,2026-06-14,Tournée ORBITE,31,True,False,True
B02056,2026-06-14,Tournée ORBITE,69,True,False,False
B02057,2026-06-14,Tournée ORBITE,69,True,False,False
B02058,2026-06-14,Tournée ORBITE,69,True,False,True
B02059,2026-06-14,Tournée ORBITE,69,False,False,False
B02060,2026-06-14,Tournée ORBITE,69,True,False,False
B02061,2026-06-14,Tournée ORBITE,44,True,False,False
B02062,2026-06-14,Tournée ORBITE,69,False,False,False
B02063,2026-06-14,Tournée ORBITE,69,True,False,False
B02064,2026-06-14,Tournée ORBITE,69,True,True,False
B02065,2026-06-14,Tournée ORBITE,69,False,False,False
B02066,2026-06-14,Tournée ORBITE,69,False,True,False
B02067,2026-06-14,Tournée ORBITE,69,True,False,False
B02068,2026-06-14,Tournée ORBITE,13,True,False,False
B02069,2026-06-15,Tournée ORBITE,69,True,False,True
B02070,2026-06-15,Tournée ORBITE,69,True,False,False
B02071,2026-06-15,Tournée ORBITE,69,False,False,False
B02072,2026-06-15,Tournée ORBITE,35,True,False,False
B02073,2026-06-15,Tournée ORBITE,69,True,False,False
B02074,2026-06-15,Tournée ORBITE,33,False,False,False
B02075,2026-06-15,Tournée ORBITE,69,False,False,False
B02076,2026-06-15,Tournée ORBITE,69,True,False,False
B02077,2026-06-15,Tournée ORBITE,69,True,False,True
B02078,2026-06-15,Tournée ORBITE,69,True,True,False
B02079,2026-06-15,Tournée ORBITE,69,True,False,False
B02080,2026-06-15,Tournée ORBITE,69,True,False,False
B02081,2026-06-15,Tournée ORBITE,35,False,False,False
B02082,2026-06-15,Tournée ORBITE,69,True,False,False
B02083,2026-06-15,Tournée ORBITE,69,False,False,False
B02084,2026-06-15,Tournée ORBITE,69,False,False,False
B02085,2026-06-15,Tournée ORBITE,BE,True,False,True
B02086,2026-06-15,Tournée ORBITE,69,True,True,True
B02087,2026-06-15,Tournée ORBITE,34,True,False,True
B02088,2026-06-15,Tournée ORBITE,69,True,False,True
B02089,2026-06-15,Tournée ORBITE,69,False,False,False
B02090,2026-06-15,Tournée ORBITE,69,True,False,True
B02091,2026-06-15,Tournée ORBITE,69,False,False,False
B02092,2026-06-15,Tournée ORBITE,69,False,False,False
B02093,2026-06-16,Tournée ORBITE,69,False,False,False
B02094,2026-06-16,Tournée ORBITE,69,True,False,False
B02095,2026-06-16,Tournée ORBITE,69,False,False,False
B02096,2026-06-16,Tournée ORBITE,69,False,False,False
B02097,2026-06-16,Tournée ORBITE,69,False,True,False
B02098,2026-06-16,Tournée ORBITE,33,False,False,False
B02099,2026-06-16,Tournée ORBITE,33,True,False,False
B02100,2026-06-16,Tournée ORBITE,69,False,False,False
B02101,2026-06-16,Tournée ORBITE,69,False,True,False
B02102,2026-06-16,Tournée ORBITE,69,True,False,False
B02103,2026-06-16,Tournée ORBITE,69,True,False,True
B02104,2026-06-16,Tournée ORBITE,69,True,False,False
B02105,2026-06-16,Tournée ORBITE,69,False,False,False
B02106,2026-06-16,Tournée ORBITE,BE,False,False,False
B02107,2026-06-16,Tournée ORBITE,67,False,False,False
B02108,2026-06-16,Tournée ORBITE,69,False,False,False
B02109,2026-06-16,Tournée ORBITE,44,True,False,True
B02110,2026-06-16,Tournée ORBITE,69,False,False,False
B02111,2026-06-16,Tournée ORBITE,69,False,False,False
B02112,2026-06-16,Tournée ORBITE,69,False,False,False
B02113,2026-06-16,Tournée ORBITE,69,False,False,False
B02114,2026-06-16,Tournée ORBITE,69,True,False,True
B02115,2026-06-16,Tournée ORBITE,69,True,False,False
B02116,2026-06-16,Tournée ORBITE,69,True,False,False
B02117,2026-06-16,Tournée ORBITE,69,False,True,False
B02118,2026-06-16,Tournée ORBITE,69,False,False,False
B02119,2026-06-16,Tournée ORBITE,69,True,False,False
B02120,2026-06-16,Tournée ORBITE,69,False,False,False
B02121,2026-06-16,Tournée ORBITE,69,True,False,True
B02122,2026-06-17,Tournée ORBITE,69,True,False,False
B02123,2026-06-17,Tournée ORBITE,69,False,False,False
B02124,2026-06-17,Tournée ORBITE,69,True,False,False
B02125,2026-06-17,Tournée ORBITE,69,True,False,False
B02126,2026-06-17,Tournée ORBITE,33,True,False,False
B02127,2026-06-17,Tournée ORBITE,69,False,False,False
B02128,2026-06-17,Tournée ORBITE,69,False,False,False
B02129,2026-06-17,Tournée ORBITE,67,False,True,False
B02130,2026-06-17,Tournée ORBITE,69,True,False,True
B02131,2026-06-17,Tournée ORBITE,69,False,False,False
B02132,2026-06-17,Tournée ORBITE,69,True,True,True
B02133,2026-06-17,Tournée ORBITE,69,True,False,False
B02134,2026-06-17,Tournée ORBITE,69,True,False,True
B02135,2026-06-17,Tournée ORBITE,69,True,False,False
B02136,2026-06-17,Tournée ORBITE,69,True,False,False
B02137,2026-06-17,Tournée ORBITE,69,False,True,False
B02138,2026-06-17,Tournée ORBITE,69,False,True,False
B02139,2026-06-17,Tournée ORBITE,69,True,False,True
B02140,2026-06-17,Tournée ORBITE,67,True,False,False
B02141,2026-06-17,Tournée ORBITE,69,True,False,False
B02142,2026-06-17,Tournée ORBITE,69,True,False,False
B02143,2026-06-18,Tournée ORBITE,69,True,True,False
B02144,2026-06-18,Tournée ORBITE,31,True,False,False
B02145,2026-06-18,Tournée ORBITE,69,False,False,False
B02146,2026-06-18,Tournée ORBITE,31,True,False,False
B02147,2026-06-18,Tournée ORBITE,69,True,False,True
B02148,2026-06-18,Tournée ORBITE,69,True,False,False
B02149,2026-06-18,Tournée ORBITE,69,False,False,False
B02150,2026-06-18,Tournée ORBITE,69,False,False,False
B02151,2026-06-18,Tournée ORBITE,69,True,False,False
B02152,2026-06-18,Tournée ORBITE,33,True,False,True
B02153,2026-06-18,Tournée ORBITE,69,True,False,False
B02154,2026-06-18,Tournée ORBITE,69,True,False,False
B02155,2026-06-19,Tournée ORBITE,35,False,False,False
B02156,2026-06-19,Tournée ORBITE,69,True,False,False
B02157,2026-06-19,Tournée ORBITE,35,True,False,True
B02158,2026-06-19,Tournée ORBITE,BE,True,False,True
B02159,2026-06-19,Tournée ORBITE,35,True,False,False
B02160,2026-06-19,Tournée ORBITE,69,True,False,True
B02161,2026-06-19,Tournée ORBITE,69,True,True,False
B02162,2026-06-19,Tournée ORBITE,69,False,False,False
B02163,2026-06-20,Tournée ORBITE,69,False,True,False
B02164,2026-06-20,Tournée ORBITE,69,False,True,False
B02165,2026-06-20,Tournée ORBITE,35,True,False,True
B02166,2026-06-20,Tournée ORBITE,59,False,False,False
B02167,2026-06-20,Tournée ORBITE,69,True,False,True
B02168,2026-06-20,Tournée ORBITE,69,True,True,False
B02169,2026-06-20,Tournée ORBITE,59,True,False,False
B02170,2026-06-20,Tournée ORBITE,69,True,True,False
B02171,2026-06-20,Tournée ORBITE,69,True,False,False
B02172,2026-06-20,Tournée ORBITE,69,False,False,False
B02173,2026-06-20,Tournée ORBITE,69,True,False,False
B02174,2026-06-20,Tournée ORBITE,69,True,False,False
B02175,2026-06-20,Tournée ORBITE,69,False,False,False
B02176,2026-06-21,Tournée ORBITE,69,True,True,False
B02177,2026-06-21,Tournée ORBITE,69,True,False,True
B02178,2026-06-21,Tournée ORBITE,34,True,False,False
B02179,2026-06-21,Tournée ORBITE,69,True,False,False
B02180,2026-06-21,Tournée ORBITE,69,True,False,True
B02181,2026-06-21,Tournée ORBITE,69,True,False,False
B02182,2026-06-21,Tournée ORBITE,69,False,False,False
B02183,2026-06-21,Tournée ORBITE,69,False,False,False
B02184,2026-06-21,Tournée ORBITE,69,False,False,False
B02185,2026-06-21,Tournée ORBITE,69,True,False,False
B02186,2026-06-21,Tournée ORBITE,69,True,False,False
B02187,2026-06-22,Tournée ORBITE,69,False,False,False
B02188,2026-06-22,Tournée ORBITE,67,True,False,False
B02189,2026-06-22,Tournée ORBITE,69,True,False,False
B02190,2026-06-22,Tournée ORBITE,69,False,False,False
B02191,2026-06-22,Tournée ORBITE,69,False,False,False
B02192,2026-06-22,Tournée ORBITE,69,True,True,False
B02193,2026-06-22,Tournée ORBITE,44,True,False,True
B02194,2026-06-22,Tournée ORBITE,69,False,False,False
B02195,2026-06-22,Tournée ORBITE,69,True,False,False
B02196,2026-06-23,Tournée ORBITE,69,False,False,False
B02197,2026-06-23,Tournée ORBITE,69,True,True,False
B02198,2026-06-23,Tournée ORBITE,69,True,False,False
B02199,2026-06-23,Tournée ORBITE,69,True,True,True
B02200,2026-06-23,Tournée ORBITE,69,True,False,True
B02201,2026-06-24,Tournée ORBITE,69,False,False,False
B02202,2026-06-24,Tournée ORBITE,35,False,False,False
B02203,2026-06-24,Tournée ORBITE,69,True,False,True
B02204,2026-06-24,Tournée ORBITE,69,True,False,False
B02205,2026-06-25,Tournée ORBITE,69,True,False,False
B02206,2026-06-25,Tournée ORBITE,69,True,False,False
B02207,2026-06-25,Tournée ORBITE,35,False,False,False
B02208,2026-06-25,Tournée ORBITE,69,True,False,False
B02209,2026-06-25,Tournée ORBITE,69,True,False,True
B02210,2026-06-26,Tournée ORBITE,69,True,False,False
B02211,2026-06-26,Tournée ORBITE,69,False,True,False
B02212,2026-06-26,Tournée ORBITE,13,True,False,True
B02213,2026-06-26,Tournée ORBITE,69,True,False,False
B02214,2026-06-26,Tournée ORBITE,67,True,False,True
B02215,2026-06-26,Tournée ORBITE,69,True,False,False
B02216,2026-06-26,Tournée ORBITE,69,True,False,True
B02217,2026-06-26,Tournée ORBITE,35,True,True,False
B02218,2026-06-26,Tournée ORBITE,69,False,False,False
B02219,2026-06-26,Tournée ORBITE,69,True,False,True
B02220,2026-06-27,Tournée ORBITE,69,True,False,False
B02221,2026-06-27,Tournée ORBITE,69,False,False,False
B02222,2026-06-27,Tournée ORBITE,69,True,False,False
B02223,2026-06-27,Tournée ORBITE,69,True,True,False
B02224,2026-06-27,Tournée ORBITE,35,False,False,False
B02225,2026-06-27,Tournée ORBITE,69,True,False,False
B02226,2026-06-27,Tournée ORBITE,69,True,False,False
B02227,2026-06-28,Tournée ORBITE,69,True,False,False
B02228,2026-06-28,Tournée ORBITE,69,True,False,False
B02229,2026-06-28,Tournée ORBITE,BE,True,False,False
B02230,2026-06-28,Tournée ORBITE,69,True,False,True
B02231,2026-06-29,Tournée ORBITE,69,True,False,True
B02232,2026-06-29,Tournée ORBITE,69,True,False,True
B02233,2026-06-29,Tournée ORBITE,69,False,False,False
B02234,2026-06-29,Tournée ORBITE,13,False,True,False
B02235,2026-06-29,Tournée ORBITE,69,True,True,False
B02236,2026-06-29,Tournée ORBITE,69,False,False,False
B02237,2026-06-30,Tournée ORBITE,69,True,True,True
B02238,2026-06-30,Tournée ORBITE,69,False,True,False
B02239,2026-06-30,Tournée ORBITE,67,True,False,False
B02240,2026-06-30,Tournée ORBITE,69,False,True,False
B02241,2026-06-30,Tournée ORBITE,34,True,True,False
B02242,2026-06-30,Tournée ORBITE,31,True,False,False
B02243,2026-07-01,Tournée ORBITE,69,True,False,False
B02244,2026-07-01,Tournée ORBITE,69,True,False,True
B02245,2026-07-01,Tournée ORBITE,69,True,False,False
B02246,2026-07-01,Tournée ORBITE,69,True,False,True
B02247,2026-07-01,Tournée ORBITE,69,True,False,False
B02248,2026-07-01,Tournée ORBITE,69,True,False,False
B02249,2026-07-01,Tournée ORBITE,59,True,False,False
B02250,2026-07-01,Tournée ORBITE,69,False,False,False
B02251,2026-07-01,Tournée ORBITE,69,True,False,False
B02252,2026-07-01,Tournée ORBITE,69,True,False,True
B02253,2026-07-01,Tournée ORBITE,33,True,False,False
B02254,2026-07-02,Tournée ORBITE,31,True,False,False
B02255,2026-07-02,Tournée ORBITE,69,True,True,False
B02256,2026-07-02,Tournée ORBITE,69,False,False,False
B02257,2026-07-02,Tournée ORBITE,59,False,False,False
B02258,2026-07-02,Tournée ORBITE,69,False,True,False
B02259,2026-07-02,Tournée ORBITE,69,True,True,True
B02260,2026-07-03,Tournée ORBITE,67,False,False,False
B02261,2026-07-03,Tournée ORBITE,69,True,False,True
B02262,2026-07-03,Tournée ORBITE,33,True,False,False
B02263,2026-07-04,Tournée ORBITE,69,False,False,False
B02264,2026-07-05,Tournée ORBITE,69,False,False,False
B02265,2026-07-05,Tournée ORBITE,69,False,False,False
B02266,2026-07-05,Tournée ORBITE,35,False,False,False
B02267,2026-07-05,Tournée ORBITE,69,True,False,True
B02268,2026-07-05,Tournée ORBITE,69,True,False,False
B02269,2026-07-05,Tournée ORBITE,69,True,False,False
B02270,2026-07-05,Tournée ORBITE,31,True,False,False
B02271,2026-07-05,Tournée ORBITE,69,True,False,True
B02272,2026-07-06,Tournée ORBITE,69,True,False,False
B02273,2026-07-06,Tournée ORBITE,69,False,False,False
B02274,2026-07-06,Tournée ORBITE,69,False,False,False
B02275,2026-07-06,Tournée ORBITE,69,True,False,False
B02276,2026-07-06,Tournée ORBITE,69,False,False,False
B02277,2026-07-06,Tournée ORBITE,69,True,False,False
B02278,2026-07-06,Tournée ORBITE,69,True,True,True
B02279,2026-07-06,Tournée ORBITE,69,True,False,False
B02280,2026-07-06,Tournée ORBITE,69,True,False,False
B02281,2026-07-06,Tournée ORBITE,69,True,False,False
B02282,2026-07-07,Tournée ORBITE,35,True,False,True
B02283,2026-07-07,Tournée ORBITE,69,False,False,False
B02284,2026-07-07,Tournée ORBITE,69,False,False,False
B02285,2026-07-07,Tournée ORBITE,69,False,False,False
B02286,2026-07-07,Tournée ORBITE,69,True,False,False
B02287,2026-07-07,Tournée ORBITE,69,True,False,False
B02288,2026-07-07,Tournée ORBITE,69,False,False,False
B02289,2026-07-07,Tournée ORBITE,44,True,True,False
B02290,2026-07-08,Tournée ORBITE,69,True,False,False
B02291,2026-07-08,Tournée ORBITE,69,True,True,False
B02292,2026-07-08,Tournée ORBITE,69,False,False,False
B02293,2026-07-08,Tournée ORBITE,69,True,False,False
B02294,2026-07-08,Tournée ORBITE,69,True,False,False
B02295,2026-07-08,Tournée ORBITE,69,True,False,True
B02296,2026-07-08,Tournée ORBITE,69,False,False,False
B02297,2026-07-09,Tournée ORBITE,69,True,False,False
B02298,2026-07-09,Tournée ORBITE,69,False,False,False
B02299,2026-07-09,Tournée ORBITE,69,False,True,False
B02300,2026-07-09,Tournée ORBITE,69,False,False,False
B02301,2026-07-09,Tournée ORBITE,69,True,False,False
B02302,2026-07-09,Tournée ORBITE,69,True,True,True
B02303,2026-07-10,Tournée ORBITE,69,False,False,False
B02304,2026-07-10,Tournée ORBITE,69,False,False,False
B02305,2026-07-10,Tournée ORBITE,69,True,False,False
B02306,2026-07-10,Tournée ORBITE,31,True,False,False
B02307,2026-07-10,Tournée ORBITE,69,True,False,False
B02308,2026-07-10,Tournée ORBITE,69,True,False,False
B02309,2026-07-10,Tournée ORBITE,69,True,False,False
B02310,2026-07-10,Tournée ORBITE,69,True,False,False
B02311,2026-07-10,Tournée ORBITE,69,True,False,True
B02312,2026-07-11,Tournée ORBITE,69,True,False,True
B02313,2026-07-11,Tournée ORBITE,69,True,False,False
B02314,2026-07-11,Tournée ORBITE,69,False,False,False
B02315,2026-07-11,Tournée ORBITE,69,True,True,False
B02316,2026-07-12,Tournée ORBITE,69,False,False,False
B02317,2026-07-12,Tournée ORBITE,BE,False,False,False
B02318,2026-07-12,Tournée ORBITE,69,True,False,False
B02319,2026-07-12,Tournée ORBITE,69,False,False,False
B02320,2026-07-12,Tournée ORBITE,69,False,False,False
B02321,2026-07-12,Tournée ORBITE,69,True,False,False
B02322,2026-07-12,Tournée ORBITE,69,True,True,False
B02323,2026-07-12,Tournée ORBITE,69,True,False,False
B02324,2026-07-12,Tournée ORBITE,59,True,False,False
B02325,2026-07-12,Tournée ORBITE,69,False,True,False
B02326,2026-07-13,Tournée ORBITE,34,True,False,False
B02327,2026-07-13,Tournée ORBITE,69,False,False,False
B02328,2026-07-13,Tournée ORBITE,69,True,False,True
B02329,2026-07-13,Tournée ORBITE,67,True,True,False
B02330,2026-07-13,Tournée ORBITE,69,True,True,True
B02331,2026-07-14,Tournée ORBITE,69,True,False,False
B02332,2026-07-14,Tournée ORBITE,69,True,False,True
B02333,2026-07-14,Tournée ORBITE,69,True,True,False
B02334,2026-07-14,Tournée ORBITE,69,True,False,False
B02335,2026-07-14,Tournée ORBITE,69,False,False,False
B02336,2026-07-14,Tournée ORBITE,69,True,True,True
B02337,2026-07-14,Tournée ORBITE,69,True,False,False
B02338,2026-07-14,Tournée ORBITE,69,False,False,False
B02339,2026-07-15,Tournée ORBITE,69,True,False,False
B02340,2026-07-15,Tournée ORBITE,69,True,False,True
B02341,2026-07-15,Tournée ORBITE,69,True,False,False
B02342,2026-07-15,Tournée ORBITE,69,True,False,True
B02343,2026-07-15,Tournée ORBITE,69,False,True,False
B02344,2026-07-15,Tournée ORBITE,69,False,False,False
B02345,2026-07-16,Tournée ORBITE,69,True,False,True
B02346,2026-07-16,Tournée ORBITE,69,False,False,False
B02347,2026-07-16,Tournée ORBITE,69,True,True,True
B02348,2026-07-17,Tournée ORBITE,69,False,False,False
B02349,2026-07-17,Tournée ORBITE,69,False,False,False
B02350,2026-07-17,Tournée ORBITE,69,False,True,False
B02351,2026-07-17,Tournée ORBITE,69,True,False,False
B02352,2026-07-17,Tournée ORBITE,69,True,False,False
B02353,2026-07-17,Tournée ORBITE,69,True,False,False
B02354,2026-07-17,Tournée ORBITE,33,True,False,False
B02355,2026-07-17,Tournée ORBITE,69,True,False,False
B02356,2026-07-17,Tournée ORBITE,BE,False,False,False
B02357,2026-07-17,Tournée ORBITE,69,True,False,True
B02358,2026-07-17,Tournée ORBITE,69,False,False,False
B02359,2026-07-17,Tournée ORBITE,31,True,True,False
B02360,2026-07-18,Tournée ORBITE,69,False,False,False
B02361,2026-07-18,Tournée ORBITE,69,True,False,False
B02362,2026-07-18,Tournée ORBITE,69,False,False,False
B02363,2026-07-18,Tournée ORBITE,69,True,False,False
B02364,2026-07-18,Tournée ORBITE,69,False,False,False
B02365,2026-07-18,Tournée ORBITE,69,True,True,False
B02366,2026-07-19,Tournée ORBITE,69,True,False,False
B02367,2026-07-19,Tournée ORBITE,75,False,False,False
B02368,2026-07-19,Tournée ORBITE,69,True,True,False
B02369,2026-07-19,Tournée ORBITE,69,False,True,False
B02370,2026-07-19,Tournée ORBITE,59,True,False,True
B02371,2026-07-20,Tournée ORBITE,69,True,False,False
B02372,2026-07-20,Tournée ORBITE,69,False,False,False
B02373,2026-07-20,Tournée ORBITE,69,True,False,False
B02374,2026-07-21,Tournée ORBITE,34,True,False,True
B02375,2026-07-21,Tournée ORBITE,69,False,False,False
B02376,2026-07-21,Tournée ORBITE,44,True,False,False
B02377,2026-07-21,Tournée ORBITE,69,False,False,False
B02378,2026-07-22,Tournée ORBITE,69,True,False,False
B02379,2026-07-22,Tournée ORBITE,69,True,True,False
B02380,2026-07-22,Tournée ORBITE,69,True,False,True
B02381,2026-07-22,Tournée ORBITE,69,True,True,False
B02382,2026-07-22,Tournée ORBITE,69,False,False,False
B02383,2026-07-22,Tournée ORBITE,69,True,True,False
B02384,2026-07-22,Tournée ORBITE,69,True,False,False
B02385,2026-07-23,Tournée ORBITE,69,False,False,False
B02386,2026-07-23,Tournée ORBITE,59,False,False,False
B02387,2026-07-23,Tournée ORBITE,31,False,False,False
B02388,2026-07-23,Tournée ORBITE,69,True,False,False
B02389,2026-07-23,Tournée ORBITE,33,True,False,False
B02390,2026-07-23,Tournée ORBITE,BE,True,False,False
B02391,2026-07-23,Tournée ORBITE,69,True,True,False
B02392,2026-07-24,Tournée ORBITE,69,True,False,True
B02393,2026-07-24,Tournée ORBITE,69,False,False,False
B02394,2026-07-24,Tournée ORBITE,69,True,False,False
B02395,2026-07-24,Tournée ORBITE,69,True,False,True
B02396,2026-07-25,Tournée ORBITE,69,False,False,False
B02397,2026-07-25,Tournée ORBITE,75,True,False,False
B02398,2026-07-25,Tournée ORBITE,69,True,True,True
B02399,2026-07-25,Tournée ORBITE,69,True,True,False
B02400,2026-07-25,Tournée ORBITE,69,True,True,False
B02401,2026-07-25,Tournée ORBITE,69,True,False,True
B02402,2026-07-25,Tournée ORBITE,69,False,False,False
B02403,2026-07-26,Tournée ORBITE,69,False,False,False
B02404,2026-07-26,Tournée ORBITE,69,True,True,False
B02405,2026-07-26,Tournée ORBITE,69,False,True,False
B02406,2026-07-26,Tournée ORBITE,69,False,False,False
B02407,2026-07-26,Tournée ORBITE,69,True,True,False
B02408,2026-07-26,Tournée ORBITE,69,True,False,False
B02409,2026-07-26,Tournée ORBITE,69,False,False,False
B02410,2026-07-27,Tournée ORBITE,69,True,False,False
B02411,2026-07-27,Tournée ORBITE,75,True,False,False
B02412,2026-07-27,Tournée ORBITE,69,True,False,False
B02413,2026-07-27,Tournée ORBITE,69,False,False,False
B02414,2026-07-27,Tournée ORBITE,69,True,False,True
B02415,2026-07-27,Tournée ORBITE,69,True,False,False
B02416,2026-07-27,Tournée ORBITE,13,True,False,False
B02417,2026-07-27,Tournée ORBITE,69,True,False,False
B02418,2026-07-27,Tournée ORBITE,69,True,False,True
B02419,2026-07-28,Tournée ORBITE,69,False,False,False
B02420,2026-07-28,Tournée ORBITE,69,False,False,False
B02421,2026-07-28,Tournée ORBITE,69,True,False,True
B02422,2026-07-29,Tournée ORBITE,69,True,False,False
B02423,2026-07-29,Tournée ORBITE,69,True,False,True
B02424,2026-07-29,Tournée ORBITE,67,False,False,False
B02425,2026-07-29,Tournée ORBITE,69,True,False,True
B02426,2026-07-29,Tournée ORBITE,34,True,False,True
B02427,2026-07-29,Tournée ORBITE,69,True,False,True
B02428,2026-07-29,Tournée ORBITE,44,True,True,False
B02429,2026-07-29,Tournée ORBITE,69,True,False,True
B02430,2026-07-29,Tournée ORBITE,69,True,False,False
B02431,2026-07-29,Tournée ORBITE,69,False,True,False
B02432,2026-07-30,Tournée ORBITE,44,False,True,False
B02433,2026-07-30,Tournée ORBITE,69,True,True,False
B02434,2026-07-30,Tournée ORBITE,69,True,True,True
B02435,2026-07-30,Tournée ORBITE,69,True,False,False
B02436,2026-07-30,Tournée ORBITE,69,True,False,False
B02437,2026-07-30,Tournée ORBITE,69,True,False,False
B02438,2026-07-31,Tournée ORBITE,69,True,False,False
B02439,2026-07-31,Tournée ORBITE,69,True,True,False
B02440,2026-07-31,Tournée ORBITE,69,True,False,False
B02441,2026-07-31,Tournée ORBITE,69,True,False,True
B02442,2026-07-31,Tournée ORBITE,69,False,False,False
B02443,2026-08-01,Tournée ORBITE,69,False,False,False
B02444,2026-08-01,Tournée ORBITE,69,True,False,False
B02445,2026-08-01,Tournée ORBITE,69,True,False,False
B02446,2026-08-01,Tournée ORBITE,69,True,False,False
B02447,2026-08-01,Tournée ORBITE,69,False,False,False
B02448,2026-08-02,Tournée ORBITE,69,False,True,False
B02449,2026-08-02,Tournée ORBITE,34,False,False,False
B02450,2026-08-02,Tournée ORBITE,69,False,False,False
B02451,2026-08-02,Tournée ORBITE,BE,True,True,False
B02452,2026-08-03,Tournée ORBITE,69,True,False,False
B02453,2026-08-03,Tournée ORBITE,69,True,False,False
B02454,2026-08-03,Tournée ORBITE,69,True,False,False
B02455,2026-08-03,Tournée ORBITE,69,True,False,False
B02456,2026-08-03,Tournée ORBITE,69,True,False,False
B02457,2026-08-03,Tournée ORBITE,69,False,True,False
B02458,2026-08-03,Tournée ORBITE,69,True,False,True
B02459,2026-08-04,Tournée ORBITE,69,True,False,False
B02460,2026-08-04,Tournée ORBITE,69,True,False,False
B02461,2026-08-04,Tournée ORBITE,69,True,True,True
B02462,2026-08-04,Tournée ORBITE,69,True,False,True
B02463,2026-06-09,Tournée ORBITE,33,True,False,False
B02464,2026-06-09,Tournée ORBITE,44,False,False,False
B02465,2026-06-09,Tournée ORBITE,33,True,False,True
B02466,2026-06-09,Tournée ORBITE,33,True,False,False
B02467,2026-06-09,Tournée ORBITE,33,False,False,False
B02468,2026-06-09,Tournée ORBITE,33,False,True,False
B02469,2026-06-09,Tournée ORBITE,34,False,False,False
B02470,2026-06-09,Tournée ORBITE,33,True,False,False
B02471,2026-06-09,Tournée ORBITE,33,False,False,False
B02472,2026-06-09,Tournée ORBITE,33,True,False,False
B02473,2026-06-09,Tournée ORBITE,33,True,False,False
B02474,2026-06-09,Tournée ORBITE,33,False,False,False
B02475,2026-06-09,Tournée ORBITE,33,True,False,False
B02476,2026-06-09,Tournée ORBITE,33,True,True,False
B02477,2026-06-09,Tournée ORBITE,75,False,False,False
B02478,2026-06-09,Tournée ORBITE,33,True,False,False
B02479,2026-06-09,Tournée ORBITE,33,True,False,False
B02480,2026-06-09,Tournée ORBITE,33,True,True,False
B02481,2026-06-09,Tournée ORBITE,67,False,False,False
B02482,2026-06-09,Tournée ORBITE,59,True,False,False
B02483,2026-06-09,Tournée ORBITE,33,True,False,True
B02484,2026-06-09,Tournée ORBITE,33,True,False,False
B02485,2026-06-09,Tournée ORBITE,33,True,False,False
B02486,2026-06-09,Tournée ORBITE,34,True,False,True
B02487,2026-06-09,Tournée ORBITE,44,True,True,True
B02488,2026-06-10,Tournée ORBITE,34,True,True,False
B02489,2026-06-10,Tournée ORBITE,33,False,True,False
B02490,2026-06-10,Tournée ORBITE,33,False,False,False
B02491,2026-06-10,Tournée ORBITE,33,True,False,False
B02492,2026-06-10,Tournée ORBITE,33,True,False,False
B02493,2026-06-10,Tournée ORBITE,33,True,False,True
B02494,2026-06-10,Tournée ORBITE,31,True,False,False
B02495,2026-06-10,Tournée ORBITE,33,True,False,True
B02496,2026-06-10,Tournée ORBITE,69,False,True,False
B02497,2026-06-10,Tournée ORBITE,33,False,False,False
B02498,2026-06-10,Tournée ORBITE,44,True,False,False
B02499,2026-06-10,Tournée ORBITE,33,True,False,False
B02500,2026-06-10,Tournée ORBITE,33,True,False,False
B02501,2026-06-10,Tournée ORBITE,33,False,False,False
B02502,2026-06-10,Tournée ORBITE,75,True,False,True
B02503,2026-06-10,Tournée ORBITE,33,False,True,False
B02504,2026-06-10,Tournée ORBITE,33,False,False,False
B02505,2026-06-11,Tournée ORBITE,33,False,True,False
B02506,2026-06-11,Tournée ORBITE,33,True,False,False
B02507,2026-06-11,Tournée ORBITE,69,True,False,False
B02508,2026-06-11,Tournée ORBITE,33,True,False,False
B02509,2026-06-11,Tournée ORBITE,33,False,True,False
B02510,2026-06-11,Tournée ORBITE,33,False,False,False
B02511,2026-06-11,Tournée ORBITE,31,False,True,False
B02512,2026-06-11,Tournée ORBITE,33,True,False,True
B02513,2026-06-11,Tournée ORBITE,BE,True,False,False
B02514,2026-06-11,Tournée ORBITE,33,True,False,False
B02515,2026-06-11,Tournée ORBITE,33,False,False,False
B02516,2026-06-11,Tournée ORBITE,75,False,False,False
B02517,2026-06-11,Tournée ORBITE,33,True,False,True
B02518,2026-06-11,Tournée ORBITE,33,True,True,False
B02519,2026-06-11,Tournée ORBITE,33,True,True,False
B02520,2026-06-11,Tournée ORBITE,33,False,False,False
B02521,2026-06-11,Tournée ORBITE,33,True,True,False
B02522,2026-06-11,Tournée ORBITE,33,True,False,False
B02523,2026-06-11,Tournée ORBITE,33,False,False,False
B02524,2026-06-11,Tournée ORBITE,33,True,True,True
B02525,2026-06-11,Tournée ORBITE,33,True,False,False
B02526,2026-06-12,Tournée ORBITE,13,True,False,False
B02527,2026-06-12,Tournée ORBITE,33,False,False,False
B02528,2026-06-12,Tournée ORBITE,33,True,True,False
B02529,2026-06-12,Tournée ORBITE,33,True,True,True
B02530,2026-06-12,Tournée ORBITE,33,True,False,False
B02531,2026-06-12,Tournée ORBITE,33,False,False,False
B02532,2026-06-12,Tournée ORBITE,33,False,False,False
B02533,2026-06-12,Tournée ORBITE,33,True,False,False
B02534,2026-06-12,Tournée ORBITE,33,False,False,False
B02535,2026-06-13,Tournée ORBITE,33,False,False,False
B02536,2026-06-13,Tournée ORBITE,33,True,False,True
B02537,2026-06-13,Tournée ORBITE,33,True,False,False
B02538,2026-06-13,Tournée ORBITE,33,False,False,False
B02539,2026-06-13,Tournée ORBITE,33,True,False,False
B02540,2026-06-13,Tournée ORBITE,BE,True,False,False
B02541,2026-06-13,Tournée ORBITE,33,True,True,False
B02542,2026-06-13,Tournée ORBITE,33,True,False,False
B02543,2026-06-13,Tournée ORBITE,33,True,False,False
B02544,2026-06-13,Tournée ORBITE,33,True,True,False
B02545,2026-06-14,Tournée ORBITE,33,True,False,False
B02546,2026-06-14,Tournée ORBITE,33,True,False,False
B02547,2026-06-14,Tournée ORBITE,33,True,False,False
B02548,2026-06-14,Tournée ORBITE,33,True,False,False
B02549,2026-06-14,Tournée ORBITE,33,True,False,False
B02550,2026-06-14,Tournée ORBITE,33,True,True,True
B02551,2026-06-14,Tournée ORBITE,33,False,True,False
B02552,2026-06-14,Tournée ORBITE,33,False,False,False
B02553,2026-06-14,Tournée ORBITE,33,True,False,False
B02554,2026-06-15,Tournée ORBITE,33,True,False,True
B02555,2026-06-15,Tournée ORBITE,BE,True,False,False
B02556,2026-06-15,Tournée ORBITE,33,True,False,False
B02557,2026-06-15,Tournée ORBITE,33,False,False,False
B02558,2026-06-15,Tournée ORBITE,33,True,False,True
B02559,2026-06-16,Tournée ORBITE,33,True,False,False
B02560,2026-06-16,Tournée ORBITE,33,True,False,False
B02561,2026-06-16,Tournée ORBITE,33,True,True,False
B02562,2026-06-17,Tournée ORBITE,33,True,False,False
B02563,2026-06-17,Tournée ORBITE,33,False,False,False
B02564,2026-06-17,Tournée ORBITE,33,True,False,False
B02565,2026-06-17,Tournée ORBITE,33,True,False,False
B02566,2026-06-18,Tournée ORBITE,33,True,False,False
B02567,2026-06-18,Tournée ORBITE,35,False,False,False
B02568,2026-06-18,Tournée ORBITE,BE,True,False,True
B02569,2026-06-18,Tournée ORBITE,33,True,False,False
B02570,2026-06-19,Tournée ORBITE,33,False,False,False
B02571,2026-06-19,Tournée ORBITE,33,True,True,False
B02572,2026-06-19,Tournée ORBITE,44,False,False,False
B02573,2026-06-19,Tournée ORBITE,75,True,True,False
B02574,2026-06-19,Tournée ORBITE,31,True,False,False
B02575,2026-06-19,Tournée ORBITE,33,True,False,False
B02576,2026-06-20,Tournée ORBITE,33,False,False,False
B02577,2026-06-20,Tournée ORBITE,33,False,False,False
B02578,2026-06-21,Tournée ORBITE,31,False,False,False
B02579,2026-06-21,Tournée ORBITE,33,True,False,False
B02580,2026-06-21,Tournée ORBITE,31,False,False,False
B02581,2026-06-21,Tournée ORBITE,33,True,False,False
B02582,2026-06-22,Tournée ORBITE,44,False,True,False
B02583,2026-06-22,Tournée ORBITE,35,False,False,False
B02584,2026-06-22,Tournée ORBITE,75,True,False,True
B02585,2026-06-23,Tournée ORBITE,33,True,False,False
B02586,2026-06-23,Tournée ORBITE,33,False,False,False
B02587,2026-06-23,Tournée ORBITE,33,False,False,False
B02588,2026-06-23,Tournée ORBITE,33,True,True,False
B02589,2026-06-24,Tournée ORBITE,67,True,True,False
B02590,2026-06-24,Tournée ORBITE,33,True,True,False
B02591,2026-06-25,Tournée ORBITE,33,False,False,False
B02592,2026-06-26,Tournée ORBITE,31,True,False,False
B02593,2026-06-26,Tournée ORBITE,33,True,False,False
B02594,2026-06-26,Tournée ORBITE,33,False,True,False
B02595,2026-06-27,Tournée ORBITE,33,True,False,True
B02596,2026-06-27,Tournée ORBITE,33,True,False,False
B02597,2026-06-27,Tournée ORBITE,59,True,False,False
B02598,2026-06-28,Tournée ORBITE,33,False,False,False
B02599,2026-06-28,Tournée ORBITE,33,True,False,False
B02600,2026-06-30,Tournée ORBITE,33,True,False,False
B02601,2026-06-30,Tournée ORBITE,67,False,False,False
B02602,2026-06-30,Tournée ORBITE,33,True,False,False
B02603,2026-06-30,Tournée ORBITE,59,False,True,False
B02604,2026-07-01,Tournée ORBITE,33,False,False,False
B02605,2026-07-01,Tournée ORBITE,33,False,False,False
B02606,2026-07-01,Tournée ORBITE,33,True,False,False
B02607,2026-07-01,Tournée ORBITE,33,False,False,False
B02608,2026-07-01,Tournée ORBITE,33,False,False,False
B02609,2026-07-03,Tournée ORBITE,33,True,True,False
B02610,2026-07-04,Tournée ORBITE,34,True,False,False
B02611,2026-07-04,Tournée ORBITE,33,True,False,False
B02612,2026-07-05,Tournée ORBITE,75,False,False,False
B02613,2026-07-05,Tournée ORBITE,33,True,True,False
B02614,2026-07-05,Tournée ORBITE,33,False,False,False
B02615,2026-07-05,Tournée ORBITE,33,True,False,False
B02616,2026-07-05,Tournée ORBITE,59,False,False,False
B02617,2026-07-06,Tournée ORBITE,33,True,False,False
B02618,2026-07-06,Tournée ORBITE,33,False,True,False
B02619,2026-07-06,Tournée ORBITE,33,True,False,True
B02620,2026-07-06,Tournée ORBITE,33,True,False,False
B02621,2026-07-07,Tournée ORBITE,33,False,False,False
B02622,2026-07-08,Tournée ORBITE,33,False,False,False
B02623,2026-07-08,Tournée ORBITE,33,False,False,False
B02624,2026-07-08,Tournée ORBITE,33,False,False,False
B02625,2026-07-09,Tournée ORBITE,33,True,False,True
B02626,2026-07-12,Tournée ORBITE,33,True,True,True
B02627,2026-07-12,Tournée ORBITE,33,True,False,False
B02628,2026-07-13,Tournée ORBITE,59,True,True,False
B02629,2026-07-13,Tournée ORBITE,33,True,False,False
B02630,2026-07-14,Tournée ORBITE,13,True,True,False
B02631,2026-07-16,Tournée ORBITE,33,True,False,False
B02632,2026-07-16,Tournée ORBITE,59,True,False,False
B02633,2026-07-17,Tournée ORBITE,33,True,False,False
B02634,2026-07-18,Tournée ORBITE,33,True,True,False
B02635,2026-07-18,Tournée ORBITE,33,False,False,False
B02636,2026-07-18,Tournée ORBITE,33,True,False,False
B02637,2026-07-19,Tournée ORBITE,33,False,False,False
B02638,2026-07-19,Tournée ORBITE,33,True,False,False
B02639,2026-07-20,Tournée ORBITE,33,False,True,False
B02640,2026-07-21,Tournée ORBITE,75,True,False,False
B02641,2026-07-21,Tournée ORBITE,33,False,True,False
B02642,2026-07-21,Tournée ORBITE,33,False,False,False
B02643,2026-07-22,Tournée ORBITE,69,True,False,False
B02644,2026-07-22,Tournée ORBITE,33,True,False,True
B02645,2026-07-23,Tournée ORBITE,69,True,False,True
B02646,2026-07-23,Tournée ORBITE,33,False,False,False
B02647,2026-07-23,Tournée ORBITE,33,True,False,False
B02648,2026-07-23,Tournée ORBITE,33,True,False,False
B02649,2026-07-24,Tournée ORBITE,33,True,False,False
B02650,2026-07-25,Tournée ORBITE,67,True,False,False
B02651,2026-07-25,Tournée ORBITE,33,True,False,False
B02652,2026-07-25,Tournée ORBITE,67,True,False,False
B02653,2026-07-26,Tournée ORBITE,33,True,False,False
B02654,2026-07-27,Tournée ORBITE,33,False,False,False
B02655,2026-07-28,Tournée ORBITE,33,True,False,True
B02656,2026-07-29,Tournée ORBITE,33,True,False,False
B02657,2026-07-29,Tournée ORBITE,33,True,False,True
B02658,2026-07-29,Tournée ORBITE,33,True,False,False
B02659,2026-07-29,Tournée ORBITE,33,False,True,False
B02660,2026-07-30,Tournée ORBITE,44,False,False,False
B02661,2026-07-31,Tournée ORBITE,33,True,False,True
B02662,2026-07-31,Tournée ORBITE,33,True,False,False
B02663,2026-07-31,Tournée ORBITE,33,True,True,True
B02664,2026-08-01,Tournée ORBITE,33,False,True,False
B02665,2026-08-01,Tournée ORBITE,69,False,False,False
B02666,2026-08-02,Tournée ORBITE,33,False,False,False
B02667,2026-08-02,Tournée ORBITE,BE,False,False,False
B02668,2026-08-02,Tournée ORBITE,33,False,False,False
B02669,2026-08-03,Tournée ORBITE,33,True,True,False
B02670,2026-08-03,Tournée ORBITE,33,True,False,False
B02671,2026-06-09,Tournée ORBITE,31,True,False,False
B02672,2026-06-09,Tournée ORBITE,31,True,False,False
B02673,2026-06-09,Tournée ORBITE,69,True,False,False
B02674,2026-06-09,Tournée ORBITE,31,False,False,False
B02675,2026-06-09,Tournée ORBITE,69,True,True,False
B02676,2026-06-09,Tournée ORBITE,34,False,True,False
B02677,2026-06-09,Tournée ORBITE,31,False,False,False
B02678,2026-06-09,Tournée ORBITE,31,True,False,False
B02679,2026-06-09,Tournée ORBITE,59,True,False,False
B02680,2026-06-09,Tournée ORBITE,31,True,False,False
B02681,2026-06-09,Tournée ORBITE,44,True,False,False
B02682,2026-06-09,Tournée ORBITE,31,True,False,False
B02683,2026-06-09,Tournée ORBITE,31,True,False,False
B02684,2026-06-09,Tournée ORBITE,13,True,False,True
B02685,2026-06-09,Tournée ORBITE,31,False,False,False
B02686,2026-06-09,Tournée ORBITE,33,True,True,False
B02687,2026-06-09,Tournée ORBITE,31,True,False,False
B02688,2026-06-09,Tournée ORBITE,35,False,False,False
B02689,2026-06-09,Tournée ORBITE,31,False,False,False
B02690,2026-06-09,Tournée ORBITE,31,True,False,False
B02691,2026-06-09,Tournée ORBITE,31,True,False,False
B02692,2026-06-09,Tournée ORBITE,31,False,False,False
B02693,2026-06-09,Tournée ORBITE,35,False,False,False
B02694,2026-06-09,Tournée ORBITE,31,False,False,False
B02695,2026-06-09,Tournée ORBITE,31,False,False,False
B02696,2026-06-09,Tournée ORBITE,75,True,False,False
B02697,2026-06-09,Tournée ORBITE,31,True,False,False
B02698,2026-06-09,Tournée ORBITE,31,True,True,False
B02699,2026-06-09,Tournée ORBITE,31,True,False,False
B02700,2026-06-09,Tournée ORBITE,31,False,False,False
B02701,2026-06-09,Tournée ORBITE,31,True,True,False
B02702,2026-06-09,Tournée ORBITE,31,True,False,False
B02703,2026-06-09,Tournée ORBITE,BE,False,False,False
B02704,2026-06-09,Tournée ORBITE,59,False,False,False
B02705,2026-06-09,Tournée ORBITE,31,False,False,False
B02706,2026-06-09,Tournée ORBITE,31,True,False,False
B02707,2026-06-09,Tournée ORBITE,35,False,True,False
B02708,2026-06-09,Tournée ORBITE,31,True,False,False
B02709,2026-06-09,Tournée ORBITE,31,False,False,False
B02710,2026-06-09,Tournée ORBITE,31,True,True,True
B02711,2026-06-09,Tournée ORBITE,69,True,False,False
B02712,2026-06-09,Tournée ORBITE,31,False,False,False
B02713,2026-06-10,Tournée ORBITE,67,True,False,False
B02714,2026-06-10,Tournée ORBITE,31,True,True,True
B02715,2026-06-10,Tournée ORBITE,31,True,False,False
B02716,2026-06-10,Tournée ORBITE,31,True,False,True
B02717,2026-06-10,Tournée ORBITE,31,True,False,False
B02718,2026-06-10,Tournée ORBITE,31,True,False,False
B02719,2026-06-10,Tournée ORBITE,33,True,False,False
B02720,2026-06-10,Tournée ORBITE,31,True,False,False
B02721,2026-06-10,Tournée ORBITE,31,True,True,True
B02722,2026-06-10,Tournée ORBITE,31,True,False,True
B02723,2026-06-10,Tournée ORBITE,13,False,True,False
B02724,2026-06-10,Tournée ORBITE,31,True,False,False
B02725,2026-06-10,Tournée ORBITE,75,True,True,False
B02726,2026-06-10,Tournée ORBITE,31,False,False,False
B02727,2026-06-10,Tournée ORBITE,31,True,False,False
B02728,2026-06-10,Tournée ORBITE,31,False,True,False
B02729,2026-06-10,Tournée ORBITE,31,True,False,False
B02730,2026-06-10,Tournée ORBITE,31,False,False,False
B02731,2026-06-10,Tournée ORBITE,31,True,True,True
B02732,2026-06-10,Tournée ORBITE,31,True,True,True
B02733,2026-06-10,Tournée ORBITE,31,False,False,False
B02734,2026-06-10,Tournée ORBITE,31,True,False,False
B02735,2026-06-10,Tournée ORBITE,13,True,True,False
B02736,2026-06-10,Tournée ORBITE,31,True,True,False
B02737,2026-06-10,Tournée ORBITE,31,False,True,False
B02738,2026-06-10,Tournée ORBITE,BE,True,False,False
B02739,2026-06-10,Tournée ORBITE,31,False,False,False
B02740,2026-06-10,Tournée ORBITE,44,True,False,False
B02741,2026-06-11,Tournée ORBITE,31,True,True,False
B02742,2026-06-11,Tournée ORBITE,31,True,False,False
B02743,2026-06-11,Tournée ORBITE,31,False,False,False
B02744,2026-06-11,Tournée ORBITE,BE,True,False,False
B02745,2026-06-11,Tournée ORBITE,31,True,False,False
B02746,2026-06-11,Tournée ORBITE,31,True,False,False
B02747,2026-06-11,Tournée ORBITE,31,False,True,False
B02748,2026-06-11,Tournée ORBITE,31,False,False,False
B02749,2026-06-11,Tournée ORBITE,31,True,False,True
B02750,2026-06-11,Tournée ORBITE,33,True,False,False
B02751,2026-06-11,Tournée ORBITE,31,False,False,False
B02752,2026-06-11,Tournée ORBITE,31,True,True,False
B02753,2026-06-11,Tournée ORBITE,31,False,False,False
B02754,2026-06-11,Tournée ORBITE,31,False,True,False
B02755,2026-06-11,Tournée ORBITE,31,False,False,False
B02756,2026-06-11,Tournée ORBITE,31,False,False,False
B02757,2026-06-11,Tournée ORBITE,31,False,False,False
B02758,2026-06-11,Tournée ORBITE,31,False,False,False
B02759,2026-06-12,Tournée ORBITE,31,True,False,False
B02760,2026-06-12,Tournée ORBITE,31,True,False,False
B02761,2026-06-12,Tournée ORBITE,31,True,False,False
B02762,2026-06-12,Tournée ORBITE,31,False,False,False
B02763,2026-06-12,Tournée ORBITE,31,True,True,False
B02764,2026-06-12,Tournée ORBITE,31,False,False,False
B02765,2026-06-12,Tournée ORBITE,31,False,False,False
B02766,2026-06-12,Tournée ORBITE,31,False,False,False
B02767,2026-06-12,Tournée ORBITE,BE,True,False,False
B02768,2026-06-12,Tournée ORBITE,31,True,False,False
B02769,2026-06-12,Tournée ORBITE,31,True,True,False
B02770,2026-06-12,Tournée ORBITE,31,True,False,False
B02771,2026-06-12,Tournée ORBITE,31,True,True,False
B02772,2026-06-12,Tournée ORBITE,31,False,False,False
B02773,2026-06-12,Tournée ORBITE,31,True,False,False
B02774,2026-06-12,Tournée ORBITE,31,True,True,False
B02775,2026-06-12,Tournée ORBITE,31,False,False,False
B02776,2026-06-12,Tournée ORBITE,31,False,False,False
B02777,2026-06-12,Tournée ORBITE,31,True,False,False
B02778,2026-06-12,Tournée ORBITE,31,True,False,True
B02779,2026-06-13,Tournée ORBITE,31,False,False,False
B02780,2026-06-13,Tournée ORBITE,31,True,True,True
B02781,2026-06-13,Tournée ORBITE,35,True,False,True
B02782,2026-06-13,Tournée ORBITE,31,True,False,False
B02783,2026-06-13,Tournée ORBITE,31,True,True,True
B02784,2026-06-13,Tournée ORBITE,31,True,False,False
B02785,2026-06-13,Tournée ORBITE,31,False,False,False
B02786,2026-06-13,Tournée ORBITE,31,True,True,False
B02787,2026-06-13,Tournée ORBITE,31,True,False,False
B02788,2026-06-13,Tournée ORBITE,31,True,False,False
B02789,2026-06-13,Tournée ORBITE,31,False,False,False
B02790,2026-06-13,Tournée ORBITE,33,True,False,True
B02791,2026-06-13,Tournée ORBITE,31,True,False,False
B02792,2026-06-13,Tournée ORBITE,31,True,True,True
B02793,2026-06-13,Tournée ORBITE,31,True,False,False
B02794,2026-06-13,Tournée ORBITE,31,True,False,False
B02795,2026-06-13,Tournée ORBITE,31,False,False,False
B02796,2026-06-13,Tournée ORBITE,31,True,True,False
B02797,2026-06-13,Tournée ORBITE,31,True,False,True
B02798,2026-06-13,Tournée ORBITE,31,True,False,False
B02799,2026-06-13,Tournée ORBITE,31,True,False,True
B02800,2026-06-13,Tournée ORBITE,31,True,False,True
B02801,2026-06-13,Tournée ORBITE,34,True,True,False
B02802,2026-06-13,Tournée ORBITE,31,False,False,False
B02803,2026-06-13,Tournée ORBITE,31,False,False,False
B02804,2026-06-13,Tournée ORBITE,BE,True,False,False
B02805,2026-06-13,Tournée ORBITE,31,True,False,False
B02806,2026-06-13,Tournée ORBITE,31,True,False,True
B02807,2026-06-13,Tournée ORBITE,59,False,False,False
B02808,2026-06-14,Tournée ORBITE,31,True,False,False
B02809,2026-06-14,Tournée ORBITE,31,True,False,False
B02810,2026-06-14,Tournée ORBITE,31,False,False,False
B02811,2026-06-14,Tournée ORBITE,67,False,True,False
B02812,2026-06-14,Tournée ORBITE,33,True,False,False
B02813,2026-06-14,Tournée ORBITE,31,True,False,True
B02814,2026-06-14,Tournée ORBITE,31,True,False,True
B02815,2026-06-14,Tournée ORBITE,31,True,False,False
B02816,2026-06-14,Tournée ORBITE,31,False,False,False
B02817,2026-06-14,Tournée ORBITE,31,True,False,False
B02818,2026-06-14,Tournée ORBITE,BE,True,False,False
B02819,2026-06-14,Tournée ORBITE,31,True,False,False
B02820,2026-06-14,Tournée ORBITE,31,True,False,False
B02821,2026-06-15,Tournée ORBITE,67,True,False,False
B02822,2026-06-15,Tournée ORBITE,31,True,False,True
B02823,2026-06-15,Tournée ORBITE,31,True,True,False
B02824,2026-06-15,Tournée ORBITE,31,True,False,True
B02825,2026-06-15,Tournée ORBITE,31,True,False,True
B02826,2026-06-15,Tournée ORBITE,31,True,True,False
B02827,2026-06-15,Tournée ORBITE,31,True,False,False
B02828,2026-06-15,Tournée ORBITE,67,True,False,False
B02829,2026-06-15,Tournée ORBITE,31,False,True,False
B02830,2026-06-15,Tournée ORBITE,31,True,True,False
B02831,2026-06-15,Tournée ORBITE,75,True,False,False
B02832,2026-06-15,Tournée ORBITE,31,False,False,False
B02833,2026-06-15,Tournée ORBITE,BE,True,False,False
B02834,2026-06-15,Tournée ORBITE,31,True,False,False
B02835,2026-06-16,Tournée ORBITE,31,False,False,False
B02836,2026-06-16,Tournée ORBITE,67,True,False,False
B02837,2026-06-16,Tournée ORBITE,31,True,False,False
B02838,2026-06-16,Tournée ORBITE,31,True,True,False
B02839,2026-06-16,Tournée ORBITE,59,True,False,False
B02840,2026-06-16,Tournée ORBITE,31,True,False,False
B02841,2026-06-16,Tournée ORBITE,33,True,True,True
B02842,2026-06-16,Tournée ORBITE,31,True,False,False
B02843,2026-06-16,Tournée ORBITE,31,True,False,False
B02844,2026-06-16,Tournée ORBITE,31,True,False,False
B02845,2026-06-16,Tournée ORBITE,31,False,False,False
B02846,2026-06-16,Tournée ORBITE,34,False,True,False
B02847,2026-06-16,Tournée ORBITE,31,True,True,False
B02848,2026-06-16,Tournée ORBITE,31,False,False,False
B02849,2026-06-16,Tournée ORBITE,31,False,False,False
B02850,2026-06-16,Tournée ORBITE,34,True,True,False
B02851,2026-06-16,Tournée ORBITE,31,True,False,False
B02852,2026-06-17,Tournée ORBITE,31,False,False,False
B02853,2026-06-17,Tournée ORBITE,31,True,False,True
B02854,2026-06-17,Tournée ORBITE,13,True,False,False
B02855,2026-06-17,Tournée ORBITE,31,False,False,False
B02856,2026-06-17,Tournée ORBITE,31,False,True,False
B02857,2026-06-17,Tournée ORBITE,13,True,False,True
B02858,2026-06-17,Tournée ORBITE,31,False,True,False
B02859,2026-06-17,Tournée ORBITE,31,True,True,False
B02860,2026-06-17,Tournée ORBITE,31,False,False,False
B02861,2026-06-17,Tournée ORBITE,13,True,False,False
B02862,2026-06-17,Tournée ORBITE,31,True,False,True
B02863,2026-06-17,Tournée ORBITE,31,True,True,False
B02864,2026-06-18,Tournée ORBITE,31,False,False,False
B02865,2026-06-18,Tournée ORBITE,31,True,False,False
B02866,2026-06-18,Tournée ORBITE,31,True,False,False
B02867,2026-06-18,Tournée ORBITE,31,True,True,False
B02868,2026-06-18,Tournée ORBITE,31,False,True,False
B02869,2026-06-18,Tournée ORBITE,31,True,False,False
B02870,2026-06-18,Tournée ORBITE,31,True,False,False
B02871,2026-06-18,Tournée ORBITE,31,True,False,False
B02872,2026-06-18,Tournée ORBITE,31,True,False,True
B02873,2026-06-19,Tournée ORBITE,69,False,True,False
B02874,2026-06-19,Tournée ORBITE,31,True,True,True
B02875,2026-06-19,Tournée ORBITE,31,False,False,False
B02876,2026-06-19,Tournée ORBITE,31,True,False,False
B02877,2026-06-19,Tournée ORBITE,13,False,False,False
B02878,2026-06-19,Tournée ORBITE,31,True,False,False
B02879,2026-06-20,Tournée ORBITE,31,True,False,False
B02880,2026-06-20,Tournée ORBITE,31,True,False,False
B02881,2026-06-20,Tournée ORBITE,31,True,False,False
B02882,2026-06-20,Tournée ORBITE,31,False,False,False
B02883,2026-06-20,Tournée ORBITE,31,False,True,False
B02884,2026-06-21,Tournée ORBITE,31,True,False,True
B02885,2026-06-21,Tournée ORBITE,31,True,False,False
B02886,2026-06-21,Tournée ORBITE,31,True,False,False
B02887,2026-06-21,Tournée ORBITE,31,True,False,True
B02888,2026-06-22,Tournée ORBITE,31,True,True,True
B02889,2026-06-22,Tournée ORBITE,31,False,False,False
B02890,2026-06-22,Tournée ORBITE,13,False,False,False
B02891,2026-06-22,Tournée ORBITE,31,True,False,False
B02892,2026-06-23,Tournée ORBITE,31,True,True,True
B02893,2026-06-23,Tournée ORBITE,31,True,False,False
B02894,2026-06-23,Tournée ORBITE,31,False,False,False
B02895,2026-06-23,Tournée ORBITE,75,False,False,False
B02896,2026-06-23,Tournée ORBITE,31,True,False,False
B02897,2026-06-23,Tournée ORBITE,13,True,True,False
B02898,2026-06-23,Tournée ORBITE,31,True,True,False
B02899,2026-06-24,Tournée ORBITE,31,True,False,True
B02900,2026-06-24,Tournée ORBITE,69,True,False,False
B02901,2026-06-24,Tournée ORBITE,31,True,False,False
B02902,2026-06-24,Tournée ORBITE,31,True,False,False
B02903,2026-06-24,Tournée ORBITE,31,True,True,False
B02904,2026-06-24,Tournée ORBITE,13,True,False,False
B02905,2026-06-24,Tournée ORBITE,31,True,False,False
B02906,2026-06-25,Tournée ORBITE,59,True,False,False
B02907,2026-06-25,Tournée ORBITE,31,False,True,False
B02908,2026-06-26,Tournée ORBITE,31,False,True,False
B02909,2026-06-26,Tournée ORBITE,31,False,False,False
B02910,2026-06-26,Tournée ORBITE,31,True,False,False
B02911,2026-06-26,Tournée ORBITE,31,True,False,False
B02912,2026-06-26,Tournée ORBITE,31,True,False,False
B02913,2026-06-26,Tournée ORBITE,31,True,True,False
B02914,2026-06-27,Tournée ORBITE,67,False,True,False
B02915,2026-06-27,Tournée ORBITE,31,True,False,False
B02916,2026-06-27,Tournée ORBITE,31,True,False,False
B02917,2026-06-27,Tournée ORBITE,31,True,False,False
B02918,2026-06-27,Tournée ORBITE,31,True,False,False
B02919,2026-06-28,Tournée ORBITE,31,True,False,False
B02920,2026-06-28,Tournée ORBITE,31,True,False,False
B02921,2026-06-28,Tournée ORBITE,31,True,False,False
B02922,2026-06-28,Tournée ORBITE,31,True,False,False
B02923,2026-06-29,Tournée ORBITE,31,False,False,False
B02924,2026-06-29,Tournée ORBITE,31,False,False,False
B02925,2026-06-29,Tournée ORBITE,31,True,True,False
B02926,2026-06-29,Tournée ORBITE,31,True,True,False
B02927,2026-06-30,Tournée ORBITE,69,True,False,False
B02928,2026-06-30,Tournée ORBITE,31,True,True,False
B02929,2026-06-30,Tournée ORBITE,31,False,False,False
B02930,2026-06-30,Tournée ORBITE,44,True,False,False
B02931,2026-06-30,Tournée ORBITE,31,True,False,False
B02932,2026-07-01,Tournée ORBITE,31,False,True,False
B02933,2026-07-01,Tournée ORBITE,31,True,True,True
B02934,2026-07-01,Tournée ORBITE,31,True,True,False
B02935,2026-07-01,Tournée ORBITE,31,True,False,False
B02936,2026-07-02,Tournée ORBITE,59,True,False,False
B02937,2026-07-02,Tournée ORBITE,31,True,True,False
B02938,2026-07-02,Tournée ORBITE,31,True,False,False
B02939,2026-07-03,Tournée ORBITE,31,True,False,False
B02940,2026-07-04,Tournée ORBITE,31,True,False,True
B02941,2026-07-04,Tournée ORBITE,BE,True,False,False
B02942,2026-07-04,Tournée ORBITE,31,True,False,True
B02943,2026-07-05,Tournée ORBITE,31,True,False,False
B02944,2026-07-06,Tournée ORBITE,31,True,False,False
B02945,2026-07-06,Tournée ORBITE,31,True,True,False
B02946,2026-07-07,Tournée ORBITE,31,True,False,True
B02947,2026-07-07,Tournée ORBITE,31,True,False,False
B02948,2026-07-08,Tournée ORBITE,31,False,False,False
B02949,2026-07-08,Tournée ORBITE,31,True,True,False
B02950,2026-07-08,Tournée ORBITE,44,False,False,False
B02951,2026-07-09,Tournée ORBITE,31,True,False,False
B02952,2026-07-09,Tournée ORBITE,31,True,False,False
B02953,2026-07-09,Tournée ORBITE,31,False,False,False
B02954,2026-07-09,Tournée ORBITE,31,True,False,False
B02955,2026-07-10,Tournée ORBITE,31,True,False,False
B02956,2026-07-10,Tournée ORBITE,31,True,False,False
B02957,2026-07-10,Tournée ORBITE,31,True,False,True
B02958,2026-07-10,Tournée ORBITE,31,True,False,False
B02959,2026-07-10,Tournée ORBITE,31,True,False,False
B02960,2026-07-10,Tournée ORBITE,31,False,False,False
B02961,2026-07-11,Tournée ORBITE,31,False,False,False
B02962,2026-07-11,Tournée ORBITE,31,True,True,False
B02963,2026-07-11,Tournée ORBITE,33,False,False,False
B02964,2026-07-11,Tournée ORBITE,31,False,True,False
B02965,2026-07-12,Tournée ORBITE,31,False,True,False
B02966,2026-07-12,Tournée ORBITE,31,True,False,False
B02967,2026-07-13,Tournée ORBITE,75,False,True,False
B02968,2026-07-13,Tournée ORBITE,31,True,False,False
B02969,2026-07-13,Tournée ORBITE,44,True,False,False
B02970,2026-07-14,Tournée ORBITE,31,True,False,False
B02971,2026-07-14,Tournée ORBITE,31,True,False,False
B02972,2026-07-14,Tournée ORBITE,75,True,False,False
B02973,2026-07-14,Tournée ORBITE,31,False,True,False
B02974,2026-07-14,Tournée ORBITE,31,False,False,False
B02975,2026-07-14,Tournée ORBITE,31,True,False,True
B02976,2026-07-15,Tournée ORBITE,31,False,False,False
B02977,2026-07-15,Tournée ORBITE,31,True,False,False
B02978,2026-07-16,Tournée ORBITE,31,True,False,False
B02979,2026-07-16,Tournée ORBITE,31,False,True,False
B02980,2026-07-16,Tournée ORBITE,44,False,True,False
B02981,2026-07-16,Tournée ORBITE,31,False,False,False
B02982,2026-07-16,Tournée ORBITE,31,True,False,False
B02983,2026-07-16,Tournée ORBITE,31,False,True,False
B02984,2026-07-16,Tournée ORBITE,35,False,False,False
B02985,2026-07-16,Tournée ORBITE,31,True,False,False
B02986,2026-07-17,Tournée ORBITE,31,False,False,False
B02987,2026-07-18,Tournée ORBITE,31,True,False,False
B02988,2026-07-19,Tournée ORBITE,31,True,False,False
B02989,2026-07-19,Tournée ORBITE,31,True,False,False
B02990,2026-07-19,Tournée ORBITE,31,True,False,False
B02991,2026-07-20,Tournée ORBITE,31,False,False,False
B02992,2026-07-20,Tournée ORBITE,31,True,False,True
B02993,2026-07-20,Tournée ORBITE,35,False,False,False
B02994,2026-07-20,Tournée ORBITE,31,True,False,False
B02995,2026-07-20,Tournée ORBITE,31,True,False,False
B02996,2026-07-21,Tournée ORBITE,31,False,False,False
B02997,2026-07-21,Tournée ORBITE,75,True,True,False
B02998,2026-07-21,Tournée ORBITE,31,True,False,False
B02999,2026-07-21,Tournée ORBITE,31,True,False,False
B03000,2026-07-22,Tournée ORBITE,31,True,False,False
B03001,2026-07-22,Tournée ORBITE,31,False,False,False
B03002,2026-07-23,Tournée ORBITE,31,True,False,False
B03003,2026-07-23,Tournée ORBITE,31,True,False,False
B03004,2026-07-23,Tournée ORBITE,31,False,False,False
B03005,2026-07-24,Tournée ORBITE,67,False,True,False
B03006,2026-07-24,Tournée ORBITE,31,True,False,True
B03007,2026-07-24,Tournée ORBITE,31,False,False,False
B03008,2026-07-24,Tournée ORBITE,31,True,False,False
B03009,2026-07-24,Tournée ORBITE,31,True,True,False
B03010,2026-07-24,Tournée ORBITE,31,False,False,False
B03011,2026-07-25,Tournée ORBITE,31,False,False,False
B03012,2026-07-25,Tournée ORBITE,35,True,False,False
B03013,2026-07-25,Tournée ORBITE,31,True,False,False
B03014,2026-07-25,Tournée ORBITE,31,True,False,False
B03015,2026-07-26,Tournée ORBITE,67,True,False,False
B03016,2026-07-26,Tournée ORBITE,31,False,False,False
B03017,2026-07-26,Tournée ORBITE,31,True,False,False
B03018,2026-07-27,Tournée ORBITE,31,True,False,False
B03019,2026-07-28,Tournée ORBITE,31,True,False,False
B03020,2026-07-28,Tournée ORBITE,69,True,False,False
B03021,2026-07-28,Tournée ORBITE,31,True,False,False
B03022,2026-07-28,Tournée ORBITE,31,False,False,False
B03023,2026-07-28,Tournée ORBITE,31,True,False,False
B03024,2026-07-28,Tournée ORBITE,BE,True,False,True
B03025,2026-07-29,Tournée ORBITE,13,False,False,False
B03026,2026-07-29,Tournée ORBITE,31,True,False,False
B03027,2026-07-29,Tournée ORBITE,31,False,False,False
B03028,2026-07-29,Tournée ORBITE,31,False,False,False
B03029,2026-07-29,Tournée ORBITE,69,False,True,False
B03030,2026-07-29,Tournée ORBITE,31,True,False,False
B03031,2026-07-29,Tournée ORBITE,75,True,False,False
B03032,2026-07-29,Tournée ORBITE,31,False,False,False
B03033,2026-07-31,Tournée ORBITE,31,False,False,False
B03034,2026-07-31,Tournée ORBITE,31,True,True,False
B03035,2026-07-31,Tournée ORBITE,31,False,False,False
B03036,2026-07-31,Tournée ORBITE,31,True,False,False
B03037,2026-07-31,Tournée ORBITE,13,True,False,False
B03038,2026-08-01,Tournée ORBITE,69,True,False,False
B03039,2026-08-01,Tournée ORBITE,13,False,False,False
B03040,2026-08-01,Tournée ORBITE,67,True,False,False
B03041,2026-08-01,Tournée ORBITE,31,True,False,False
B03042,2026-08-02,Tournée ORBITE,31,False,False,False
B03043,2026-08-02,Tournée ORBITE,35,True,False,False
B03044,2026-08-02,Tournée ORBITE,69,False,False,False
B03045,2026-08-02,Tournée ORBITE,31,True,False,True
B03046,2026-08-02,Tournée ORBITE,31,True,False,False
B03047,2026-08-02,Tournée ORBITE,31,True,False,False
B03048,2026-08-02,Tournée ORBITE,BE,False,False,False
B03049,2026-08-03,Tournée ORBITE,31,False,False,False
B03050,2026-08-03,Tournée ORBITE,31,False,False,False
B03051,2026-08-03,Tournée ORBITE,75,True,False,True
B03052,2026-08-04,Tournée ORBITE,31,False,False,False
B03053,2026-08-04,Tournée ORBITE,31,True,False,True
B03054,2026-06-16,Tournée ORBITE,44,False,False,False
B03055,2026-06-16,Tournée ORBITE,44,True,True,True
B03056,2026-06-16,Tournée ORBITE,44,True,True,False
B03057,2026-06-16,Tournée ORBITE,31,True,True,False
B03058,2026-06-16,Tournée ORBITE,44,True,False,False
B03059,2026-06-16,Tournée ORBITE,35,False,True,False
B03060,2026-06-16,Tournée ORBITE,44,True,False,True
B03061,2026-06-16,Tournée ORBITE,44,False,False,False
B03062,2026-06-16,Tournée ORBITE,44,False,True,False
B03063,2026-06-16,Tournée ORBITE,44,True,False,False
B03064,2026-06-16,Tournée ORBITE,44,False,True,False
B03065,2026-06-16,Tournée ORBITE,31,False,False,False
B03066,2026-06-16,Tournée ORBITE,44,True,False,False
B03067,2026-06-16,Tournée ORBITE,44,False,False,False
B03068,2026-06-16,Tournée ORBITE,44,True,True,False
B03069,2026-06-16,Tournée ORBITE,44,True,False,False
B03070,2026-06-16,Tournée ORBITE,69,False,False,False
B03071,2026-06-16,Tournée ORBITE,59,True,False,False
B03072,2026-06-16,Tournée ORBITE,44,True,False,False
B03073,2026-06-16,Tournée ORBITE,44,False,False,False
B03074,2026-06-16,Tournée ORBITE,44,False,False,False
B03075,2026-06-16,Tournée ORBITE,69,True,False,False
B03076,2026-06-16,Tournée ORBITE,35,True,False,False
B03077,2026-06-16,Tournée ORBITE,44,True,True,True
B03078,2026-06-16,Tournée ORBITE,44,True,False,False
B03079,2026-06-17,Tournée ORBITE,44,True,False,False
B03080,2026-06-17,Tournée ORBITE,44,False,False,False
B03081,2026-06-17,Tournée ORBITE,44,False,False,False
B03082,2026-06-17,Tournée ORBITE,44,False,False,False
B03083,2026-06-17,Tournée ORBITE,67,True,False,False
B03084,2026-06-17,Tournée ORBITE,44,True,False,False
B03085,2026-06-17,Tournée ORBITE,44,True,False,False
B03086,2026-06-17,Tournée ORBITE,44,True,True,False
B03087,2026-06-17,Tournée ORBITE,BE,True,False,False
B03088,2026-06-17,Tournée ORBITE,44,False,True,False
B03089,2026-06-17,Tournée ORBITE,44,False,False,False
B03090,2026-06-17,Tournée ORBITE,44,False,False,False
B03091,2026-06-17,Tournée ORBITE,44,True,False,False
B03092,2026-06-17,Tournée ORBITE,44,False,False,False
B03093,2026-06-17,Tournée ORBITE,44,True,False,False
B03094,2026-06-17,Tournée ORBITE,44,True,False,False
B03095,2026-06-18,Tournée ORBITE,44,True,True,False
B03096,2026-06-18,Tournée ORBITE,44,True,True,False
B03097,2026-06-18,Tournée ORBITE,44,False,True,False
B03098,2026-06-18,Tournée ORBITE,33,True,False,False
B03099,2026-06-18,Tournée ORBITE,44,False,False,False
B03100,2026-06-18,Tournée ORBITE,44,True,False,False
B03101,2026-06-18,Tournée ORBITE,44,False,True,False
B03102,2026-06-18,Tournée ORBITE,44,False,False,False
B03103,2026-06-18,Tournée ORBITE,44,False,False,False
B03104,2026-06-18,Tournée ORBITE,35,True,False,False
B03105,2026-06-19,Tournée ORBITE,34,False,True,False
B03106,2026-06-19,Tournée ORBITE,31,True,False,False
B03107,2026-06-19,Tournée ORBITE,44,True,False,False
B03108,2026-06-19,Tournée ORBITE,44,False,True,False
B03109,2026-06-19,Tournée ORBITE,44,True,False,False
B03110,2026-06-19,Tournée ORBITE,44,False,True,False
B03111,2026-06-19,Tournée ORBITE,44,True,False,False
B03112,2026-06-19,Tournée ORBITE,44,True,False,True
B03113,2026-06-19,Tournée ORBITE,44,False,False,False
B03114,2026-06-19,Tournée ORBITE,44,True,True,False
B03115,2026-06-19,Tournée ORBITE,44,True,True,False
B03116,2026-06-19,Tournée ORBITE,44,False,False,False
B03117,2026-06-19,Tournée ORBITE,44,True,False,True
B03118,2026-06-19,Tournée ORBITE,44,True,False,False
B03119,2026-06-19,Tournée ORBITE,33,False,True,False
B03120,2026-06-19,Tournée ORBITE,44,True,False,True
B03121,2026-06-19,Tournée ORBITE,44,True,True,False
B03122,2026-06-19,Tournée ORBITE,44,True,False,True
B03123,2026-06-20,Tournée ORBITE,44,True,False,False
B03124,2026-06-20,Tournée ORBITE,44,False,False,False
B03125,2026-06-20,Tournée ORBITE,44,False,False,False
B03126,2026-06-20,Tournée ORBITE,44,True,False,False
B03127,2026-06-20,Tournée ORBITE,44,False,False,False
B03128,2026-06-20,Tournée ORBITE,44,False,False,False
B03129,2026-06-20,Tournée ORBITE,44,True,False,False
B03130,2026-06-20,Tournée ORBITE,75,True,False,False
B03131,2026-06-20,Tournée ORBITE,35,True,False,False
B03132,2026-06-20,Tournée ORBITE,44,False,True,False
B03133,2026-06-20,Tournée ORBITE,44,False,False,False
B03134,2026-06-20,Tournée ORBITE,44,True,False,False
B03135,2026-06-20,Tournée ORBITE,44,True,False,False
B03136,2026-06-20,Tournée ORBITE,44,True,False,False
B03137,2026-06-21,Tournée ORBITE,44,True,False,False
B03138,2026-06-21,Tournée ORBITE,35,True,True,False
B03139,2026-06-21,Tournée ORBITE,44,True,False,False
B03140,2026-06-21,Tournée ORBITE,44,False,False,False
B03141,2026-06-22,Tournée ORBITE,44,True,True,False
B03142,2026-06-22,Tournée ORBITE,44,False,False,False
B03143,2026-06-22,Tournée ORBITE,44,True,False,False
B03144,2026-06-22,Tournée ORBITE,67,False,False,False
B03145,2026-06-22,Tournée ORBITE,44,False,False,False
B03146,2026-06-22,Tournée ORBITE,44,True,False,False
B03147,2026-06-22,Tournée ORBITE,13,True,False,False
B03148,2026-06-22,Tournée ORBITE,44,True,True,False
B03149,2026-06-22,Tournée ORBITE,31,True,False,False
B03150,2026-06-22,Tournée ORBITE,44,True,False,False
B03151,2026-06-22,Tournée ORBITE,44,True,False,True
B03152,2026-06-22,Tournée ORBITE,44,True,False,False
B03153,2026-06-22,Tournée ORBITE,44,True,True,False
B03154,2026-06-23,Tournée ORBITE,44,True,False,False
B03155,2026-06-23,Tournée ORBITE,44,False,False,False
B03156,2026-06-23,Tournée ORBITE,44,True,False,False
B03157,2026-06-23,Tournée ORBITE,44,False,False,False
B03158,2026-06-23,Tournée ORBITE,33,True,False,False
B03159,2026-06-23,Tournée ORBITE,44,True,True,False
B03160,2026-06-23,Tournée ORBITE,44,True,False,True
B03161,2026-06-23,Tournée ORBITE,44,False,False,False
B03162,2026-06-24,Tournée ORBITE,44,True,False,True
B03163,2026-06-24,Tournée ORBITE,44,True,False,False
B03164,2026-06-24,Tournée ORBITE,44,False,False,False
B03165,2026-06-24,Tournée ORBITE,44,True,True,True
B03166,2026-06-24,Tournée ORBITE,44,True,False,True
B03167,2026-06-24,Tournée ORBITE,44,False,False,False
B03168,2026-06-25,Tournée ORBITE,44,False,False,False
B03169,2026-06-25,Tournée ORBITE,44,True,False,False
B03170,2026-06-25,Tournée ORBITE,44,False,False,False
B03171,2026-06-25,Tournée ORBITE,69,True,False,False
B03172,2026-06-26,Tournée ORBITE,44,False,False,False
B03173,2026-06-26,Tournée ORBITE,59,True,False,False
B03174,2026-06-26,Tournée ORBITE,33,True,False,False
B03175,2026-06-26,Tournée ORBITE,69,True,False,False
B03176,2026-06-26,Tournée ORBITE,44,False,True,False
B03177,2026-06-26,Tournée ORBITE,69,True,False,False
B03178,2026-06-26,Tournée ORBITE,44,False,False,False
B03179,2026-06-26,Tournée ORBITE,BE,False,False,False
B03180,2026-06-26,Tournée ORBITE,44,True,False,False
B03181,2026-06-27,Tournée ORBITE,35,True,False,False
B03182,2026-06-27,Tournée ORBITE,44,True,True,False
B03183,2026-06-27,Tournée ORBITE,44,True,True,True
B03184,2026-06-27,Tournée ORBITE,44,True,False,False
B03185,2026-06-28,Tournée ORBITE,75,True,True,False
B03186,2026-06-28,Tournée ORBITE,44,False,False,False
B03187,2026-06-28,Tournée ORBITE,44,False,False,False
B03188,2026-06-28,Tournée ORBITE,44,True,False,True
B03189,2026-06-28,Tournée ORBITE,44,True,True,False
B03190,2026-06-28,Tournée ORBITE,44,True,False,False
B03191,2026-06-28,Tournée ORBITE,44,False,False,False
B03192,2026-06-29,Tournée ORBITE,44,False,False,False
B03193,2026-06-29,Tournée ORBITE,44,False,False,False
B03194,2026-06-30,Tournée ORBITE,44,True,False,False
B03195,2026-06-30,Tournée ORBITE,44,True,False,False
B03196,2026-06-30,Tournée ORBITE,44,True,False,False
B03197,2026-07-01,Tournée ORBITE,44,True,False,False
B03198,2026-07-01,Tournée ORBITE,75,True,False,True
B03199,2026-07-02,Tournée ORBITE,33,True,True,False
B03200,2026-07-03,Tournée ORBITE,44,True,False,False
B03201,2026-07-03,Tournée ORBITE,75,True,True,False
B03202,2026-07-04,Tournée ORBITE,44,False,False,False
B03203,2026-07-04,Tournée ORBITE,44,False,True,False
B03204,2026-07-05,Tournée ORBITE,69,False,True,False
B03205,2026-07-05,Tournée ORBITE,44,True,False,False
B03206,2026-07-05,Tournée ORBITE,44,True,False,False
B03207,2026-07-05,Tournée ORBITE,44,False,False,False
B03208,2026-07-07,Tournée ORBITE,44,True,False,False
B03209,2026-07-07,Tournée ORBITE,44,True,False,False
B03210,2026-07-07,Tournée ORBITE,44,False,False,False
B03211,2026-07-07,Tournée ORBITE,44,False,True,False
B03212,2026-07-08,Tournée ORBITE,44,True,False,False
B03213,2026-07-08,Tournée ORBITE,44,True,False,False
B03214,2026-07-08,Tournée ORBITE,44,True,False,True
B03215,2026-07-08,Tournée ORBITE,44,True,False,False
B03216,2026-07-08,Tournée ORBITE,44,True,False,False
B03217,2026-07-09,Tournée ORBITE,44,True,False,False
B03218,2026-07-09,Tournée ORBITE,44,False,False,False
B03219,2026-07-09,Tournée ORBITE,44,False,False,False
B03220,2026-07-10,Tournée ORBITE,44,True,True,True
B03221,2026-07-10,Tournée ORBITE,35,True,True,False
B03222,2026-07-11,Tournée ORBITE,67,False,False,False
B03223,2026-07-11,Tournée ORBITE,44,True,False,True
B03224,2026-07-11,Tournée ORBITE,44,True,False,True
B03225,2026-07-12,Tournée ORBITE,44,True,False,False
B03226,2026-07-12,Tournée ORBITE,44,False,False,False
B03227,2026-07-13,Tournée ORBITE,67,True,False,True
B03228,2026-07-13,Tournée ORBITE,44,True,False,False
B03229,2026-07-13,Tournée ORBITE,44,True,False,False
B03230,2026-07-13,Tournée ORBITE,31,True,False,False
B03231,2026-07-15,Tournée ORBITE,75,False,False,False
B03232,2026-07-16,Tournée ORBITE,44,True,False,True
B03233,2026-07-16,Tournée ORBITE,44,True,False,False
B03234,2026-07-17,Tournée ORBITE,33,True,False,False
B03235,2026-07-18,Tournée ORBITE,44,True,False,True
B03236,2026-07-18,Tournée ORBITE,44,True,False,False
B03237,2026-07-18,Tournée ORBITE,44,False,False,False
B03238,2026-07-18,Tournée ORBITE,44,False,False,False
B03239,2026-07-19,Tournée ORBITE,69,False,True,False
B03240,2026-07-20,Tournée ORBITE,44,True,False,True
B03241,2026-07-20,Tournée ORBITE,44,True,False,True
B03242,2026-07-20,Tournée ORBITE,44,True,False,False
B03243,2026-07-20,Tournée ORBITE,44,True,False,False
B03244,2026-07-21,Tournée ORBITE,44,False,False,False
B03245,2026-07-21,Tournée ORBITE,44,False,False,False
B03246,2026-07-21,Tournée ORBITE,44,True,False,False
B03247,2026-07-21,Tournée ORBITE,44,True,True,False
B03248,2026-07-22,Tournée ORBITE,33,True,True,False
B03249,2026-07-22,Tournée ORBITE,35,True,False,False
B03250,2026-07-22,Tournée ORBITE,44,True,False,False
B03251,2026-07-23,Tournée ORBITE,44,True,False,True
B03252,2026-07-23,Tournée ORBITE,33,True,False,False
B03253,2026-07-23,Tournée ORBITE,35,True,False,False
B03254,2026-07-23,Tournée ORBITE,44,True,True,True
B03255,2026-07-23,Tournée ORBITE,44,True,False,False
B03256,2026-07-24,Tournée ORBITE,44,True,True,False
B03257,2026-07-25,Tournée ORBITE,75,False,False,False
B03258,2026-07-26,Tournée ORBITE,44,False,True,False
B03259,2026-07-27,Tournée ORBITE,44,True,False,False
B03260,2026-07-27,Tournée ORBITE,44,False,False,False
B03261,2026-07-27,Tournée ORBITE,44,True,False,False
B03262,2026-07-28,Tournée ORBITE,44,False,False,False
B03263,2026-07-28,Tournée ORBITE,44,False,False,False
B03264,2026-07-28,Tournée ORBITE,44,False,False,False
B03265,2026-07-28,Tournée ORBITE,44,True,False,False
B03266,2026-07-29,Tournée ORBITE,44,False,False,False
B03267,2026-07-29,Tournée ORBITE,44,False,False,False
B03268,2026-07-30,Tournée ORBITE,44,True,False,False
B03269,2026-07-31,Tournée ORBITE,44,False,False,False
B03270,2026-07-31,Tournée ORBITE,44,True,False,False
B03271,2026-08-01,Tournée ORBITE,44,True,False,True
B03272,2026-08-01,Tournée ORBITE,44,False,False,False
B03273,2026-08-01,Tournée ORBITE,44,False,False,False
B03274,2026-08-01,Tournée ORBITE,44,True,False,True
B03275,2026-08-01,Tournée ORBITE,44,True,False,False
B03276,2026-08-02,Tournée ORBITE,13,True,True,False
B03277,2026-08-02,Tournée ORBITE,44,True,False,False
B03278,2026-08-04,Tournée ORBITE,44,True,False,False
B03279,2026-08-04,Tournée ORBITE,44,False,False,False
B03280,2026-08-04,Tournée ORBITE,44,True,False,False
B03281,2026-08-04,Tournée ORBITE,13,False,False,False
B03282,2026-06-16,Tournée ORBITE,44,True,False,False
B03283,2026-06-16,Tournée ORBITE,35,False,True,False
B03284,2026-06-16,Tournée ORBITE,35,True,False,False
B03285,2026-06-16,Tournée ORBITE,34,True,False,False
B03286,2026-06-16,Tournée ORBITE,35,True,True,True
B03287,2026-06-16,Tournée ORBITE,35,True,False,False
B03288,2026-06-16,Tournée ORBITE,59,True,False,False
B03289,2026-06-16,Tournée ORBITE,35,False,False,False
B03290,2026-06-16,Tournée ORBITE,35,True,False,False
B03291,2026-06-16,Tournée ORBITE,33,True,True,False
B03292,2026-06-16,Tournée ORBITE,35,False,False,False
B03293,2026-06-16,Tournée ORBITE,35,True,True,False
B03294,2026-06-16,Tournée ORBITE,67,True,False,False
B03295,2026-06-16,Tournée ORBITE,33,False,False,False
B03296,2026-06-16,Tournée ORBITE,35,True,False,False
B03297,2026-06-16,Tournée ORBITE,69,True,False,False
B03298,2026-06-16,Tournée ORBITE,13,False,False,False
B03299,2026-06-17,Tournée ORBITE,59,False,True,False
B03300,2026-06-17,Tournée ORBITE,35,True,False,False
B03301,2026-06-17,Tournée ORBITE,35,True,False,False
B03302,2026-06-17,Tournée ORBITE,35,False,False,False
B03303,2026-06-17,Tournée ORBITE,35,True,True,False
B03304,2026-06-17,Tournée ORBITE,35,True,False,True
B03305,2026-06-17,Tournée ORBITE,35,False,False,False
B03306,2026-06-17,Tournée ORBITE,35,False,False,False
B03307,2026-06-17,Tournée ORBITE,35,False,False,False
B03308,2026-06-17,Tournée ORBITE,35,False,False,False
B03309,2026-06-17,Tournée ORBITE,35,True,False,False
B03310,2026-06-17,Tournée ORBITE,35,True,False,False
B03311,2026-06-18,Tournée ORBITE,35,True,False,False
B03312,2026-06-18,Tournée ORBITE,35,True,False,False
B03313,2026-06-18,Tournée ORBITE,35,True,False,False
B03314,2026-06-18,Tournée ORBITE,13,False,False,False
B03315,2026-06-18,Tournée ORBITE,35,False,False,False
B03316,2026-06-18,Tournée ORBITE,35,True,True,False
B03317,2026-06-18,Tournée ORBITE,35,False,False,False
B03318,2026-06-18,Tournée ORBITE,35,True,False,False
B03319,2026-06-18,Tournée ORBITE,35,True,False,False
B03320,2026-06-18,Tournée ORBITE,35,False,False,False
B03321,2026-06-18,Tournée ORBITE,35,False,False,False
B03322,2026-06-18,Tournée ORBITE,35,False,False,False
B03323,2026-06-18,Tournée ORBITE,35,True,False,True
B03324,2026-06-18,Tournée ORBITE,BE,True,False,False
B03325,2026-06-18,Tournée ORBITE,35,False,False,False
B03326,2026-06-18,Tournée ORBITE,69,False,False,False
B03327,2026-06-18,Tournée ORBITE,35,False,False,False
B03328,2026-06-18,Tournée ORBITE,35,False,False,False
B03329,2026-06-19,Tournée ORBITE,35,True,False,False
B03330,2026-06-19,Tournée ORBITE,35,True,False,False
B03331,2026-06-19,Tournée ORBITE,35,True,False,True
B03332,2026-06-19,Tournée ORBITE,35,False,False,False
B03333,2026-06-19,Tournée ORBITE,35,True,False,False
B03334,2026-06-19,Tournée ORBITE,35,True,False,False
B03335,2026-06-19,Tournée ORBITE,35,False,False,False
B03336,2026-06-19,Tournée ORBITE,35,False,False,False
B03337,2026-06-19,Tournée ORBITE,44,True,False,False
B03338,2026-06-19,Tournée ORBITE,35,True,True,False
B03339,2026-06-19,Tournée ORBITE,69,True,False,False
B03340,2026-06-19,Tournée ORBITE,35,True,True,False
B03341,2026-06-20,Tournée ORBITE,35,False,False,False
B03342,2026-06-20,Tournée ORBITE,13,False,False,False
B03343,2026-06-20,Tournée ORBITE,35,True,False,False
B03344,2026-06-20,Tournée ORBITE,35,False,False,False
B03345,2026-06-20,Tournée ORBITE,35,True,True,False
B03346,2026-06-20,Tournée ORBITE,69,True,True,False
B03347,2026-06-20,Tournée ORBITE,67,False,False,False
B03348,2026-06-21,Tournée ORBITE,35,False,False,False
B03349,2026-06-21,Tournée ORBITE,13,True,True,False
B03350,2026-06-21,Tournée ORBITE,BE,True,False,False
B03351,2026-06-21,Tournée ORBITE,35,False,False,False
B03352,2026-06-21,Tournée ORBITE,13,False,False,False
B03353,2026-06-21,Tournée ORBITE,35,False,False,False
B03354,2026-06-22,Tournée ORBITE,75,True,False,False
B03355,2026-06-22,Tournée ORBITE,35,True,False,False
B03356,2026-06-22,Tournée ORBITE,35,True,False,False
B03357,2026-06-23,Tournée ORBITE,35,False,False,False
B03358,2026-06-23,Tournée ORBITE,35,True,False,False
B03359,2026-06-23,Tournée ORBITE,35,True,False,False
B03360,2026-06-23,Tournée ORBITE,35,True,False,True
B03361,2026-06-23,Tournée ORBITE,59,True,False,False
B03362,2026-06-23,Tournée ORBITE,BE,True,False,True
B03363,2026-06-23,Tournée ORBITE,35,True,False,True
B03364,2026-06-23,Tournée ORBITE,35,True,False,False
B03365,2026-06-23,Tournée ORBITE,35,True,False,False
B03366,2026-06-24,Tournée ORBITE,35,False,True,False
B03367,2026-06-24,Tournée ORBITE,35,True,False,False
B03368,2026-06-25,Tournée ORBITE,35,False,True,False
B03369,2026-06-25,Tournée ORBITE,35,True,False,False
B03370,2026-06-25,Tournée ORBITE,35,True,False,False
B03371,2026-06-27,Tournée ORBITE,35,True,False,True
B03372,2026-06-28,Tournée ORBITE,35,False,False,False
B03373,2026-06-29,Tournée ORBITE,35,False,False,False
B03374,2026-06-29,Tournée ORBITE,35,False,False,False
B03375,2026-06-29,Tournée ORBITE,35,False,False,False
B03376,2026-06-29,Tournée ORBITE,35,True,False,False
B03377,2026-06-30,Tournée ORBITE,35,True,False,False
B03378,2026-07-02,Tournée ORBITE,35,True,False,True
B03379,2026-07-03,Tournée ORBITE,35,True,True,True
B03380,2026-07-03,Tournée ORBITE,35,True,True,False
B03381,2026-07-03,Tournée ORBITE,35,True,False,True
B03382,2026-07-03,Tournée ORBITE,35,True,False,False
B03383,2026-07-04,Tournée ORBITE,35,True,False,False
B03384,2026-07-05,Tournée ORBITE,BE,False,True,False
B03385,2026-07-06,Tournée ORBITE,35,True,True,False
B03386,2026-07-07,Tournée ORBITE,35,True,False,False
B03387,2026-07-08,Tournée ORBITE,35,True,False,False
B03388,2026-07-08,Tournée ORBITE,35,False,False,False
B03389,2026-07-09,Tournée ORBITE,35,True,False,False
B03390,2026-07-10,Tournée ORBITE,35,True,False,False
B03391,2026-07-11,Tournée ORBITE,69,True,False,False
B03392,2026-07-12,Tournée ORBITE,35,True,False,False
B03393,2026-07-12,Tournée ORBITE,35,False,False,False
B03394,2026-07-12,Tournée ORBITE,35,False,False,False
B03395,2026-07-13,Tournée ORBITE,35,True,False,True
B03396,2026-07-14,Tournée ORBITE,35,False,False,False
B03397,2026-07-14,Tournée ORBITE,35,True,True,False
B03398,2026-07-14,Tournée ORBITE,35,True,True,False
B03399,2026-07-15,Tournée ORBITE,35,True,False,False
B03400,2026-07-16,Tournée ORBITE,59,False,False,False
B03401,2026-07-16,Tournée ORBITE,35,True,True,False
B03402,2026-07-17,Tournée ORBITE,35,True,False,False
B03403,2026-07-17,Tournée ORBITE,35,False,False,False
B03404,2026-07-18,Tournée ORBITE,35,False,True,False
B03405,2026-07-18,Tournée ORBITE,35,True,False,False
B03406,2026-07-18,Tournée ORBITE,35,True,True,True
B03407,2026-07-19,Tournée ORBITE,35,True,False,False
B03408,2026-07-19,Tournée ORBITE,44,True,False,False
B03409,2026-07-19,Tournée ORBITE,35,True,False,False
B03410,2026-07-20,Tournée ORBITE,35,False,True,False
B03411,2026-07-22,Tournée ORBITE,35,False,False,False
B03412,2026-07-22,Tournée ORBITE,35,False,False,False
B03413,2026-07-22,Tournée ORBITE,35,True,False,False
B03414,2026-07-26,Tournée ORBITE,35,False,True,False
B03415,2026-07-28,Tournée ORBITE,35,False,True,False
B03416,2026-07-29,Tournée ORBITE,35,True,False,False
B03417,2026-07-29,Tournée ORBITE,75,True,False,False
B03418,2026-07-29,Tournée ORBITE,35,False,False,False
B03419,2026-07-31,Tournée ORBITE,35,False,False,False
B03420,2026-07-31,Tournée ORBITE,35,False,False,False
B03421,2026-08-01,Tournée ORBITE,35,True,False,False
B03422,2026-08-01,Tournée ORBITE,35,True,False,False
B03423,2026-08-01,Tournée ORBITE,35,False,True,False
B03424,2026-08-02,Tournée ORBITE,35,True,False,False
B03425,2026-08-03,Tournée ORBITE,35,True,False,False
B03426,2026-08-03,Tournée ORBITE,35,True,False,False
B03427,2026-08-04,Tournée ORBITE,35,True,False,False
B03428,2026-08-04,Tournée ORBITE,34,False,False,False
B03429,2026-08-04,Tournée ORBITE,35,True,True,False
B03430,2026-06-16,Tournée ORBITE,59,True,False,False
B03431,2026-06-16,Tournée ORBITE,59,False,False,False
B03432,2026-06-16,Tournée ORBITE,59,False,False,False
B03433,2026-06-16,Tournée ORBITE,31,True,False,True
B03434,2026-06-16,Tournée ORBITE,59,False,False,False
B03435,2026-06-16,Tournée ORBITE,59,True,True,False
B03436,2026-06-16,Tournée ORBITE,59,True,False,False
B03437,2026-06-16,Tournée ORBITE,59,False,False,False
B03438,2026-06-16,Tournée ORBITE,75,True,False,False
B03439,2026-06-16,Tournée ORBITE,59,False,False,False
B03440,2026-06-16,Tournée ORBITE,59,True,False,False
B03441,2026-06-16,Tournée ORBITE,59,False,True,False
B03442,2026-06-16,Tournée ORBITE,59,True,False,False
B03443,2026-06-16,Tournée ORBITE,59,True,False,False
B03444,2026-06-16,Tournée ORBITE,31,False,False,False
B03445,2026-06-16,Tournée ORBITE,59,True,False,False
B03446,2026-06-16,Tournée ORBITE,59,False,True,False
B03447,2026-06-16,Tournée ORBITE,59,True,False,False
B03448,2026-06-16,Tournée ORBITE,59,False,False,False
B03449,2026-06-16,Tournée ORBITE,59,True,False,False
B03450,2026-06-16,Tournée ORBITE,59,True,True,False
B03451,2026-06-16,Tournée ORBITE,59,True,False,False
B03452,2026-06-16,Tournée ORBITE,69,True,False,False
B03453,2026-06-16,Tournée ORBITE,59,False,False,False
B03454,2026-06-16,Tournée ORBITE,13,True,True,False
B03455,2026-06-16,Tournée ORBITE,59,True,False,False
B03456,2026-06-16,Tournée ORBITE,59,False,False,False
B03457,2026-06-16,Tournée ORBITE,31,True,False,False
B03458,2026-06-16,Tournée ORBITE,59,True,False,True
B03459,2026-06-16,Tournée ORBITE,59,True,False,False
B03460,2026-06-16,Tournée ORBITE,59,False,False,False
B03461,2026-06-17,Tournée ORBITE,59,True,True,False
B03462,2026-06-17,Tournée ORBITE,44,True,False,True
B03463,2026-06-17,Tournée ORBITE,BE,False,False,False
B03464,2026-06-17,Tournée ORBITE,59,False,True,False
B03465,2026-06-17,Tournée ORBITE,59,True,False,False
B03466,2026-06-17,Tournée ORBITE,59,True,False,False
B03467,2026-06-17,Tournée ORBITE,59,False,False,False
B03468,2026-06-17,Tournée ORBITE,59,True,False,False
B03469,2026-06-17,Tournée ORBITE,59,True,False,True
B03470,2026-06-17,Tournée ORBITE,59,True,False,False
B03471,2026-06-17,Tournée ORBITE,BE,True,False,False
B03472,2026-06-17,Tournée ORBITE,13,False,False,False
B03473,2026-06-17,Tournée ORBITE,59,True,True,False
B03474,2026-06-17,Tournée ORBITE,69,False,True,False
B03475,2026-06-17,Tournée ORBITE,59,True,False,True
B03476,2026-06-17,Tournée ORBITE,59,True,False,False
B03477,2026-06-17,Tournée ORBITE,59,False,False,False
B03478,2026-06-17,Tournée ORBITE,59,True,True,True
B03479,2026-06-17,Tournée ORBITE,59,False,False,False
B03480,2026-06-17,Tournée ORBITE,59,False,True,False
B03481,2026-06-17,Tournée ORBITE,59,True,False,False
B03482,2026-06-17,Tournée ORBITE,59,True,True,False
B03483,2026-06-17,Tournée ORBITE,59,True,False,False
B03484,2026-06-17,Tournée ORBITE,59,False,False,False
B03485,2026-06-17,Tournée ORBITE,59,True,True,False
B03486,2026-06-17,Tournée ORBITE,59,True,True,False
B03487,2026-06-17,Tournée ORBITE,59,False,False,False
B03488,2026-06-17,Tournée ORBITE,59,True,False,True
B03489,2026-06-17,Tournée ORBITE,59,False,False,False
B03490,2026-06-17,Tournée ORBITE,59,True,False,True
B03491,2026-06-17,Tournée ORBITE,67,False,False,False
B03492,2026-06-17,Tournée ORBITE,59,True,False,False
B03493,2026-06-18,Tournée ORBITE,59,False,False,False
B03494,2026-06-18,Tournée ORBITE,59,True,False,False
B03495,2026-06-18,Tournée ORBITE,59,False,True,False
B03496,2026-06-18,Tournée ORBITE,59,True,False,False
B03497,2026-06-18,Tournée ORBITE,59,False,True,False
B03498,2026-06-18,Tournée ORBITE,69,True,True,False
B03499,2026-06-18,Tournée ORBITE,59,True,True,False
B03500,2026-06-18,Tournée ORBITE,59,True,False,False
B03501,2026-06-18,Tournée ORBITE,59,False,True,False
B03502,2026-06-18,Tournée ORBITE,35,True,False,False
B03503,2026-06-18,Tournée ORBITE,59,False,False,False
B03504,2026-06-18,Tournée ORBITE,31,True,False,False
B03505,2026-06-18,Tournée ORBITE,13,True,False,False
B03506,2026-06-18,Tournée ORBITE,59,False,False,False
B03507,2026-06-18,Tournée ORBITE,59,True,True,False
B03508,2026-06-18,Tournée ORBITE,59,True,True,False
B03509,2026-06-18,Tournée ORBITE,33,True,False,False
B03510,2026-06-19,Tournée ORBITE,59,True,False,False
B03511,2026-06-19,Tournée ORBITE,59,False,True,False
B03512,2026-06-19,Tournée ORBITE,13,True,False,False
B03513,2026-06-19,Tournée ORBITE,59,True,False,False
B03514,2026-06-19,Tournée ORBITE,59,True,False,False
B03515,2026-06-19,Tournée ORBITE,59,False,False,False
B03516,2026-06-19,Tournée ORBITE,59,True,False,False
B03517,2026-06-19,Tournée ORBITE,59,True,False,True
B03518,2026-06-19,Tournée ORBITE,59,True,False,True
B03519,2026-06-19,Tournée ORBITE,59,True,False,False
B03520,2026-06-19,Tournée ORBITE,59,True,False,False
B03521,2026-06-19,Tournée ORBITE,BE,True,False,True
B03522,2026-06-19,Tournée ORBITE,59,False,True,False
B03523,2026-06-19,Tournée ORBITE,59,False,False,False
B03524,2026-06-19,Tournée ORBITE,59,False,False,False
B03525,2026-06-19,Tournée ORBITE,67,True,True,True
B03526,2026-06-20,Tournée ORBITE,59,True,True,False
B03527,2026-06-20,Tournée ORBITE,59,True,False,False
B03528,2026-06-20,Tournée ORBITE,59,True,False,False
B03529,2026-06-20,Tournée ORBITE,59,True,False,False
B03530,2026-06-20,Tournée ORBITE,59,True,False,False
B03531,2026-06-20,Tournée ORBITE,59,True,False,False
B03532,2026-06-20,Tournée ORBITE,59,False,True,False
B03533,2026-06-20,Tournée ORBITE,59,False,False,False
B03534,2026-06-20,Tournée ORBITE,59,True,True,True
B03535,2026-06-20,Tournée ORBITE,59,False,False,False
B03536,2026-06-20,Tournée ORBITE,59,True,False,False
B03537,2026-06-21,Tournée ORBITE,59,False,True,False
B03538,2026-06-21,Tournée ORBITE,59,True,False,True
B03539,2026-06-21,Tournée ORBITE,59,True,False,False
B03540,2026-06-21,Tournée ORBITE,59,True,True,False
B03541,2026-06-21,Tournée ORBITE,44,False,False,False
B03542,2026-06-21,Tournée ORBITE,59,True,False,False
B03543,2026-06-21,Tournée ORBITE,33,True,False,False
B03544,2026-06-21,Tournée ORBITE,59,False,False,False
B03545,2026-06-21,Tournée ORBITE,59,False,False,False
B03546,2026-06-21,Tournée ORBITE,59,True,False,False
B03547,2026-06-21,Tournée ORBITE,59,True,False,False
B03548,2026-06-21,Tournée ORBITE,59,False,False,False
B03549,2026-06-21,Tournée ORBITE,59,False,True,False
B03550,2026-06-21,Tournée ORBITE,59,True,False,False
B03551,2026-06-21,Tournée ORBITE,59,False,False,False
B03552,2026-06-21,Tournée ORBITE,59,True,True,False
B03553,2026-06-21,Tournée ORBITE,59,True,False,False
B03554,2026-06-22,Tournée ORBITE,59,True,True,False
B03555,2026-06-22,Tournée ORBITE,59,True,False,False
B03556,2026-06-22,Tournée ORBITE,67,True,False,False
B03557,2026-06-22,Tournée ORBITE,59,True,False,False
B03558,2026-06-22,Tournée ORBITE,59,True,False,True
B03559,2026-06-22,Tournée ORBITE,59,False,False,False
B03560,2026-06-22,Tournée ORBITE,59,False,False,False
B03561,2026-06-22,Tournée ORBITE,59,True,True,False
B03562,2026-06-22,Tournée ORBITE,59,True,False,False
B03563,2026-06-23,Tournée ORBITE,59,False,False,False
B03564,2026-06-23,Tournée ORBITE,59,True,True,False
B03565,2026-06-23,Tournée ORBITE,13,True,False,False
B03566,2026-06-23,Tournée ORBITE,35,True,False,True
B03567,2026-06-23,Tournée ORBITE,59,False,False,False
B03568,2026-06-23,Tournée ORBITE,59,True,False,True
B03569,2026-06-23,Tournée ORBITE,59,True,False,True
B03570,2026-06-23,Tournée ORBITE,59,True,False,False
B03571,2026-06-23,Tournée ORBITE,59,False,False,False
B03572,2026-06-23,Tournée ORBITE,59,False,True,False
B03573,2026-06-23,Tournée ORBITE,59,True,False,False
B03574,2026-06-23,Tournée ORBITE,59,False,False,False
B03575,2026-06-24,Tournée ORBITE,59,True,False,False
B03576,2026-06-24,Tournée ORBITE,59,True,False,True
B03577,2026-06-24,Tournée ORBITE,59,False,False,False
B03578,2026-06-24,Tournée ORBITE,59,False,False,False
B03579,2026-06-24,Tournée ORBITE,75,True,True,False
B03580,2026-06-24,Tournée ORBITE,59,True,False,False
B03581,2026-06-25,Tournée ORBITE,59,False,False,False
B03582,2026-06-25,Tournée ORBITE,34,True,False,False
B03583,2026-06-25,Tournée ORBITE,59,False,False,False
B03584,2026-06-25,Tournée ORBITE,33,True,False,True
B03585,2026-06-25,Tournée ORBITE,59,False,False,False
B03586,2026-06-25,Tournée ORBITE,59,True,False,False
B03587,2026-06-26,Tournée ORBITE,59,True,True,False
B03588,2026-06-26,Tournée ORBITE,59,False,False,False
B03589,2026-06-26,Tournée ORBITE,59,False,True,False
B03590,2026-06-26,Tournée ORBITE,59,True,False,False
B03591,2026-06-26,Tournée ORBITE,13,True,False,False
B03592,2026-06-26,Tournée ORBITE,59,False,False,False
B03593,2026-06-26,Tournée ORBITE,69,True,False,False
B03594,2026-06-27,Tournée ORBITE,59,True,False,False
B03595,2026-06-27,Tournée ORBITE,59,False,False,False
B03596,2026-06-27,Tournée ORBITE,59,True,False,True
B03597,2026-06-27,Tournée ORBITE,59,True,False,True
B03598,2026-06-27,Tournée ORBITE,59,True,False,False
B03599,2026-06-27,Tournée ORBITE,59,True,False,False
B03600,2026-06-27,Tournée ORBITE,59,True,True,False
B03601,2026-06-27,Tournée ORBITE,59,False,False,False
B03602,2026-06-27,Tournée ORBITE,59,False,False,False
B03603,2026-06-28,Tournée ORBITE,67,True,False,True
B03604,2026-06-28,Tournée ORBITE,59,True,False,False
B03605,2026-06-28,Tournée ORBITE,59,False,False,False
B03606,2026-06-28,Tournée ORBITE,33,True,True,True
B03607,2026-06-30,Tournée ORBITE,59,True,True,False
B03608,2026-06-30,Tournée ORBITE,59,False,True,False
B03609,2026-06-30,Tournée ORBITE,59,False,False,False
B03610,2026-06-30,Tournée ORBITE,59,False,False,False
B03611,2026-06-30,Tournée ORBITE,69,True,False,False
B03612,2026-06-30,Tournée ORBITE,59,False,True,False
B03613,2026-06-30,Tournée ORBITE,59,True,False,False
B03614,2026-06-30,Tournée ORBITE,BE,True,False,False
B03615,2026-07-01,Tournée ORBITE,59,True,False,False
B03616,2026-07-01,Tournée ORBITE,59,True,True,True
B03617,2026-07-01,Tournée ORBITE,59,True,False,False
B03618,2026-07-01,Tournée ORBITE,59,True,False,True
B03619,2026-07-01,Tournée ORBITE,59,False,False,False
B03620,2026-07-02,Tournée ORBITE,59,True,False,False
B03621,2026-07-02,Tournée ORBITE,35,True,False,False
B03622,2026-07-03,Tournée ORBITE,59,True,False,False
B03623,2026-07-03,Tournée ORBITE,59,False,True,False
B03624,2026-07-04,Tournée ORBITE,59,True,True,True
B03625,2026-07-04,Tournée ORBITE,59,False,False,False
B03626,2026-07-04,Tournée ORBITE,59,False,False,False
B03627,2026-07-05,Tournée ORBITE,59,True,False,False
B03628,2026-07-05,Tournée ORBITE,59,True,True,False
B03629,2026-07-05,Tournée ORBITE,59,True,False,True
B03630,2026-07-06,Tournée ORBITE,59,True,False,False
B03631,2026-07-06,Tournée ORBITE,34,True,False,True
B03632,2026-07-06,Tournée ORBITE,59,True,True,False
B03633,2026-07-06,Tournée ORBITE,59,True,False,False
B03634,2026-07-07,Tournée ORBITE,33,True,False,False
B03635,2026-07-07,Tournée ORBITE,59,False,False,False
B03636,2026-07-07,Tournée ORBITE,59,True,False,False
B03637,2026-07-07,Tournée ORBITE,59,True,True,False
B03638,2026-07-08,Tournée ORBITE,59,False,False,False
B03639,2026-07-08,Tournée ORBITE,75,True,False,False
B03640,2026-07-09,Tournée ORBITE,59,False,False,False
B03641,2026-07-09,Tournée ORBITE,67,True,False,False
B03642,2026-07-09,Tournée ORBITE,59,True,False,True
B03643,2026-07-09,Tournée ORBITE,59,True,True,True
B03644,2026-07-10,Tournée ORBITE,59,True,False,False
B03645,2026-07-10,Tournée ORBITE,59,False,True,False
B03646,2026-07-11,Tournée ORBITE,59,True,False,False
B03647,2026-07-13,Tournée ORBITE,59,True,False,False
B03648,2026-07-13,Tournée ORBITE,35,True,False,True
B03649,2026-07-13,Tournée ORBITE,59,True,False,False
B03650,2026-07-13,Tournée ORBITE,59,True,False,False
B03651,2026-07-14,Tournée ORBITE,33,True,True,True
B03652,2026-07-14,Tournée ORBITE,59,False,False,False
B03653,2026-07-14,Tournée ORBITE,59,True,False,False
B03654,2026-07-15,Tournée ORBITE,31,False,False,False
B03655,2026-07-15,Tournée ORBITE,59,True,False,False
B03656,2026-07-15,Tournée ORBITE,59,False,True,False
B03657,2026-07-16,Tournée ORBITE,75,False,True,False
B03658,2026-07-16,Tournée ORBITE,31,True,True,False
B03659,2026-07-16,Tournée ORBITE,67,False,False,False
B03660,2026-07-16,Tournée ORBITE,59,True,False,False
B03661,2026-07-17,Tournée ORBITE,59,True,False,False
B03662,2026-07-17,Tournée ORBITE,59,True,False,False
B03663,2026-07-18,Tournée ORBITE,59,False,False,False
B03664,2026-07-18,Tournée ORBITE,59,True,False,True
B03665,2026-07-18,Tournée ORBITE,59,True,False,False
B03666,2026-07-19,Tournée ORBITE,59,True,False,False
B03667,2026-07-19,Tournée ORBITE,59,True,False,False
B03668,2026-07-20,Tournée ORBITE,59,False,False,False
B03669,2026-07-20,Tournée ORBITE,59,True,False,False
B03670,2026-07-20,Tournée ORBITE,59,True,False,False
B03671,2026-07-21,Tournée ORBITE,59,True,False,True
B03672,2026-07-22,Tournée ORBITE,69,True,False,False
B03673,2026-07-23,Tournée ORBITE,59,False,False,False
B03674,2026-07-23,Tournée ORBITE,59,True,False,False
B03675,2026-07-23,Tournée ORBITE,67,True,False,False
B03676,2026-07-24,Tournée ORBITE,59,False,False,False
B03677,2026-07-24,Tournée ORBITE,59,False,False,False
B03678,2026-07-25,Tournée ORBITE,59,True,False,False
B03679,2026-07-25,Tournée ORBITE,59,True,False,True
B03680,2026-07-25,Tournée ORBITE,75,True,True,False
B03681,2026-07-26,Tournée ORBITE,59,True,False,False
B03682,2026-07-26,Tournée ORBITE,59,True,False,False
B03683,2026-07-26,Tournée ORBITE,59,True,False,False
B03684,2026-07-26,Tournée ORBITE,75,True,False,False
B03685,2026-07-26,Tournée ORBITE,69,True,False,False
B03686,2026-07-27,Tournée ORBITE,BE,True,False,True
B03687,2026-07-27,Tournée ORBITE,59,True,False,True
B03688,2026-07-27,Tournée ORBITE,33,True,False,False
B03689,2026-07-28,Tournée ORBITE,59,False,False,False
B03690,2026-07-29,Tournée ORBITE,59,True,False,False
B03691,2026-07-29,Tournée ORBITE,59,False,False,False
B03692,2026-07-29,Tournée ORBITE,59,True,True,True
B03693,2026-07-30,Tournée ORBITE,59,False,False,False
B03694,2026-07-30,Tournée ORBITE,59,True,False,False
B03695,2026-07-30,Tournée ORBITE,59,True,False,True
B03696,2026-07-31,Tournée ORBITE,BE,True,False,False
B03697,2026-07-31,Tournée ORBITE,59,False,False,False
B03698,2026-07-31,Tournée ORBITE,59,True,False,False
B03699,2026-08-01,Tournée ORBITE,59,False,False,False
B03700,2026-08-01,Tournée ORBITE,59,True,False,False
B03701,2026-08-02,Tournée ORBITE,59,True,False,True
B03702,2026-08-02,Tournée ORBITE,33,True,False,False
B03703,2026-08-02,Tournée ORBITE,59,True,False,False
B03704,2026-08-02,Tournée ORBITE,59,False,False,False
B03705,2026-08-02,Tournée ORBITE,59,True,False,True
B03706,2026-08-02,Tournée ORBITE,59,False,True,False
B03707,2026-08-03,Tournée ORBITE,59,True,False,True
B03708,2026-08-03,Tournée ORBITE,59,False,False,False
B03709,2026-08-03,Tournée ORBITE,59,True,False,False
B03710,2026-08-03,Tournée ORBITE,59,True,False,False
B03711,2026-08-03,Tournée ORBITE,59,True,True,True
B03712,2026-08-03,Tournée ORBITE,59,True,False,False
B03713,2026-08-04,Tournée ORBITE,75,True,False,False
B03714,2026-06-23,Tournée ORBITE,75,True,False,True
B03715,2026-06-23,Tournée ORBITE,67,True,False,False
B03716,2026-06-23,Tournée ORBITE,67,True,False,False
B03717,2026-06-23,Tournée ORBITE,67,True,True,False
B03718,2026-06-23,Tournée ORBITE,67,True,False,True
B03719,2026-06-23,Tournée ORBITE,67,False,False,False
B03720,2026-06-23,Tournée ORBITE,67,False,False,False
B03721,2026-06-23,Tournée ORBITE,67,True,False,False
B03722,2026-06-23,Tournée ORBITE,67,False,False,False
B03723,2026-06-23,Tournée ORBITE,67,True,False,False
B03724,2026-06-23,Tournée ORBITE,67,False,True,False
B03725,2026-06-23,Tournée ORBITE,31,False,False,False
B03726,2026-06-23,Tournée ORBITE,67,False,False,False
B03727,2026-06-23,Tournée ORBITE,35,True,False,True
B03728,2026-06-23,Tournée ORBITE,75,False,False,False
B03729,2026-06-23,Tournée ORBITE,34,True,False,False
B03730,2026-06-23,Tournée ORBITE,67,True,False,False
B03731,2026-06-23,Tournée ORBITE,67,False,True,False
B03732,2026-06-23,Tournée ORBITE,67,False,False,False
B03733,2026-06-23,Tournée ORBITE,13,True,True,False
B03734,2026-06-23,Tournée ORBITE,BE,False,False,False
B03735,2026-06-23,Tournée ORBITE,33,True,False,False
B03736,2026-06-23,Tournée ORBITE,67,True,False,True
B03737,2026-06-23,Tournée ORBITE,67,False,False,False
B03738,2026-06-24,Tournée ORBITE,67,True,False,False
B03739,2026-06-24,Tournée ORBITE,69,True,False,False
B03740,2026-06-24,Tournée ORBITE,67,False,False,False
B03741,2026-06-24,Tournée ORBITE,35,True,False,True
B03742,2026-06-24,Tournée ORBITE,67,True,False,True
B03743,2026-06-24,Tournée ORBITE,67,True,False,False
B03744,2026-06-24,Tournée ORBITE,67,False,False,False
B03745,2026-06-24,Tournée ORBITE,67,True,False,False
B03746,2026-06-24,Tournée ORBITE,31,False,True,False
B03747,2026-06-24,Tournée ORBITE,67,True,True,False
B03748,2026-06-24,Tournée ORBITE,67,True,False,False
B03749,2026-06-24,Tournée ORBITE,59,True,False,True
B03750,2026-06-24,Tournée ORBITE,67,True,False,False
B03751,2026-06-24,Tournée ORBITE,67,True,False,False
B03752,2026-06-24,Tournée ORBITE,67,True,True,False
B03753,2026-06-24,Tournée ORBITE,67,False,False,False
B03754,2026-06-24,Tournée ORBITE,67,False,False,False
B03755,2026-06-24,Tournée ORBITE,67,True,True,False
B03756,2026-06-24,Tournée ORBITE,67,False,True,False
B03757,2026-06-24,Tournée ORBITE,67,True,False,False
B03758,2026-06-24,Tournée ORBITE,67,True,False,False
B03759,2026-06-24,Tournée ORBITE,67,True,False,False
B03760,2026-06-24,Tournée ORBITE,67,False,False,False
B03761,2026-06-24,Tournée ORBITE,67,True,False,False
B03762,2026-06-24,Tournée ORBITE,67,True,False,False
B03763,2026-06-24,Tournée ORBITE,13,True,False,False
B03764,2026-06-24,Tournée ORBITE,67,True,False,False
B03765,2026-06-24,Tournée ORBITE,67,True,False,False
B03766,2026-06-25,Tournée ORBITE,67,False,True,False
B03767,2026-06-25,Tournée ORBITE,67,True,False,False
B03768,2026-06-25,Tournée ORBITE,67,False,False,False
B03769,2026-06-25,Tournée ORBITE,67,False,False,False
B03770,2026-06-25,Tournée ORBITE,67,True,False,True
B03771,2026-06-25,Tournée ORBITE,69,True,False,False
B03772,2026-06-25,Tournée ORBITE,67,True,False,True
B03773,2026-06-25,Tournée ORBITE,67,True,False,True
B03774,2026-06-25,Tournée ORBITE,67,True,True,False
B03775,2026-06-25,Tournée ORBITE,67,False,False,False
B03776,2026-06-25,Tournée ORBITE,67,False,False,False
B03777,2026-06-25,Tournée ORBITE,67,True,True,False
B03778,2026-06-25,Tournée ORBITE,69,True,True,False
B03779,2026-06-25,Tournée ORBITE,67,False,False,False
B03780,2026-06-25,Tournée ORBITE,67,True,False,False
B03781,2026-06-25,Tournée ORBITE,67,True,True,True
B03782,2026-06-25,Tournée ORBITE,67,True,False,False
B03783,2026-06-25,Tournée ORBITE,67,False,False,False
B03784,2026-06-25,Tournée ORBITE,75,True,False,False
B03785,2026-06-25,Tournée ORBITE,67,True,True,False
B03786,2026-06-25,Tournée ORBITE,67,False,True,False
B03787,2026-06-25,Tournée ORBITE,67,False,False,False
B03788,2026-06-26,Tournée ORBITE,67,True,False,False
B03789,2026-06-26,Tournée ORBITE,33,False,False,False
B03790,2026-06-26,Tournée ORBITE,67,True,True,False
B03791,2026-06-26,Tournée ORBITE,67,True,False,False
B03792,2026-06-26,Tournée ORBITE,75,True,True,False
B03793,2026-06-26,Tournée ORBITE,67,True,False,False
B03794,2026-06-26,Tournée ORBITE,67,True,False,False
B03795,2026-06-26,Tournée ORBITE,34,False,False,False
B03796,2026-06-26,Tournée ORBITE,67,True,False,False
B03797,2026-06-26,Tournée ORBITE,44,True,True,True
B03798,2026-06-26,Tournée ORBITE,67,True,False,False
B03799,2026-06-26,Tournée ORBITE,67,True,False,False
B03800,2026-06-26,Tournée ORBITE,67,True,False,False
B03801,2026-06-26,Tournée ORBITE,67,False,True,False
B03802,2026-06-26,Tournée ORBITE,67,True,True,False
B03803,2026-06-27,Tournée ORBITE,67,False,True,False
B03804,2026-06-27,Tournée ORBITE,67,False,False,False
B03805,2026-06-27,Tournée ORBITE,67,False,False,False
B03806,2026-06-27,Tournée ORBITE,67,True,False,True
B03807,2026-06-27,Tournée ORBITE,67,True,False,False
B03808,2026-06-27,Tournée ORBITE,67,True,False,True
B03809,2026-06-27,Tournée ORBITE,67,True,False,False
B03810,2026-06-27,Tournée ORBITE,67,False,True,False
B03811,2026-06-28,Tournée ORBITE,67,True,True,True
B03812,2026-06-28,Tournée ORBITE,67,True,False,False
B03813,2026-06-28,Tournée ORBITE,67,False,False,False
B03814,2026-06-28,Tournée ORBITE,67,True,False,False
B03815,2026-06-28,Tournée ORBITE,34,True,False,False
B03816,2026-06-28,Tournée ORBITE,67,False,True,False
B03817,2026-06-28,Tournée ORBITE,67,True,False,False
B03818,2026-06-28,Tournée ORBITE,67,True,False,False
B03819,2026-06-28,Tournée ORBITE,67,True,False,False
B03820,2026-06-28,Tournée ORBITE,67,True,False,False
B03821,2026-06-28,Tournée ORBITE,67,False,True,False
B03822,2026-06-28,Tournée ORBITE,67,False,True,False
B03823,2026-06-29,Tournée ORBITE,BE,True,False,True
B03824,2026-06-29,Tournée ORBITE,67,True,False,False
B03825,2026-06-29,Tournée ORBITE,BE,False,False,False
B03826,2026-06-29,Tournée ORBITE,67,True,False,False
B03827,2026-06-29,Tournée ORBITE,67,True,False,False
B03828,2026-06-29,Tournée ORBITE,67,True,False,False
B03829,2026-06-29,Tournée ORBITE,67,False,True,False
B03830,2026-06-29,Tournée ORBITE,13,False,True,False
B03831,2026-06-29,Tournée ORBITE,67,True,True,True
B03832,2026-06-29,Tournée ORBITE,75,False,False,False
B03833,2026-06-29,Tournée ORBITE,67,True,False,True
B03834,2026-06-29,Tournée ORBITE,67,False,False,False
B03835,2026-06-29,Tournée ORBITE,75,False,False,False
B03836,2026-06-29,Tournée ORBITE,75,False,False,False
B03837,2026-06-30,Tournée ORBITE,67,True,False,False
B03838,2026-06-30,Tournée ORBITE,67,True,True,False
B03839,2026-06-30,Tournée ORBITE,67,True,False,False
B03840,2026-06-30,Tournée ORBITE,67,True,True,False
B03841,2026-07-01,Tournée ORBITE,67,False,False,False
B03842,2026-07-01,Tournée ORBITE,67,True,False,False
B03843,2026-07-01,Tournée ORBITE,33,False,False,False
B03844,2026-07-01,Tournée ORBITE,BE,True,False,False
B03845,2026-07-01,Tournée ORBITE,33,True,False,False
B03846,2026-07-01,Tournée ORBITE,67,False,True,False
B03847,2026-07-01,Tournée ORBITE,67,True,False,False
B03848,2026-07-01,Tournée ORBITE,67,True,True,False
B03849,2026-07-01,Tournée ORBITE,67,True,False,False
B03850,2026-07-02,Tournée ORBITE,67,True,False,True
B03851,2026-07-02,Tournée ORBITE,67,True,True,False
B03852,2026-07-02,Tournée ORBITE,67,True,False,False
B03853,2026-07-02,Tournée ORBITE,67,False,True,False
B03854,2026-07-02,Tournée ORBITE,75,True,False,False
B03855,2026-07-02,Tournée ORBITE,35,True,True,False
B03856,2026-07-02,Tournée ORBITE,31,True,True,True
B03857,2026-07-02,Tournée ORBITE,34,True,False,False
B03858,2026-07-03,Tournée ORBITE,67,True,False,False
B03859,2026-07-03,Tournée ORBITE,67,False,True,False
B03860,2026-07-03,Tournée ORBITE,67,False,False,False
B03861,2026-07-03,Tournée ORBITE,67,True,False,False
B03862,2026-07-04,Tournée ORBITE,67,True,False,False
B03863,2026-07-04,Tournée ORBITE,33,True,True,False
B03864,2026-07-04,Tournée ORBITE,67,True,False,False
B03865,2026-07-04,Tournée ORBITE,35,False,False,False
B03866,2026-07-04,Tournée ORBITE,67,False,False,False
B03867,2026-07-04,Tournée ORBITE,33,False,False,False
B03868,2026-07-05,Tournée ORBITE,67,False,False,False
B03869,2026-07-05,Tournée ORBITE,44,False,False,False
B03870,2026-07-06,Tournée ORBITE,67,False,False,False
B03871,2026-07-06,Tournée ORBITE,67,True,False,False
B03872,2026-07-08,Tournée ORBITE,31,False,False,False
B03873,2026-07-08,Tournée ORBITE,67,True,False,False
B03874,2026-07-08,Tournée ORBITE,67,False,False,False
B03875,2026-07-08,Tournée ORBITE,67,True,False,False
B03876,2026-07-08,Tournée ORBITE,67,True,True,False
B03877,2026-07-09,Tournée ORBITE,67,True,False,False
B03878,2026-07-10,Tournée ORBITE,67,True,False,True
B03879,2026-07-10,Tournée ORBITE,33,False,True,False
B03880,2026-07-11,Tournée ORBITE,67,False,False,False
B03881,2026-07-11,Tournée ORBITE,BE,False,False,False
B03882,2026-07-11,Tournée ORBITE,67,True,False,False
B03883,2026-07-12,Tournée ORBITE,67,True,True,True
B03884,2026-07-12,Tournée ORBITE,67,True,False,True
B03885,2026-07-13,Tournée ORBITE,67,False,False,False
B03886,2026-07-13,Tournée ORBITE,67,False,False,False
B03887,2026-07-13,Tournée ORBITE,67,True,True,False
B03888,2026-07-13,Tournée ORBITE,67,False,True,False
B03889,2026-07-14,Tournée ORBITE,33,True,True,False
B03890,2026-07-14,Tournée ORBITE,59,False,False,False
B03891,2026-07-15,Tournée ORBITE,67,False,False,False
B03892,2026-07-15,Tournée ORBITE,67,False,False,False
B03893,2026-07-15,Tournée ORBITE,67,False,False,False
B03894,2026-07-16,Tournée ORBITE,67,True,False,False
B03895,2026-07-17,Tournée ORBITE,67,True,False,False
B03896,2026-07-18,Tournée ORBITE,67,True,False,False
B03897,2026-07-19,Tournée ORBITE,59,True,False,False
B03898,2026-07-19,Tournée ORBITE,67,True,False,False
B03899,2026-07-20,Tournée ORBITE,67,False,False,False
B03900,2026-07-20,Tournée ORBITE,67,True,False,False
B03901,2026-07-21,Tournée ORBITE,67,False,True,False
B03902,2026-07-21,Tournée ORBITE,67,True,True,False
B03903,2026-07-21,Tournée ORBITE,67,True,False,True
B03904,2026-07-22,Tournée ORBITE,67,True,False,False
B03905,2026-07-22,Tournée ORBITE,67,False,False,False
B03906,2026-07-23,Tournée ORBITE,67,True,True,True
B03907,2026-07-23,Tournée ORBITE,67,True,True,True
B03908,2026-07-23,Tournée ORBITE,67,True,False,False
B03909,2026-07-24,Tournée ORBITE,67,True,True,False
B03910,2026-07-24,Tournée ORBITE,69,False,False,False
B03911,2026-07-25,Tournée ORBITE,67,True,False,False
B03912,2026-07-25,Tournée ORBITE,67,False,True,False
B03913,2026-07-25,Tournée ORBITE,67,True,False,True
B03914,2026-07-25,Tournée ORBITE,67,False,False,False
B03915,2026-07-25,Tournée ORBITE,67,True,False,True
B03916,2026-07-26,Tournée ORBITE,67,True,False,False
B03917,2026-07-26,Tournée ORBITE,67,True,True,False
B03918,2026-07-26,Tournée ORBITE,31,False,False,False
B03919,2026-07-26,Tournée ORBITE,67,True,False,True
B03920,2026-07-26,Tournée ORBITE,59,True,False,True
B03921,2026-07-26,Tournée ORBITE,67,True,False,False
B03922,2026-07-27,Tournée ORBITE,31,False,False,False
B03923,2026-07-28,Tournée ORBITE,67,True,False,False
B03924,2026-07-28,Tournée ORBITE,67,True,False,False
B03925,2026-07-28,Tournée ORBITE,67,True,False,False
B03926,2026-07-28,Tournée ORBITE,67,True,False,False
B03927,2026-07-29,Tournée ORBITE,67,False,False,False
B03928,2026-07-29,Tournée ORBITE,67,True,False,False
B03929,2026-07-29,Tournée ORBITE,67,True,False,False
B03930,2026-07-29,Tournée ORBITE,13,True,False,False
B03931,2026-07-30,Tournée ORBITE,67,True,True,False
B03932,2026-07-30,Tournée ORBITE,67,False,False,False
B03933,2026-07-31,Tournée ORBITE,13,True,False,False
B03934,2026-08-01,Tournée ORBITE,67,True,False,False
B03935,2026-08-01,Tournée ORBITE,67,True,False,False
B03936,2026-08-02,Tournée ORBITE,67,True,False,True
B03937,2026-08-02,Tournée ORBITE,67,False,True,False
B03938,2026-08-02,Tournée ORBITE,67,False,False,False
B03939,2026-08-03,Tournée ORBITE,67,False,False,False
B03940,2026-08-03,Tournée ORBITE,67,True,False,False
B03941,2026-08-03,Tournée ORBITE,67,True,False,False
B03942,2026-08-03,Tournée ORBITE,67,False,False,False
B03943,2026-08-04,Tournée ORBITE,67,True,True,False
B03944,2026-08-04,Tournée ORBITE,67,True,False,False
B03945,2026-08-04,Tournée ORBITE,33,False,False,False
B03946,2026-06-23,Tournée ORBITE,13,False,False,False
B03947,2026-06-23,Tournée ORBITE,13,True,False,False
B03948,2026-06-23,Tournée ORBITE,13,False,False,False
B03949,2026-06-23,Tournée ORBITE,13,True,False,False
B03950,2026-06-23,Tournée ORBITE,13,False,False,False
B03951,2026-06-23,Tournée ORBITE,13,False,True,False
B03952,2026-06-23,Tournée ORBITE,13,True,False,False
B03953,2026-06-23,Tournée ORBITE,13,True,False,False
B03954,2026-06-23,Tournée ORBITE,13,True,False,True
B03955,2026-06-23,Tournée ORBITE,13,True,False,False
B03956,2026-06-23,Tournée ORBITE,75,True,False,True
B03957,2026-06-23,Tournée ORBITE,13,True,False,True
B03958,2026-06-23,Tournée ORBITE,13,True,True,False
B03959,2026-06-23,Tournée ORBITE,13,True,False,True
B03960,2026-06-23,Tournée ORBITE,13,True,True,True
B03961,2026-06-23,Tournée ORBITE,33,True,False,False
B03962,2026-06-23,Tournée ORBITE,31,True,False,False
B03963,2026-06-23,Tournée ORBITE,13,False,True,False
B03964,2026-06-23,Tournée ORBITE,13,True,False,True
B03965,2026-06-23,Tournée ORBITE,13,True,False,False
B03966,2026-06-24,Tournée ORBITE,13,False,False,False
B03967,2026-06-24,Tournée ORBITE,59,False,False,False
B03968,2026-06-24,Tournée ORBITE,67,True,False,False
B03969,2026-06-24,Tournée ORBITE,13,False,False,False
B03970,2026-06-24,Tournée ORBITE,13,False,False,False
B03971,2026-06-24,Tournée ORBITE,13,False,False,False
B03972,2026-06-24,Tournée ORBITE,13,False,False,False
B03973,2026-06-24,Tournée ORBITE,13,False,False,False
B03974,2026-06-24,Tournée ORBITE,13,True,False,False
B03975,2026-06-24,Tournée ORBITE,13,True,False,False
B03976,2026-06-24,Tournée ORBITE,13,False,True,False
B03977,2026-06-24,Tournée ORBITE,13,False,True,False
B03978,2026-06-24,Tournée ORBITE,13,False,False,False
B03979,2026-06-24,Tournée ORBITE,13,True,True,False
B03980,2026-06-25,Tournée ORBITE,35,True,False,False
B03981,2026-06-25,Tournée ORBITE,75,True,False,True
B03982,2026-06-25,Tournée ORBITE,13,False,False,False
B03983,2026-06-25,Tournée ORBITE,13,True,False,True
B03984,2026-06-25,Tournée ORBITE,13,True,True,False
B03985,2026-06-25,Tournée ORBITE,13,False,False,False
B03986,2026-06-25,Tournée ORBITE,13,True,False,False
B03987,2026-06-26,Tournée ORBITE,34,True,True,False
B03988,2026-06-26,Tournée ORBITE,13,True,False,False
B03989,2026-06-26,Tournée ORBITE,13,True,False,True
B03990,2026-06-26,Tournée ORBITE,13,True,False,True
B03991,2026-06-26,Tournée ORBITE,BE,False,False,False
B03992,2026-06-26,Tournée ORBITE,13,True,True,True
B03993,2026-06-26,Tournée ORBITE,13,False,False,False
B03994,2026-06-26,Tournée ORBITE,13,False,False,False
B03995,2026-06-26,Tournée ORBITE,69,True,False,False
B03996,2026-06-26,Tournée ORBITE,13,True,False,False
B03997,2026-06-26,Tournée ORBITE,13,True,False,False
B03998,2026-06-26,Tournée ORBITE,13,True,False,False
B03999,2026-06-26,Tournée ORBITE,13,True,False,False
B04000,2026-06-26,Tournée ORBITE,44,True,False,False
B04001,2026-06-27,Tournée ORBITE,13,False,False,False
B04002,2026-06-27,Tournée ORBITE,13,True,False,True
B04003,2026-06-27,Tournée ORBITE,13,True,True,False
B04004,2026-06-27,Tournée ORBITE,13,True,False,False
B04005,2026-06-28,Tournée ORBITE,13,False,False,False
B04006,2026-06-28,Tournée ORBITE,13,False,False,False
B04007,2026-06-28,Tournée ORBITE,13,True,False,False
B04008,2026-06-28,Tournée ORBITE,13,True,False,False
B04009,2026-06-28,Tournée ORBITE,13,True,False,False
B04010,2026-06-28,Tournée ORBITE,13,False,False,False
B04011,2026-06-28,Tournée ORBITE,13,True,False,False
B04012,2026-06-28,Tournée ORBITE,13,False,False,False
B04013,2026-06-29,Tournée ORBITE,13,False,True,False
B04014,2026-06-29,Tournée ORBITE,13,True,False,False
B04015,2026-06-29,Tournée ORBITE,13,True,False,False
B04016,2026-06-29,Tournée ORBITE,13,True,False,False
B04017,2026-06-29,Tournée ORBITE,69,False,True,False
B04018,2026-06-30,Tournée ORBITE,13,True,False,False
B04019,2026-06-30,Tournée ORBITE,13,False,False,False
B04020,2026-06-30,Tournée ORBITE,13,False,False,False
B04021,2026-06-30,Tournée ORBITE,13,True,False,False
B04022,2026-06-30,Tournée ORBITE,69,True,False,False
B04023,2026-06-30,Tournée ORBITE,35,True,True,False
B04024,2026-07-01,Tournée ORBITE,13,True,True,True
B04025,2026-07-01,Tournée ORBITE,13,True,True,False
B04026,2026-07-01,Tournée ORBITE,13,True,True,False
B04027,2026-07-01,Tournée ORBITE,13,False,False,False
B04028,2026-07-01,Tournée ORBITE,13,True,False,False
B04029,2026-07-02,Tournée ORBITE,13,True,False,False
B04030,2026-07-02,Tournée ORBITE,13,True,False,False
B04031,2026-07-02,Tournée ORBITE,34,True,False,False
B04032,2026-07-02,Tournée ORBITE,13,True,False,True
B04033,2026-07-03,Tournée ORBITE,13,False,False,False
B04034,2026-07-04,Tournée ORBITE,13,False,False,False
B04035,2026-07-04,Tournée ORBITE,13,False,False,False
B04036,2026-07-04,Tournée ORBITE,BE,True,False,False
B04037,2026-07-05,Tournée ORBITE,13,False,False,False
B04038,2026-07-05,Tournée ORBITE,13,True,False,False
B04039,2026-07-05,Tournée ORBITE,13,True,False,False
B04040,2026-07-06,Tournée ORBITE,13,False,False,False
B04041,2026-07-07,Tournée ORBITE,13,True,True,False
B04042,2026-07-08,Tournée ORBITE,BE,True,False,False
B04043,2026-07-08,Tournée ORBITE,13,True,False,False
B04044,2026-07-08,Tournée ORBITE,13,True,True,True
B04045,2026-07-08,Tournée ORBITE,13,True,False,False
B04046,2026-07-09,Tournée ORBITE,13,True,False,False
B04047,2026-07-09,Tournée ORBITE,13,True,False,False
B04048,2026-07-09,Tournée ORBITE,13,True,False,True
B04049,2026-07-09,Tournée ORBITE,13,True,False,False
B04050,2026-07-10,Tournée ORBITE,13,False,False,False
B04051,2026-07-10,Tournée ORBITE,13,True,True,False
B04052,2026-07-10,Tournée ORBITE,13,False,False,False
B04053,2026-07-10,Tournée ORBITE,13,False,True,False
B04054,2026-07-11,Tournée ORBITE,13,True,False,True
B04055,2026-07-12,Tournée ORBITE,13,False,False,False
B04056,2026-07-12,Tournée ORBITE,59,True,True,False
B04057,2026-07-12,Tournée ORBITE,13,True,False,True
B04058,2026-07-13,Tournée ORBITE,13,True,False,False
B04059,2026-07-13,Tournée ORBITE,31,True,False,False
B04060,2026-07-15,Tournée ORBITE,35,True,True,False
B04061,2026-07-16,Tournée ORBITE,13,True,True,False
B04062,2026-07-17,Tournée ORBITE,13,True,False,False
B04063,2026-07-18,Tournée ORBITE,13,True,True,False
B04064,2026-07-18,Tournée ORBITE,13,True,False,False
B04065,2026-07-18,Tournée ORBITE,13,True,False,True
B04066,2026-07-19,Tournée ORBITE,59,True,False,False
B04067,2026-07-20,Tournée ORBITE,13,False,False,False
B04068,2026-07-21,Tournée ORBITE,13,False,False,False
B04069,2026-07-21,Tournée ORBITE,13,True,False,True
B04070,2026-07-21,Tournée ORBITE,13,True,False,False
B04071,2026-07-21,Tournée ORBITE,59,False,False,False
B04072,2026-07-22,Tournée ORBITE,67,True,True,False
B04073,2026-07-23,Tournée ORBITE,13,True,False,True
B04074,2026-07-24,Tournée ORBITE,13,True,True,True
B04075,2026-07-24,Tournée ORBITE,33,True,True,False
B04076,2026-07-25,Tournée ORBITE,BE,False,False,False
B04077,2026-07-26,Tournée ORBITE,13,False,False,False
B04078,2026-07-26,Tournée ORBITE,13,False,True,False
B04079,2026-07-27,Tournée ORBITE,13,True,False,False
B04080,2026-07-27,Tournée ORBITE,13,False,False,False
B04081,2026-07-27,Tournée ORBITE,13,False,False,False
B04082,2026-07-28,Tournée ORBITE,13,True,False,False
B04083,2026-07-28,Tournée ORBITE,13,False,False,False
B04084,2026-07-29,Tournée ORBITE,13,True,False,False
B04085,2026-07-30,Tournée ORBITE,13,True,False,False
B04086,2026-07-31,Tournée ORBITE,13,True,True,False
B04087,2026-08-01,Tournée ORBITE,13,True,False,True
B04088,2026-08-02,Tournée ORBITE,13,True,True,False
B04089,2026-08-02,Tournée ORBITE,13,True,False,False
B04090,2026-08-02,Tournée ORBITE,13,True,False,False
B04091,2026-08-03,Tournée ORBITE,13,False,True,False
B04092,2026-08-03,Tournée ORBITE,13,False,False,False
B04093,2026-08-04,Tournée ORBITE,69,True,False,False
B04094,2026-06-23,Tournée ORBITE,59,True,False,True
B04095,2026-06-23,Tournée ORBITE,75,True,False,False
B04096,2026-06-23,Tournée ORBITE,34,False,False,False
B04097,2026-06-23,Tournée ORBITE,34,True,False,False
B04098,2026-06-23,Tournée ORBITE,34,False,True,False
B04099,2026-06-23,Tournée ORBITE,34,False,False,False
B04100,2026-06-23,Tournée ORBITE,34,False,False,False
B04101,2026-06-23,Tournée ORBITE,34,True,False,False
B04102,2026-06-23,Tournée ORBITE,34,True,False,False
B04103,2026-06-23,Tournée ORBITE,34,True,False,False
B04104,2026-06-23,Tournée ORBITE,34,False,True,False
B04105,2026-06-23,Tournée ORBITE,34,True,True,False
B04106,2026-06-23,Tournée ORBITE,34,False,False,False
B04107,2026-06-23,Tournée ORBITE,34,False,False,False
B04108,2026-06-23,Tournée ORBITE,34,False,False,False
B04109,2026-06-23,Tournée ORBITE,34,False,False,False
B04110,2026-06-23,Tournée ORBITE,13,True,False,True
B04111,2026-06-23,Tournée ORBITE,69,True,False,False
B04112,2026-06-23,Tournée ORBITE,34,True,True,True
B04113,2026-06-23,Tournée ORBITE,34,False,False,False
B04114,2026-06-23,Tournée ORBITE,34,True,False,True
B04115,2026-06-23,Tournée ORBITE,34,True,False,False
B04116,2026-06-23,Tournée ORBITE,34,True,False,True
B04117,2026-06-23,Tournée ORBITE,34,False,True,False
B04118,2026-06-23,Tournée ORBITE,34,True,False,False
B04119,2026-06-23,Tournée ORBITE,34,False,False,False
B04120,2026-06-24,Tournée ORBITE,44,True,False,True
B04121,2026-06-24,Tournée ORBITE,34,False,False,False
B04122,2026-06-24,Tournée ORBITE,34,True,False,False
B04123,2026-06-24,Tournée ORBITE,31,True,False,True
B04124,2026-06-24,Tournée ORBITE,34,False,False,False
B04125,2026-06-24,Tournée ORBITE,34,True,True,False
B04126,2026-06-24,Tournée ORBITE,34,True,False,False
B04127,2026-06-24,Tournée ORBITE,13,True,False,False
B04128,2026-06-24,Tournée ORBITE,34,True,False,False
B04129,2026-06-24,Tournée ORBITE,34,False,False,False
B04130,2026-06-24,Tournée ORBITE,34,True,False,False
B04131,2026-06-24,Tournée ORBITE,34,True,False,False
B04132,2026-06-24,Tournée ORBITE,34,False,True,False
B04133,2026-06-24,Tournée ORBITE,34,True,False,True
B04134,2026-06-25,Tournée ORBITE,69,True,False,True
B04135,2026-06-25,Tournée ORBITE,34,False,False,False
B04136,2026-06-25,Tournée ORBITE,34,True,False,False
B04137,2026-06-25,Tournée ORBITE,34,False,False,False
B04138,2026-06-25,Tournée ORBITE,44,False,False,False
B04139,2026-06-25,Tournée ORBITE,34,True,False,False
B04140,2026-06-25,Tournée ORBITE,34,True,False,False
B04141,2026-06-25,Tournée ORBITE,34,True,False,True
B04142,2026-06-25,Tournée ORBITE,34,False,False,False
B04143,2026-06-25,Tournée ORBITE,34,True,True,False
B04144,2026-06-26,Tournée ORBITE,34,True,False,False
B04145,2026-06-26,Tournée ORBITE,34,True,False,False
B04146,2026-06-26,Tournée ORBITE,34,False,False,False
B04147,2026-06-26,Tournée ORBITE,34,True,False,False
B04148,2026-06-26,Tournée ORBITE,34,True,False,False
B04149,2026-06-26,Tournée ORBITE,44,True,False,False
B04150,2026-06-26,Tournée ORBITE,34,False,False,False
B04151,2026-06-26,Tournée ORBITE,34,False,False,False
B04152,2026-06-26,Tournée ORBITE,44,True,False,False
B04153,2026-06-26,Tournée ORBITE,13,False,False,False
B04154,2026-06-27,Tournée ORBITE,34,True,False,False
B04155,2026-06-27,Tournée ORBITE,34,True,False,False
B04156,2026-06-27,Tournée ORBITE,34,True,False,True
B04157,2026-06-27,Tournée ORBITE,34,True,False,False
B04158,2026-06-27,Tournée ORBITE,75,False,True,False
B04159,2026-06-27,Tournée ORBITE,34,True,False,False
B04160,2026-06-27,Tournée ORBITE,34,True,True,False
B04161,2026-06-27,Tournée ORBITE,34,True,True,True
B04162,2026-06-28,Tournée ORBITE,34,True,False,False
B04163,2026-06-28,Tournée ORBITE,33,False,True,False
B04164,2026-06-28,Tournée ORBITE,34,False,True,False
B04165,2026-06-28,Tournée ORBITE,34,True,False,False
B04166,2026-06-28,Tournée ORBITE,35,False,True,False
B04167,2026-06-28,Tournée ORBITE,BE,True,False,False
B04168,2026-06-28,Tournée ORBITE,34,True,False,True
B04169,2026-06-28,Tournée ORBITE,34,False,True,False
B04170,2026-06-28,Tournée ORBITE,34,True,False,False
B04171,2026-06-28,Tournée ORBITE,69,True,False,False
B04172,2026-06-28,Tournée ORBITE,34,True,False,False
B04173,2026-06-28,Tournée ORBITE,31,False,False,False
B04174,2026-06-28,Tournée ORBITE,75,False,False,False
B04175,2026-06-29,Tournée ORBITE,34,True,False,True
B04176,2026-06-29,Tournée ORBITE,34,False,False,False
B04177,2026-06-29,Tournée ORBITE,34,True,True,False
B04178,2026-06-29,Tournée ORBITE,13,False,False,False
B04179,2026-06-30,Tournée ORBITE,34,True,False,True
B04180,2026-06-30,Tournée ORBITE,34,False,False,False
B04181,2026-06-30,Tournée ORBITE,34,True,False,True
B04182,2026-06-30,Tournée ORBITE,34,True,False,False
B04183,2026-06-30,Tournée ORBITE,BE,True,False,False
B04184,2026-06-30,Tournée ORBITE,34,False,True,False
B04185,2026-06-30,Tournée ORBITE,34,False,False,False
B04186,2026-07-02,Tournée ORBITE,34,False,False,False
B04187,2026-07-02,Tournée ORBITE,75,True,False,True
B04188,2026-07-02,Tournée ORBITE,59,True,False,False
B04189,2026-07-02,Tournée ORBITE,34,True,False,False
B04190,2026-07-02,Tournée ORBITE,34,True,False,True
B04191,2026-07-03,Tournée ORBITE,34,False,False,False
B04192,2026-07-03,Tournée ORBITE,34,True,True,True
B04193,2026-07-03,Tournée ORBITE,34,False,True,False
B04194,2026-07-04,Tournée ORBITE,34,True,False,True
B04195,2026-07-04,Tournée ORBITE,34,False,False,False
B04196,2026-07-04,Tournée ORBITE,34,False,False,False
B04197,2026-07-04,Tournée ORBITE,34,True,False,False
B04198,2026-07-05,Tournée ORBITE,34,True,True,False
B04199,2026-07-05,Tournée ORBITE,34,False,False,False
B04200,2026-07-06,Tournée ORBITE,34,False,True,False
B04201,2026-07-06,Tournée ORBITE,13,True,False,True
B04202,2026-07-06,Tournée ORBITE,13,False,False,False
B04203,2026-07-06,Tournée ORBITE,13,False,False,False
B04204,2026-07-06,Tournée ORBITE,34,True,True,True
B04205,2026-07-06,Tournée ORBITE,34,True,False,False
B04206,2026-07-07,Tournée ORBITE,34,True,True,False
B04207,2026-07-07,Tournée ORBITE,34,True,True,False
B04208,2026-07-07,Tournée ORBITE,59,True,False,True
B04209,2026-07-08,Tournée ORBITE,34,False,False,False
B04210,2026-07-08,Tournée ORBITE,34,False,True,False
B04211,2026-07-09,Tournée ORBITE,34,True,True,False
B04212,2026-07-11,Tournée ORBITE,33,False,False,False
B04213,2026-07-11,Tournée ORBITE,34,False,False,False
B04214,2026-07-12,Tournée ORBITE,35,True,False,False
B04215,2026-07-12,Tournée ORBITE,34,True,False,False
B04216,2026-07-12,Tournée ORBITE,34,False,True,False
B04217,2026-07-12,Tournée ORBITE,34,True,True,False
B04218,2026-07-12,Tournée ORBITE,34,True,False,False
B04219,2026-07-12,Tournée ORBITE,34,True,False,False
B04220,2026-07-13,Tournée ORBITE,34,True,False,False
B04221,2026-07-13,Tournée ORBITE,34,False,True,False
B04222,2026-07-15,Tournée ORBITE,35,True,False,False
B04223,2026-07-16,Tournée ORBITE,44,True,False,False
B04224,2026-07-16,Tournée ORBITE,67,False,True,False
B04225,2026-07-17,Tournée ORBITE,34,True,True,False
B04226,2026-07-17,Tournée ORBITE,34,False,True,False
B04227,2026-07-18,Tournée ORBITE,75,True,False,False
B04228,2026-07-18,Tournée ORBITE,34,True,False,False
B04229,2026-07-19,Tournée ORBITE,34,False,False,False
B04230,2026-07-21,Tournée ORBITE,BE,True,False,True
B04231,2026-07-23,Tournée ORBITE,69,True,False,False
B04232,2026-07-23,Tournée ORBITE,34,True,True,False
B04233,2026-07-24,Tournée ORBITE,34,True,False,False
B04234,2026-07-24,Tournée ORBITE,34,True,True,True
B04235,2026-07-24,Tournée ORBITE,BE,True,False,False
B04236,2026-07-24,Tournée ORBITE,44,True,True,False
B04237,2026-07-25,Tournée ORBITE,35,False,False,False
B04238,2026-07-25,Tournée ORBITE,34,True,False,False
B04239,2026-07-27,Tournée ORBITE,34,True,False,False
B04240,2026-07-29,Tournée ORBITE,34,True,False,False
B04241,2026-07-29,Tournée ORBITE,34,True,False,False
B04242,2026-07-30,Tournée ORBITE,59,True,False,True
B04243,2026-07-30,Tournée ORBITE,34,True,False,False
B04244,2026-07-31,Tournée ORBITE,34,False,False,False
B04245,2026-07-31,Tournée ORBITE,34,True,False,False
B04246,2026-07-31,Tournée ORBITE,34,True,False,False
B04247,2026-08-01,Tournée ORBITE,75,True,False,False
B04248,2026-08-02,Tournée ORBITE,34,True,False,True
B04249,2026-08-02,Tournée ORBITE,34,False,False,False
B04250,2026-08-02,Tournée ORBITE,34,False,False,False
B04251,2026-08-04,Tournée ORBITE,34,True,False,False
B04252,2026-06-30,Tournée ORBITE,BE,True,False,False
B04253,2026-06-30,Tournée ORBITE,BE,True,False,False
B04254,2026-06-30,Tournée ORBITE,BE,True,False,False
B04255,2026-06-30,Tournée ORBITE,BE,True,False,False
B04256,2026-06-30,Tournée ORBITE,BE,True,False,False
B04257,2026-06-30,Tournée ORBITE,BE,True,False,False
B04258,2026-06-30,Tournée ORBITE,BE,True,False,False
B04259,2026-06-30,Tournée ORBITE,BE,True,False,True
B04260,2026-06-30,Tournée ORBITE,BE,True,True,False
B04261,2026-06-30,Tournée ORBITE,69,True,True,False
B04262,2026-06-30,Tournée ORBITE,67,False,False,False
B04263,2026-06-30,Tournée ORBITE,31,False,False,False
B04264,2026-06-30,Tournée ORBITE,BE,True,False,False
B04265,2026-06-30,Tournée ORBITE,BE,False,False,False
B04266,2026-06-30,Tournée ORBITE,BE,True,False,False
B04267,2026-06-30,Tournée ORBITE,67,False,True,False
B04268,2026-06-30,Tournée ORBITE,BE,True,False,False
B04269,2026-06-30,Tournée ORBITE,33,True,False,False
B04270,2026-06-30,Tournée ORBITE,BE,False,False,False
B04271,2026-06-30,Tournée ORBITE,BE,True,False,False
B04272,2026-06-30,Tournée ORBITE,BE,True,False,False
B04273,2026-06-30,Tournée ORBITE,BE,True,False,False
B04274,2026-06-30,Tournée ORBITE,BE,True,True,False
B04275,2026-06-30,Tournée ORBITE,13,False,False,False
B04276,2026-06-30,Tournée ORBITE,67,True,False,False
B04277,2026-06-30,Tournée ORBITE,BE,False,False,False
B04278,2026-06-30,Tournée ORBITE,BE,True,False,True
B04279,2026-06-30,Tournée ORBITE,33,True,False,False
B04280,2026-06-30,Tournée ORBITE,BE,True,False,True
B04281,2026-06-30,Tournée ORBITE,BE,False,False,False
B04282,2026-06-30,Tournée ORBITE,BE,True,False,True
B04283,2026-06-30,Tournée ORBITE,59,True,False,False
B04284,2026-06-30,Tournée ORBITE,BE,False,True,False
B04285,2026-06-30,Tournée ORBITE,BE,True,False,False
B04286,2026-06-30,Tournée ORBITE,BE,False,False,False
B04287,2026-07-01,Tournée ORBITE,BE,False,False,False
B04288,2026-07-01,Tournée ORBITE,BE,True,False,False
B04289,2026-07-01,Tournée ORBITE,BE,True,False,False
B04290,2026-07-01,Tournée ORBITE,BE,False,False,False
B04291,2026-07-01,Tournée ORBITE,31,False,False,False
B04292,2026-07-01,Tournée ORBITE,BE,False,False,False
B04293,2026-07-01,Tournée ORBITE,BE,True,False,True
B04294,2026-07-01,Tournée ORBITE,BE,False,False,False
B04295,2026-07-01,Tournée ORBITE,13,False,True,False
B04296,2026-07-01,Tournée ORBITE,BE,True,False,False
B04297,2026-07-01,Tournée ORBITE,BE,True,True,False
B04298,2026-07-01,Tournée ORBITE,BE,True,False,True
B04299,2026-07-01,Tournée ORBITE,BE,True,True,False
B04300,2026-07-01,Tournée ORBITE,BE,False,False,False
B04301,2026-07-01,Tournée ORBITE,BE,True,True,True
B04302,2026-07-01,Tournée ORBITE,34,True,False,False
B04303,2026-07-01,Tournée ORBITE,BE,True,True,False
B04304,2026-07-01,Tournée ORBITE,BE,True,False,True
B04305,2026-07-01,Tournée ORBITE,59,False,False,False
B04306,2026-07-02,Tournée ORBITE,BE,True,False,False
B04307,2026-07-02,Tournée ORBITE,BE,False,False,False
B04308,2026-07-02,Tournée ORBITE,BE,False,False,False
B04309,2026-07-02,Tournée ORBITE,BE,True,False,False
B04310,2026-07-02,Tournée ORBITE,33,True,True,False
B04311,2026-07-02,Tournée ORBITE,BE,True,True,False
B04312,2026-07-02,Tournée ORBITE,BE,True,False,True
B04313,2026-07-02,Tournée ORBITE,44,True,False,False
B04314,2026-07-02,Tournée ORBITE,33,True,False,True
B04315,2026-07-02,Tournée ORBITE,34,True,False,False
B04316,2026-07-02,Tournée ORBITE,BE,False,True,False
B04317,2026-07-02,Tournée ORBITE,13,False,False,False
B04318,2026-07-03,Tournée ORBITE,BE,False,False,False
B04319,2026-07-03,Tournée ORBITE,BE,False,True,False
B04320,2026-07-03,Tournée ORBITE,BE,True,False,False
B04321,2026-07-03,Tournée ORBITE,BE,True,False,True
B04322,2026-07-03,Tournée ORBITE,BE,True,False,False
B04323,2026-07-03,Tournée ORBITE,67,True,False,True
B04324,2026-07-03,Tournée ORBITE,BE,False,True,False
B04325,2026-07-03,Tournée ORBITE,BE,True,False,False
B04326,2026-07-03,Tournée ORBITE,BE,False,False,False
B04327,2026-07-03,Tournée ORBITE,BE,True,False,False
B04328,2026-07-03,Tournée ORBITE,BE,True,False,False
B04329,2026-07-03,Tournée ORBITE,BE,True,False,True
B04330,2026-07-03,Tournée ORBITE,13,True,False,False
B04331,2026-07-03,Tournée ORBITE,BE,True,False,False
B04332,2026-07-04,Tournée ORBITE,BE,False,True,False
B04333,2026-07-04,Tournée ORBITE,75,False,False,False
B04334,2026-07-04,Tournée ORBITE,BE,True,False,False
B04335,2026-07-04,Tournée ORBITE,BE,True,False,False
B04336,2026-07-04,Tournée ORBITE,BE,True,False,False
B04337,2026-07-04,Tournée ORBITE,BE,True,True,False
B04338,2026-07-04,Tournée ORBITE,BE,True,True,False
B04339,2026-07-04,Tournée ORBITE,BE,True,False,False
B04340,2026-07-04,Tournée ORBITE,69,False,False,False
B04341,2026-07-04,Tournée ORBITE,59,True,True,False
B04342,2026-07-05,Tournée ORBITE,44,True,False,True
B04343,2026-07-05,Tournée ORBITE,BE,True,False,True
B04344,2026-07-05,Tournée ORBITE,BE,True,False,True
B04345,2026-07-05,Tournée ORBITE,BE,True,False,False
B04346,2026-07-05,Tournée ORBITE,BE,False,False,False
B04347,2026-07-05,Tournée ORBITE,BE,True,True,False
B04348,2026-07-05,Tournée ORBITE,BE,True,False,True
B04349,2026-07-05,Tournée ORBITE,BE,True,False,True
B04350,2026-07-05,Tournée ORBITE,BE,True,True,True
B04351,2026-07-05,Tournée ORBITE,35,False,False,False
B04352,2026-07-05,Tournée ORBITE,BE,True,False,False
B04353,2026-07-06,Tournée ORBITE,BE,False,False,False
B04354,2026-07-06,Tournée ORBITE,BE,True,False,False
B04355,2026-07-06,Tournée ORBITE,BE,True,False,False
B04356,2026-07-06,Tournée ORBITE,BE,False,False,False
B04357,2026-07-06,Tournée ORBITE,BE,False,False,False
B04358,2026-07-07,Tournée ORBITE,BE,False,False,False
B04359,2026-07-07,Tournée ORBITE,BE,True,True,False
B04360,2026-07-07,Tournée ORBITE,BE,True,False,False
B04361,2026-07-07,Tournée ORBITE,BE,False,False,False
B04362,2026-07-07,Tournée ORBITE,35,True,False,True
B04363,2026-07-07,Tournée ORBITE,BE,True,False,False
B04364,2026-07-08,Tournée ORBITE,BE,False,False,False
B04365,2026-07-08,Tournée ORBITE,BE,True,False,False
B04366,2026-07-08,Tournée ORBITE,BE,True,False,False
B04367,2026-07-08,Tournée ORBITE,BE,False,False,False
B04368,2026-07-08,Tournée ORBITE,BE,True,False,False
B04369,2026-07-09,Tournée ORBITE,BE,True,False,True
B04370,2026-07-09,Tournée ORBITE,BE,True,False,False
B04371,2026-07-09,Tournée ORBITE,BE,False,False,False
B04372,2026-07-09,Tournée ORBITE,BE,True,False,False
B04373,2026-07-09,Tournée ORBITE,13,False,False,False
B04374,2026-07-10,Tournée ORBITE,BE,False,False,False
B04375,2026-07-10,Tournée ORBITE,BE,False,False,False
B04376,2026-07-10,Tournée ORBITE,44,False,False,False
B04377,2026-07-10,Tournée ORBITE,BE,False,False,False
B04378,2026-07-10,Tournée ORBITE,BE,False,False,False
B04379,2026-07-10,Tournée ORBITE,BE,True,False,False
B04380,2026-07-10,Tournée ORBITE,BE,False,False,False
B04381,2026-07-10,Tournée ORBITE,BE,True,False,True
B04382,2026-07-10,Tournée ORBITE,BE,True,False,False
B04383,2026-07-10,Tournée ORBITE,BE,True,False,False
B04384,2026-07-10,Tournée ORBITE,BE,False,False,False
B04385,2026-07-11,Tournée ORBITE,59,True,False,False
B04386,2026-07-11,Tournée ORBITE,BE,True,False,False
B04387,2026-07-11,Tournée ORBITE,BE,True,True,False
B04388,2026-07-12,Tournée ORBITE,BE,True,True,False
B04389,2026-07-12,Tournée ORBITE,BE,False,True,False
B04390,2026-07-12,Tournée ORBITE,BE,False,False,False
B04391,2026-07-12,Tournée ORBITE,BE,True,True,True
B04392,2026-07-13,Tournée ORBITE,BE,True,True,False
B04393,2026-07-14,Tournée ORBITE,BE,True,False,False
B04394,2026-07-14,Tournée ORBITE,BE,False,True,False
B04395,2026-07-14,Tournée ORBITE,BE,False,False,False
B04396,2026-07-14,Tournée ORBITE,BE,False,False,False
B04397,2026-07-15,Tournée ORBITE,BE,False,True,False
B04398,2026-07-15,Tournée ORBITE,BE,True,False,False
B04399,2026-07-15,Tournée ORBITE,BE,True,True,False
B04400,2026-07-15,Tournée ORBITE,BE,True,False,False
B04401,2026-07-16,Tournée ORBITE,BE,True,False,False
B04402,2026-07-16,Tournée ORBITE,33,True,False,True
B04403,2026-07-16,Tournée ORBITE,BE,False,False,False
B04404,2026-07-16,Tournée ORBITE,BE,False,False,False
B04405,2026-07-16,Tournée ORBITE,BE,True,False,False
B04406,2026-07-16,Tournée ORBITE,BE,True,False,False
B04407,2026-07-17,Tournée ORBITE,BE,True,False,False
B04408,2026-07-17,Tournée ORBITE,BE,False,False,False
B04409,2026-07-18,Tournée ORBITE,BE,True,False,False
B04410,2026-07-18,Tournée ORBITE,BE,True,False,False
B04411,2026-07-18,Tournée ORBITE,BE,True,False,False
B04412,2026-07-18,Tournée ORBITE,44,True,True,True
B04413,2026-07-19,Tournée ORBITE,BE,True,False,False
B04414,2026-07-19,Tournée ORBITE,BE,True,False,False
B04415,2026-07-19,Tournée ORBITE,BE,True,False,False
B04416,2026-07-19,Tournée ORBITE,BE,True,False,True
B04417,2026-07-19,Tournée ORBITE,BE,True,False,False
B04418,2026-07-19,Tournée ORBITE,BE,False,False,False
B04419,2026-07-20,Tournée ORBITE,BE,False,False,False
B04420,2026-07-20,Tournée ORBITE,BE,True,False,False
B04421,2026-07-22,Tournée ORBITE,BE,False,False,False
B04422,2026-07-22,Tournée ORBITE,BE,False,False,False
B04423,2026-07-22,Tournée ORBITE,69,True,True,True
B04424,2026-07-22,Tournée ORBITE,BE,True,False,False
B04425,2026-07-22,Tournée ORBITE,BE,True,False,True
B04426,2026-07-24,Tournée ORBITE,BE,True,False,False
B04427,2026-07-24,Tournée ORBITE,59,False,False,False
B04428,2026-07-24,Tournée ORBITE,BE,True,False,False
B04429,2026-07-24,Tournée ORBITE,67,False,False,False
B04430,2026-07-24,Tournée ORBITE,BE,False,False,False
B04431,2026-07-25,Tournée ORBITE,59,True,False,True
B04432,2026-07-25,Tournée ORBITE,BE,False,False,False
B04433,2026-07-25,Tournée ORBITE,BE,False,False,False
B04434,2026-07-25,Tournée ORBITE,34,True,False,False
B04435,2026-07-26,Tournée ORBITE,BE,True,False,False
B04436,2026-07-26,Tournée ORBITE,59,True,False,False
B04437,2026-07-26,Tournée ORBITE,BE,True,False,False
B04438,2026-07-28,Tournée ORBITE,69,True,False,False
B04439,2026-07-29,Tournée ORBITE,BE,False,False,False
B04440,2026-07-29,Tournée ORBITE,59,True,False,True
B04441,2026-07-29,Tournée ORBITE,33,False,False,False
B04442,2026-07-29,Tournée ORBITE,BE,False,True,False
B04443,2026-07-30,Tournée ORBITE,BE,True,True,False
B04444,2026-07-31,Tournée ORBITE,44,False,True,False
B04445,2026-07-31,Tournée ORBITE,BE,False,False,False
B04446,2026-07-31,Tournée ORBITE,BE,True,False,True
B04447,2026-08-01,Tournée ORBITE,BE,True,False,True
B04448,2026-08-02,Tournée ORBITE,13,True,False,False
B04449,2026-08-02,Tournée ORBITE,BE,True,False,False
B04450,2026-08-03,Tournée ORBITE,BE,True,False,False
B04451,2026-08-03,Tournée ORBITE,BE,True,False,False
B04452,2026-08-03,Tournée ORBITE,44,False,False,False
B04453,2026-08-03,Tournée ORBITE,BE,True,True,True
B04454,2026-08-04,Tournée ORBITE,BE,True,False,False
B04455,2026-08-04,Tournée ORBITE,BE,False,False,False
