order_id,buyer_id,show_id,order_date,channel,tier,qty,unit_price,fee_per_ticket,gross,tour
O000001,B00001,P01,2024-09-20,Site officiel,Normal,4,24.0,0.0,96.0,PREMIER CERCLE 2024
O000002,B00002,P01,2024-09-25,Site officiel,Normal,2,24.0,0.0,48.0,PREMIER CERCLE 2024
O000003,B00001,P01,2024-09-24,Site officiel,Normal,3,24.0,0.0,72.0,PREMIER CERCLE 2024
O000004,B00003,P01,2024-09-25,Site officiel,Normal,2,24.0,0.0,48.0,PREMIER CERCLE 2024
O000005,B00004,P01,2024-09-06,Site officiel,Normal,1,24.0,0.0,24.0,PREMIER CERCLE 2024
O000006,B00005,P01,2024-07-21,Site officiel,Normal,3,24.0,0.0,72.0,PREMIER CERCLE 2024
O000007,B00006,P01,2024-09-16,Site officiel,Normal,2,24.0,0.0,48.0,PREMIER CERCLE 2024
O000008,B00007,P01,2024-08-24,Site officiel,Normal,2,24.0,0.0,48.0,PREMIER CERCLE 2024
O000009,B00008,P01,2024-08-01,Site officiel,Normal,2,24.0,0.0,48.0,PREMIER CERCLE 2024
O000010,B00009,P01,2024-09-07,Site officiel,Normal,1,24.0,0.0,24.0,PREMIER CERCLE 2024
O000011,B00010,P01,2024-09-13,Site officiel,Normal,1,24.0,0.0,24.0,PREMIER CERCLE 2024
O000012,B00011,P01,2024-07-17,Site officiel,Normal,2,24.0,0.0,48.0,PREMIER CERCLE 2024
O000013,B00012,P01,2024-09-11,Site officiel,Normal,2,24.0,0.0,48.0,PREMIER CERCLE 2024
O000014,B00013,P01,2024-07-18,Site officiel,Normal,3,24.0,0.0,72.0,PREMIER CERCLE 2024
O000015,B00014,P01,2024-07-14,Site officiel,Normal,2,24.0,0.0,48.0,PREMIER CERCLE 2024
O000016,B00015,P01,2024-09-15,Site officiel,Normal,1,24.0,0.0,24.0,PREMIER CERCLE 2024
O000017,B00003,P01,2024-09-19,Site officiel,Normal,2,24.0,0.0,48.0,PREMIER CERCLE 2024
O000018,B00009,P01,2024-09-23,Site officiel,Normal,2,24.0,0.0,48.0,PREMIER CERCLE 2024
O000019,B00016,P01,2024-07-29,Site officiel,Normal,1,24.0,0.0,24.0,PREMIER CERCLE 2024
O000020,B00005,P01,2024-08-21,Site officiel,Normal,2,24.0,0.0,48.0,PREMIER CERCLE 2024
O000021,B00017,P01,2024-07-19,Site officiel,Normal,2,24.0,0.0,48.0,PREMIER CERCLE 2024
O000022,B00018,P01,2024-07-19,Site officiel,Normal,2,24.0,0.0,48.0,PREMIER CERCLE 2024
O000023,B00019,P01,2024-08-31,Site officiel,Normal,3,24.0,0.0,72.0,PREMIER CERCLE 2024
O000024,B00020,P01,2024-08-06,Site officiel,Normal,2,24.0,0.0,48.0,PREMIER CERCLE 2024
O000025,B00005,P01,2024-09-26,Site officiel,Normal,2,24.0,0.0,48.0,PREMIER CERCLE 2024
O000026,B00021,P01,2024-07-24,Site officiel,Normal,4,24.0,0.0,96.0,PREMIER CERCLE 2024
O000027,B00022,P01,2024-08-31,Site officiel,Normal,2,24.0,0.0,48.0,PREMIER CERCLE 2024
O000028,B00023,P01,2024-09-09,Site officiel,Normal,1,24.0,0.0,24.0,PREMIER CERCLE 2024
O000029,B00024,P01,2024-08-22,Site officiel,Normal,2,24.0,0.0,48.0,PREMIER CERCLE 2024
O000030,B00025,P01,2024-07-13,Site officiel,Normal,1,24.0,0.0,24.0,PREMIER CERCLE 2024
O000031,B00020,P01,2024-09-01,Site officiel,Normal,2,24.0,0.0,48.0,PREMIER CERCLE 2024
O000032,B00026,P01,2024-08-04,Site officiel,Normal,2,24.0,0.0,48.0,PREMIER CERCLE 2024
O000033,B00027,P01,2024-08-28,Site officiel,Normal,2,24.0,0.0,48.0,PREMIER CERCLE 2024
O000034,B00028,P01,2024-08-26,Site officiel,Normal,2,24.0,0.0,48.0,PREMIER CERCLE 2024
O000035,B00029,P01,2024-08-28,Site officiel,Normal,1,24.0,0.0,24.0,PREMIER CERCLE 2024
O000036,B00006,P01,2024-09-20,Site officiel,Normal,4,24.0,0.0,96.0,PREMIER CERCLE 2024
O000037,B00030,P01,2024-07-20,Site officiel,Normal,2,24.0,0.0,48.0,PREMIER CERCLE 2024
O000038,B00031,P01,2024-07-13,Site officiel,Normal,2,24.0,0.0,48.0,PREMIER CERCLE 2024
O000039,B00002,P01,2024-07-27,Site officiel,Normal,2,24.0,0.0,48.0,PREMIER CERCLE 2024
O000040,B00020,P01,2024-07-31,Site officiel,Normal,2,24.0,0.0,48.0,PREMIER CERCLE 2024
O000041,B00032,P01,2024-07-20,Site officiel,Normal,4,24.0,0.0,96.0,PREMIER CERCLE 2024
O000042,B00033,P01,2024-08-09,Site officiel,Normal,3,24.0,0.0,72.0,PREMIER CERCLE 2024
O000043,B00034,P01,2024-07-12,Site officiel,Normal,2,24.0,0.0,48.0,PREMIER CERCLE 2024
O000044,B00035,P01,2024-08-25,Site officiel,Normal,2,24.0,0.0,48.0,PREMIER CERCLE 2024
O000045,B00036,P01,2024-07-30,Site officiel,Normal,2,24.0,0.0,48.0,PREMIER CERCLE 2024
O000046,B00037,P01,2024-07-22,Site officiel,Normal,1,24.0,0.0,24.0,PREMIER CERCLE 2024
O000047,B00038,P01,2024-07-26,Site officiel,Normal,2,24.0,0.0,48.0,PREMIER CERCLE 2024
O000048,B00022,P01,2024-07-23,Site officiel,Normal,2,24.0,0.0,48.0,PREMIER CERCLE 2024
O000049,B00039,P01,2024-08-28,Site officiel,Normal,2,24.0,0.0,48.0,PREMIER CERCLE 2024
O000050,B00040,P01,2024-09-01,Site officiel,Normal,1,24.0,0.0,24.0,PREMIER CERCLE 2024
O000051,B00041,P01,2024-07-12,Site officiel,Normal,1,24.0,0.0,24.0,PREMIER CERCLE 2024
O000052,B00042,P01,2024-09-22,Site officiel,Normal,2,24.0,0.0,48.0,PREMIER CERCLE 2024
O000053,B00036,P01,2024-07-21,Site officiel,Normal,1,24.0,0.0,24.0,PREMIER CERCLE 2024
O000054,B00043,P01,2024-09-10,Site officiel,Normal,2,24.0,0.0,48.0,PREMIER CERCLE 2024
O000055,B00044,P01,2024-08-07,Site officiel,Normal,2,24.0,0.0,48.0,PREMIER CERCLE 2024
O000056,B00008,P01,2024-07-23,Site officiel,Normal,2,24.0,0.0,48.0,PREMIER CERCLE 2024
O000057,B00045,P01,2024-08-30,Site officiel,Normal,2,24.0,0.0,48.0,PREMIER CERCLE 2024
O000058,B00046,P01,2024-08-20,Site officiel,Normal,2,24.0,0.0,48.0,PREMIER CERCLE 2024
O000059,B00047,P01,2024-08-23,Site officiel,Normal,2,24.0,0.0,48.0,PREMIER CERCLE 2024
O000060,B00045,P01,2024-08-29,Site officiel,Normal,3,24.0,0.0,72.0,PREMIER CERCLE 2024
O000061,B00048,P01,2024-09-22,Site officiel,Normal,2,24.0,0.0,48.0,PREMIER CERCLE 2024
O000062,B00049,P01,2024-07-10,Site officiel,Normal,2,24.0,0.0,48.0,PREMIER CERCLE 2024
O000063,B00050,P01,2024-08-23,Site officiel,Normal,2,24.0,0.0,48.0,PREMIER CERCLE 2024
O000064,B00051,P01,2024-09-15,Site officiel,Normal,2,24.0,0.0,48.0,PREMIER CERCLE 2024
O000065,B00010,P01,2024-09-09,Site officiel,Normal,3,24.0,0.0,72.0,PREMIER CERCLE 2024
O000066,B00052,P01,2024-09-15,Site officiel,Normal,1,24.0,0.0,24.0,PREMIER CERCLE 2024
O000067,B00053,P01,2024-07-19,Site officiel,Normal,2,24.0,0.0,48.0,PREMIER CERCLE 2024
O000068,B00054,P01,2024-07-09,Site officiel,Normal,2,24.0,0.0,48.0,PREMIER CERCLE 2024
O000069,B00055,P01,2024-08-05,Site officiel,Normal,1,24.0,0.0,24.0,PREMIER CERCLE 2024
O000070,B00008,P01,2024-07-15,Site officiel,Normal,2,24.0,0.0,48.0,PREMIER CERCLE 2024
O000071,B00056,P01,2024-07-22,Site officiel,Normal,3,24.0,0.0,72.0,PREMIER CERCLE 2024
O000072,B00057,P01,2024-09-16,Site officiel,Normal,2,24.0,0.0,48.0,PREMIER CERCLE 2024
O000073,B00058,P01,2024-09-13,Site officiel,Normal,2,24.0,0.0,48.0,PREMIER CERCLE 2024
O000074,B00059,P01,2024-09-25,Site officiel,Normal,1,24.0,0.0,24.0,PREMIER CERCLE 2024
O000075,B00060,P01,2024-08-06,Site officiel,Normal,2,24.0,0.0,48.0,PREMIER CERCLE 2024
O000076,B00061,P01,2024-09-03,Site officiel,Normal,2,24.0,0.0,48.0,PREMIER CERCLE 2024
O000077,B00062,P01,2024-08-24,Site officiel,Normal,2,24.0,0.0,48.0,PREMIER CERCLE 2024
O000078,B00063,P01,2024-09-24,Site officiel,Normal,1,24.0,0.0,24.0,PREMIER CERCLE 2024
O000079,B00064,P01,2024-08-28,Site officiel,Normal,2,24.0,0.0,48.0,PREMIER CERCLE 2024
O000080,B00044,P01,2024-08-06,Site officiel,Normal,1,24.0,0.0,24.0,PREMIER CERCLE 2024
O000081,B00065,P01,2024-07-28,Site officiel,Normal,3,24.0,0.0,72.0,PREMIER CERCLE 2024
O000082,B00066,P01,2024-09-25,Site officiel,Normal,2,24.0,0.0,48.0,PREMIER CERCLE 2024
O000083,B00067,P01,2024-07-14,Site officiel,Normal,2,24.0,0.0,48.0,PREMIER CERCLE 2024
O000084,B00068,P01,2024-08-25,Site officiel,Normal,2,24.0,0.0,48.0,PREMIER CERCLE 2024
O000085,B00069,P01,2024-09-09,Site officiel,Normal,2,24.0,0.0,48.0,PREMIER CERCLE 2024
O000086,B00070,P01,2024-08-08,Site officiel,Normal,1,24.0,0.0,24.0,PREMIER CERCLE 2024
O000087,B00014,P01,2024-08-21,Site officiel,Normal,2,24.0,0.0,48.0,PREMIER CERCLE 2024
O000088,B00071,P01,2024-08-07,Site officiel,Normal,2,24.0,0.0,48.0,PREMIER CERCLE 2024
O000089,B00072,P01,2024-08-18,Site officiel,Normal,4,24.0,0.0,96.0,PREMIER CERCLE 2024
O000090,B00073,P01,2024-09-12,Site officiel,Normal,2,24.0,0.0,48.0,PREMIER CERCLE 2024
O000091,B00074,P01,2024-07-11,Site officiel,Normal,2,24.0,0.0,48.0,PREMIER CERCLE 2024
O000092,B00075,P01,2024-09-19,Site officiel,Normal,3,24.0,0.0,72.0,PREMIER CERCLE 2024
O000093,B00076,P01,2024-07-20,Site officiel,Normal,1,24.0,0.0,24.0,PREMIER CERCLE 2024
O000094,B00077,P01,2024-07-15,Site officiel,Normal,2,24.0,0.0,48.0,PREMIER CERCLE 2024
O000095,B00078,P01,2024-08-11,Site officiel,Normal,2,24.0,0.0,48.0,PREMIER CERCLE 2024
O000096,B00079,P01,2024-08-11,Site officiel,Normal,2,24.0,0.0,48.0,PREMIER CERCLE 2024
O000097,B00080,P01,2024-07-14,Site officiel,Normal,2,24.0,0.0,48.0,PREMIER CERCLE 2024
O000098,B00044,P01,2024-07-21,Site officiel,Normal,1,24.0,0.0,24.0,PREMIER CERCLE 2024
O000099,B00081,P01,2024-08-26,Site officiel,Normal,2,24.0,0.0,48.0,PREMIER CERCLE 2024
O000100,B00065,P01,2024-07-13,Site officiel,Normal,2,24.0,0.0,48.0,PREMIER CERCLE 2024
O000101,B00031,P01,2024-08-11,Site officiel,Normal,1,24.0,0.0,24.0,PREMIER CERCLE 2024
O000102,B00082,P01,2024-07-14,Site officiel,Normal,2,24.0,0.0,48.0,PREMIER CERCLE 2024
O000103,B00083,P01,2024-08-09,Site officiel,Normal,4,24.0,0.0,96.0,PREMIER CERCLE 2024
O000104,B00084,P01,2024-08-29,Site officiel,Normal,3,24.0,0.0,72.0,PREMIER CERCLE 2024
O000105,B00085,P01,2024-08-17,Site officiel,Normal,2,24.0,0.0,48.0,PREMIER CERCLE 2024
O000106,B00086,P01,2024-09-21,Site officiel,Normal,2,24.0,0.0,48.0,PREMIER CERCLE 2024
O000107,B00087,P01,2024-09-13,Site officiel,Normal,2,24.0,0.0,48.0,PREMIER CERCLE 2024
O000108,B00088,P01,2024-08-30,Site officiel,Normal,2,24.0,0.0,48.0,PREMIER CERCLE 2024
O000109,B00089,P01,2024-07-16,Site officiel,Normal,2,24.0,0.0,48.0,PREMIER CERCLE 2024
O000110,B00090,P01,2024-07-12,Site officiel,Normal,2,24.0,0.0,48.0,PREMIER CERCLE 2024
O000111,B00091,P01,2024-08-23,Site officiel,Normal,2,24.0,0.0,48.0,PREMIER CERCLE 2024
O000112,B00092,P01,2024-08-03,Site officiel,Normal,1,24.0,0.0,24.0,PREMIER CERCLE 2024
O000113,B00093,P01,2024-09-14,Site officiel,Normal,2,24.0,0.0,48.0,PREMIER CERCLE 2024
O000114,B00094,P01,2024-08-09,Site officiel,Normal,2,24.0,0.0,48.0,PREMIER CERCLE 2024
O000115,B00095,P01,2024-07-26,Site officiel,Normal,2,24.0,0.0,48.0,PREMIER CERCLE 2024
O000116,B00096,P01,2024-08-07,Site officiel,Normal,2,24.0,0.0,48.0,PREMIER CERCLE 2024
O000117,B00031,P01,2024-07-21,Site officiel,Normal,2,24.0,0.0,48.0,PREMIER CERCLE 2024
O000118,B00097,P01,2024-09-25,Site officiel,Normal,2,24.0,0.0,48.0,PREMIER CERCLE 2024
O000119,B00086,P01,2024-07-21,Site officiel,Normal,1,24.0,0.0,24.0,PREMIER CERCLE 2024
O000120,B00098,P01,2024-07-22,Site officiel,Normal,2,24.0,0.0,48.0,PREMIER CERCLE 2024
O000121,B00099,P01,2024-08-04,Site officiel,Normal,2,24.0,0.0,48.0,PREMIER CERCLE 2024
O000122,B00100,P01,2024-09-07,Site officiel,Normal,2,24.0,0.0,48.0,PREMIER CERCLE 2024
O000123,B00101,P01,2024-07-12,Site officiel,Normal,2,24.0,0.0,48.0,PREMIER CERCLE 2024
O000124,B00102,P01,2024-08-13,Site officiel,Normal,1,24.0,0.0,24.0,PREMIER CERCLE 2024
O000125,B00103,P01,2024-07-17,Site officiel,Normal,3,24.0,0.0,72.0,PREMIER CERCLE 2024
O000126,B00011,P01,2024-07-16,Site officiel,Normal,1,24.0,0.0,24.0,PREMIER CERCLE 2024
O000127,B00104,P01,2024-07-29,Site officiel,Normal,1,24.0,0.0,24.0,PREMIER CERCLE 2024
O000128,B00105,P01,2024-09-20,Site officiel,Normal,3,24.0,0.0,72.0,PREMIER CERCLE 2024
O000129,B00106,P01,2024-08-20,Site officiel,Normal,1,24.0,0.0,24.0,PREMIER CERCLE 2024
O000130,B00107,P01,2024-09-01,Site officiel,Normal,2,24.0,0.0,48.0,PREMIER CERCLE 2024
O000131,B00102,P01,2024-07-09,Site officiel,Normal,2,24.0,0.0,48.0,PREMIER CERCLE 2024
O000132,B00108,P01,2024-07-30,Site officiel,Normal,2,24.0,0.0,48.0,PREMIER CERCLE 2024
O000133,B00109,P01,2024-08-31,Site officiel,Normal,2,24.0,0.0,48.0,PREMIER CERCLE 2024
O000134,B00110,P01,2024-08-07,Site officiel,Normal,2,24.0,0.0,48.0,PREMIER CERCLE 2024
O000135,B00111,P01,2024-08-05,Site officiel,Normal,2,24.0,0.0,48.0,PREMIER CERCLE 2024
O000136,B00112,P01,2024-08-02,Site officiel,Normal,2,24.0,0.0,48.0,PREMIER CERCLE 2024
O000137,B00056,P01,2024-08-04,Site officiel,Normal,2,24.0,0.0,48.0,PREMIER CERCLE 2024
O000138,B00113,P01,2024-09-27,Site officiel,Normal,2,24.0,0.0,48.0,PREMIER CERCLE 2024
O000139,B00114,P01,2024-09-11,Site officiel,Normal,2,24.0,0.0,48.0,PREMIER CERCLE 2024
O000140,B00115,P01,2024-07-28,Site officiel,Normal,2,24.0,0.0,48.0,PREMIER CERCLE 2024
O000141,B00116,P01,2024-09-07,Site officiel,Normal,3,24.0,0.0,72.0,PREMIER CERCLE 2024
O000142,B00111,P01,2024-09-24,Site officiel,Normal,1,24.0,0.0,24.0,PREMIER CERCLE 2024
O000143,B00117,P01,2024-09-04,Site officiel,Normal,4,24.0,0.0,96.0,PREMIER CERCLE 2024
O000144,B00118,P01,2024-09-26,Site officiel,Normal,1,24.0,0.0,24.0,PREMIER CERCLE 2024
O000145,B00119,P01,2024-08-24,Site officiel,Normal,1,24.0,0.0,24.0,PREMIER CERCLE 2024
O000146,B00120,P01,2024-08-14,Site officiel,Normal,1,24.0,0.0,24.0,PREMIER CERCLE 2024
O000147,B00013,P01,2024-08-08,Site officiel,Normal,1,24.0,0.0,24.0,PREMIER CERCLE 2024
O000148,B00006,P01,2024-09-24,Site officiel,Normal,4,24.0,0.0,96.0,PREMIER CERCLE 2024
O000149,B00088,P01,2024-09-12,Site officiel,Normal,2,24.0,0.0,48.0,PREMIER CERCLE 2024
O000150,B00121,P01,2024-08-23,Site officiel,Normal,2,24.0,0.0,48.0,PREMIER CERCLE 2024
O000151,B00122,P01,2024-09-08,Site officiel,Normal,2,24.0,0.0,48.0,PREMIER CERCLE 2024
O000152,B00123,P01,2024-09-25,Site officiel,Normal,3,24.0,0.0,72.0,PREMIER CERCLE 2024
O000153,B00103,P01,2024-08-03,Site officiel,Normal,1,24.0,0.0,24.0,PREMIER CERCLE 2024
O000154,B00028,P01,2024-09-08,Site officiel,Normal,2,24.0,0.0,48.0,PREMIER CERCLE 2024
O000155,B00124,P01,2024-09-17,Site officiel,Normal,2,24.0,0.0,48.0,PREMIER CERCLE 2024
O000156,B00125,P01,2024-09-19,Site officiel,Normal,1,24.0,0.0,24.0,PREMIER CERCLE 2024
O000157,B00126,P01,2024-07-29,Site officiel,Normal,2,24.0,0.0,48.0,PREMIER CERCLE 2024
O000158,B00080,P01,2024-09-07,Site officiel,Normal,2,24.0,0.0,48.0,PREMIER CERCLE 2024
O000159,B00127,P01,2024-08-02,Site officiel,Normal,2,24.0,0.0,48.0,PREMIER CERCLE 2024
O000160,B00128,P01,2024-09-01,Site officiel,Normal,2,24.0,0.0,48.0,PREMIER CERCLE 2024
O000161,B00129,P01,2024-07-11,Site officiel,Normal,2,24.0,0.0,48.0,PREMIER CERCLE 2024
O000162,B00130,P01,2024-09-17,Site officiel,Normal,2,24.0,0.0,48.0,PREMIER CERCLE 2024
O000163,B00131,P01,2024-09-07,Site officiel,Normal,2,24.0,0.0,48.0,PREMIER CERCLE 2024
O000164,B00132,P01,2024-08-24,Site officiel,Normal,1,24.0,0.0,24.0,PREMIER CERCLE 2024
O000165,B00133,P01,2024-09-04,Site officiel,Normal,2,24.0,0.0,48.0,PREMIER CERCLE 2024
O000166,B00134,P01,2024-07-26,Site officiel,Normal,2,24.0,0.0,48.0,PREMIER CERCLE 2024
O000167,B00135,P01,2024-07-20,Site officiel,Normal,2,24.0,0.0,48.0,PREMIER CERCLE 2024
O000168,B00136,P01,2024-08-06,Site officiel,Normal,2,24.0,0.0,48.0,PREMIER CERCLE 2024
O000169,B00137,P01,2024-08-08,Site officiel,Normal,2,24.0,0.0,48.0,PREMIER CERCLE 2024
O000170,B00138,P01,2024-07-26,Site officiel,Normal,2,24.0,0.0,48.0,PREMIER CERCLE 2024
O000171,B00092,P01,2024-09-12,Site officiel,Normal,2,24.0,0.0,48.0,PREMIER CERCLE 2024
O000172,B00139,P01,2024-09-07,Site officiel,Normal,2,24.0,0.0,48.0,PREMIER CERCLE 2024
O000173,B00140,P01,2024-08-23,Site officiel,Normal,2,24.0,0.0,48.0,PREMIER CERCLE 2024
O000174,B00141,P01,2024-09-10,Site officiel,Normal,1,24.0,0.0,24.0,PREMIER CERCLE 2024
O000175,B00014,P01,2024-08-29,Site officiel,Normal,2,24.0,0.0,48.0,PREMIER CERCLE 2024
O000176,B00142,P01,2024-09-17,Site officiel,Normal,2,24.0,0.0,48.0,PREMIER CERCLE 2024
O000177,B00143,P01,2024-07-21,Site officiel,Normal,1,24.0,0.0,24.0,PREMIER CERCLE 2024
O000178,B00144,P01,2024-08-18,Site officiel,Normal,1,24.0,0.0,24.0,PREMIER CERCLE 2024
O000179,B00145,P01,2024-09-01,Site officiel,Normal,1,24.0,0.0,24.0,PREMIER CERCLE 2024
O000180,B00146,P01,2024-09-02,Site officiel,Normal,2,24.0,0.0,48.0,PREMIER CERCLE 2024
O000181,B00147,P01,2024-09-27,Site officiel,Normal,1,24.0,0.0,24.0,PREMIER CERCLE 2024
O000182,B00053,P01,2024-08-19,Site officiel,Normal,1,24.0,0.0,24.0,PREMIER CERCLE 2024
O000183,B00148,P01,2024-08-04,Site officiel,Normal,2,24.0,0.0,48.0,PREMIER CERCLE 2024
O000184,B00149,P01,2024-08-23,Site officiel,Normal,1,24.0,0.0,24.0,PREMIER CERCLE 2024
O000185,B00150,P01,2024-07-21,Site officiel,Normal,2,24.0,0.0,48.0,PREMIER CERCLE 2024
O000186,B00151,P01,2024-08-03,Site officiel,Normal,2,24.0,0.0,48.0,PREMIER CERCLE 2024
O000187,B00152,P01,2024-09-04,Site officiel,Normal,1,24.0,0.0,24.0,PREMIER CERCLE 2024
O000188,B00153,P01,2024-07-27,Site officiel,Normal,2,24.0,0.0,48.0,PREMIER CERCLE 2024
O000189,B00154,P01,2024-08-24,Site officiel,Normal,2,24.0,0.0,48.0,PREMIER CERCLE 2024
O000190,B00094,P01,2024-09-19,Site officiel,Normal,2,24.0,0.0,48.0,PREMIER CERCLE 2024
O000191,B00155,P01,2024-08-20,Site officiel,Normal,1,24.0,0.0,24.0,PREMIER CERCLE 2024
O000192,B00142,P01,2024-09-19,Site officiel,Normal,1,24.0,0.0,24.0,PREMIER CERCLE 2024
O000193,B00103,P01,2024-08-07,Site officiel,Normal,2,24.0,0.0,48.0,PREMIER CERCLE 2024
O000194,B00156,P01,2024-07-25,Site officiel,Normal,2,24.0,0.0,48.0,PREMIER CERCLE 2024
O000195,B00157,P01,2024-09-11,Site officiel,Normal,2,24.0,0.0,48.0,PREMIER CERCLE 2024
O000196,B00158,P01,2024-07-22,Site officiel,Normal,1,24.0,0.0,24.0,PREMIER CERCLE 2024
O000197,B00159,P01,2024-07-23,Site officiel,Normal,1,24.0,0.0,24.0,PREMIER CERCLE 2024
O000198,B00160,P01,2024-07-19,Site officiel,Normal,2,24.0,0.0,48.0,PREMIER CERCLE 2024
O000199,B00161,P01,2024-07-21,Site officiel,Normal,2,24.0,0.0,48.0,PREMIER CERCLE 2024
O000200,B00162,P01,2024-09-19,Site officiel,Normal,2,24.0,0.0,48.0,PREMIER CERCLE 2024
O000201,B00163,P01,2024-08-17,Site officiel,Normal,2,24.0,0.0,48.0,PREMIER CERCLE 2024
O000202,B00164,P01,2024-07-26,Site officiel,Normal,2,24.0,0.0,48.0,PREMIER CERCLE 2024
O000203,B00165,P01,2024-08-03,Site officiel,Normal,4,24.0,0.0,96.0,PREMIER CERCLE 2024
O000204,B00166,P02,2024-08-30,Site officiel,Normal,1,22.0,0.0,22.0,PREMIER CERCLE 2024
O000205,B00135,P02,2024-07-26,Site officiel,Normal,2,22.0,0.0,44.0,PREMIER CERCLE 2024
O000206,B00167,P02,2024-07-31,Site officiel,Normal,2,22.0,0.0,44.0,PREMIER CERCLE 2024
O000207,B00168,P02,2024-09-09,Site officiel,Normal,2,22.0,0.0,44.0,PREMIER CERCLE 2024
O000208,B00169,P02,2024-10-03,Site officiel,Normal,1,22.0,0.0,22.0,PREMIER CERCLE 2024
O000209,B00170,P02,2024-07-19,Site officiel,Normal,2,22.0,0.0,44.0,PREMIER CERCLE 2024
O000210,B00171,P02,2024-08-28,Site officiel,Normal,2,22.0,0.0,44.0,PREMIER CERCLE 2024
O000211,B00172,P02,2024-07-26,Site officiel,Normal,2,22.0,0.0,44.0,PREMIER CERCLE 2024
O000212,B00173,P02,2024-09-24,Site officiel,Normal,1,22.0,0.0,22.0,PREMIER CERCLE 2024
O000213,B00084,P02,2024-09-02,Site officiel,Normal,2,22.0,0.0,44.0,PREMIER CERCLE 2024
O000214,B00174,P02,2024-07-23,Site officiel,Normal,1,22.0,0.0,22.0,PREMIER CERCLE 2024
O000215,B00175,P02,2024-08-29,Site officiel,Normal,2,22.0,0.0,44.0,PREMIER CERCLE 2024
O000216,B00176,P02,2024-10-01,Site officiel,Normal,1,22.0,0.0,22.0,PREMIER CERCLE 2024
O000217,B00177,P02,2024-09-12,Site officiel,Normal,2,22.0,0.0,44.0,PREMIER CERCLE 2024
O000218,B00027,P02,2024-09-19,Site officiel,Normal,2,22.0,0.0,44.0,PREMIER CERCLE 2024
O000219,B00178,P02,2024-08-19,Site officiel,Normal,2,22.0,0.0,44.0,PREMIER CERCLE 2024
O000220,B00179,P02,2024-07-24,Site officiel,Normal,2,22.0,0.0,44.0,PREMIER CERCLE 2024
O000221,B00180,P02,2024-08-23,Site officiel,Normal,2,22.0,0.0,44.0,PREMIER CERCLE 2024
O000222,B00181,P02,2024-08-30,Site officiel,Normal,1,22.0,0.0,22.0,PREMIER CERCLE 2024
O000223,B00182,P02,2024-09-25,Site officiel,Normal,2,22.0,0.0,44.0,PREMIER CERCLE 2024
O000224,B00183,P02,2024-08-04,Site officiel,Normal,2,22.0,0.0,44.0,PREMIER CERCLE 2024
O000225,B00184,P02,2024-08-02,Site officiel,Normal,2,22.0,0.0,44.0,PREMIER CERCLE 2024
O000226,B00185,P02,2024-10-03,Site officiel,Normal,2,22.0,0.0,44.0,PREMIER CERCLE 2024
O000227,B00176,P02,2024-08-05,Site officiel,Normal,2,22.0,0.0,44.0,PREMIER CERCLE 2024
O000228,B00186,P02,2024-07-20,Site officiel,Normal,3,22.0,0.0,66.0,PREMIER CERCLE 2024
O000229,B00187,P02,2024-08-24,Site officiel,Normal,2,22.0,0.0,44.0,PREMIER CERCLE 2024
O000230,B00188,P02,2024-07-26,Site officiel,Normal,4,22.0,0.0,88.0,PREMIER CERCLE 2024
O000231,B00189,P02,2024-10-02,Site officiel,Normal,1,22.0,0.0,22.0,PREMIER CERCLE 2024
O000232,B00190,P02,2024-08-12,Site officiel,Normal,2,22.0,0.0,44.0,PREMIER CERCLE 2024
O000233,B00191,P02,2024-09-16,Site officiel,Normal,1,22.0,0.0,22.0,PREMIER CERCLE 2024
O000234,B00192,P02,2024-09-20,Site officiel,Normal,2,22.0,0.0,44.0,PREMIER CERCLE 2024
O000235,B00193,P02,2024-09-06,Site officiel,Normal,1,22.0,0.0,22.0,PREMIER CERCLE 2024
O000236,B00194,P02,2024-07-25,Site officiel,Normal,2,22.0,0.0,44.0,PREMIER CERCLE 2024
O000237,B00195,P02,2024-08-30,Site officiel,Normal,1,22.0,0.0,22.0,PREMIER CERCLE 2024
O000238,B00017,P02,2024-08-06,Site officiel,Normal,1,22.0,0.0,22.0,PREMIER CERCLE 2024
O000239,B00075,P02,2024-08-16,Site officiel,Normal,2,22.0,0.0,44.0,PREMIER CERCLE 2024
O000240,B00196,P02,2024-09-26,Site officiel,Normal,1,22.0,0.0,22.0,PREMIER CERCLE 2024
O000241,B00087,P02,2024-07-21,Site officiel,Normal,2,22.0,0.0,44.0,PREMIER CERCLE 2024
O000242,B00197,P02,2024-07-16,Site officiel,Normal,2,22.0,0.0,44.0,PREMIER CERCLE 2024
O000243,B00198,P02,2024-08-21,Site officiel,Normal,2,22.0,0.0,44.0,PREMIER CERCLE 2024
O000244,B00140,P02,2024-08-24,Site officiel,Normal,2,22.0,0.0,44.0,PREMIER CERCLE 2024
O000245,B00199,P02,2024-07-27,Site officiel,Normal,2,22.0,0.0,44.0,PREMIER CERCLE 2024
O000246,B00200,P02,2024-07-21,Site officiel,Normal,1,22.0,0.0,22.0,PREMIER CERCLE 2024
O000247,B00201,P02,2024-09-27,Site officiel,Normal,2,22.0,0.0,44.0,PREMIER CERCLE 2024
O000248,B00202,P02,2024-09-24,Site officiel,Normal,2,22.0,0.0,44.0,PREMIER CERCLE 2024
O000249,B00203,P02,2024-09-06,Site officiel,Normal,2,22.0,0.0,44.0,PREMIER CERCLE 2024
O000250,B00204,P02,2024-07-28,Site officiel,Normal,2,22.0,0.0,44.0,PREMIER CERCLE 2024
O000251,B00205,P02,2024-09-26,Site officiel,Normal,3,22.0,0.0,66.0,PREMIER CERCLE 2024
O000252,B00031,P02,2024-07-26,Site officiel,Normal,2,22.0,0.0,44.0,PREMIER CERCLE 2024
O000253,B00206,P02,2024-09-14,Site officiel,Normal,2,22.0,0.0,44.0,PREMIER CERCLE 2024
O000254,B00207,P02,2024-10-03,Site officiel,Normal,2,22.0,0.0,44.0,PREMIER CERCLE 2024
O000255,B00208,P02,2024-09-27,Site officiel,Normal,2,22.0,0.0,44.0,PREMIER CERCLE 2024
O000256,B00183,P02,2024-08-21,Site officiel,Normal,1,22.0,0.0,22.0,PREMIER CERCLE 2024
O000257,B00209,P02,2024-09-07,Site officiel,Normal,2,22.0,0.0,44.0,PREMIER CERCLE 2024
O000258,B00210,P02,2024-09-14,Site officiel,Normal,1,22.0,0.0,22.0,PREMIER CERCLE 2024
O000259,B00211,P02,2024-10-04,Site officiel,Normal,2,22.0,0.0,44.0,PREMIER CERCLE 2024
O000260,B00212,P02,2024-08-01,Site officiel,Normal,2,22.0,0.0,44.0,PREMIER CERCLE 2024
O000261,B00213,P02,2024-09-22,Site officiel,Normal,2,22.0,0.0,44.0,PREMIER CERCLE 2024
O000262,B00214,P02,2024-08-05,Site officiel,Normal,2,22.0,0.0,44.0,PREMIER CERCLE 2024
O000263,B00215,P02,2024-08-25,Site officiel,Normal,2,22.0,0.0,44.0,PREMIER CERCLE 2024
O000264,B00216,P02,2024-09-23,Site officiel,Normal,2,22.0,0.0,44.0,PREMIER CERCLE 2024
O000265,B00217,P02,2024-08-11,Site officiel,Normal,2,22.0,0.0,44.0,PREMIER CERCLE 2024
O000266,B00218,P02,2024-08-15,Site officiel,Normal,2,22.0,0.0,44.0,PREMIER CERCLE 2024
O000267,B00219,P02,2024-07-18,Site officiel,Normal,1,22.0,0.0,22.0,PREMIER CERCLE 2024
O000268,B00203,P02,2024-09-16,Site officiel,Normal,2,22.0,0.0,44.0,PREMIER CERCLE 2024
O000269,B00031,P02,2024-09-02,Site officiel,Normal,2,22.0,0.0,44.0,PREMIER CERCLE 2024
O000270,B00220,P02,2024-07-25,Site officiel,Normal,1,22.0,0.0,22.0,PREMIER CERCLE 2024
O000271,B00190,P02,2024-08-10,Site officiel,Normal,2,22.0,0.0,44.0,PREMIER CERCLE 2024
O000272,B00221,P02,2024-07-16,Site officiel,Normal,2,22.0,0.0,44.0,PREMIER CERCLE 2024
O000273,B00002,P02,2024-09-07,Site officiel,Normal,1,22.0,0.0,22.0,PREMIER CERCLE 2024
O000274,B00162,P02,2024-09-06,Site officiel,Normal,2,22.0,0.0,44.0,PREMIER CERCLE 2024
O000275,B00222,P02,2024-09-12,Site officiel,Normal,1,22.0,0.0,22.0,PREMIER CERCLE 2024
O000276,B00223,P02,2024-07-24,Site officiel,Normal,1,22.0,0.0,22.0,PREMIER CERCLE 2024
O000277,B00224,P02,2024-07-18,Site officiel,Normal,2,22.0,0.0,44.0,PREMIER CERCLE 2024
O000278,B00225,P02,2024-08-19,Site officiel,Normal,1,22.0,0.0,22.0,PREMIER CERCLE 2024
O000279,B00226,P02,2024-08-19,Site officiel,Normal,3,22.0,0.0,66.0,PREMIER CERCLE 2024
O000280,B00132,P02,2024-09-30,Site officiel,Normal,1,22.0,0.0,22.0,PREMIER CERCLE 2024
O000281,B00227,P02,2024-08-21,Site officiel,Normal,2,22.0,0.0,44.0,PREMIER CERCLE 2024
O000282,B00228,P02,2024-08-13,Site officiel,Normal,1,22.0,0.0,22.0,PREMIER CERCLE 2024
O000283,B00229,P02,2024-09-20,Site officiel,Normal,2,22.0,0.0,44.0,PREMIER CERCLE 2024
O000284,B00124,P02,2024-07-26,Site officiel,Normal,2,22.0,0.0,44.0,PREMIER CERCLE 2024
O000285,B00092,P02,2024-09-04,Site officiel,Normal,2,22.0,0.0,44.0,PREMIER CERCLE 2024
O000286,B00022,P02,2024-10-03,Site officiel,Normal,2,22.0,0.0,44.0,PREMIER CERCLE 2024
O000287,B00230,P02,2024-09-12,Site officiel,Normal,2,22.0,0.0,44.0,PREMIER CERCLE 2024
O000288,B00231,P02,2024-07-23,Site officiel,Normal,3,22.0,0.0,66.0,PREMIER CERCLE 2024
O000289,B00227,P02,2024-08-13,Site officiel,Normal,2,22.0,0.0,44.0,PREMIER CERCLE 2024
O000290,B00075,P02,2024-07-21,Site officiel,Normal,2,22.0,0.0,44.0,PREMIER CERCLE 2024
O000291,B00232,P02,2024-08-03,Site officiel,Normal,1,22.0,0.0,22.0,PREMIER CERCLE 2024
O000292,B00233,P02,2024-07-29,Site officiel,Normal,2,22.0,0.0,44.0,PREMIER CERCLE 2024
O000293,B00234,P02,2024-08-05,Site officiel,Normal,2,22.0,0.0,44.0,PREMIER CERCLE 2024
O000294,B00145,P02,2024-09-28,Site officiel,Normal,2,22.0,0.0,44.0,PREMIER CERCLE 2024
O000295,B00235,P02,2024-08-24,Site officiel,Normal,2,22.0,0.0,44.0,PREMIER CERCLE 2024
O000296,B00236,P02,2024-09-28,Site officiel,Normal,2,22.0,0.0,44.0,PREMIER CERCLE 2024
O000297,B00106,P02,2024-09-13,Site officiel,Normal,4,22.0,0.0,88.0,PREMIER CERCLE 2024
O000298,B00237,P02,2024-09-26,Site officiel,Normal,2,22.0,0.0,44.0,PREMIER CERCLE 2024
O000299,B00238,P02,2024-09-08,Site officiel,Normal,2,22.0,0.0,44.0,PREMIER CERCLE 2024
O000300,B00239,P02,2024-10-03,Site officiel,Normal,2,22.0,0.0,44.0,PREMIER CERCLE 2024
O000301,B00240,P02,2024-07-26,Site officiel,Normal,2,22.0,0.0,44.0,PREMIER CERCLE 2024
O000302,B00110,P02,2024-07-30,Site officiel,Normal,2,22.0,0.0,44.0,PREMIER CERCLE 2024
O000303,B00226,P02,2024-08-12,Site officiel,Normal,2,22.0,0.0,44.0,PREMIER CERCLE 2024
O000304,B00135,P02,2024-08-17,Site officiel,Normal,2,22.0,0.0,44.0,PREMIER CERCLE 2024
O000305,B00241,P02,2024-09-20,Site officiel,Normal,2,22.0,0.0,44.0,PREMIER CERCLE 2024
O000306,B00242,P02,2024-07-23,Site officiel,Normal,2,22.0,0.0,44.0,PREMIER CERCLE 2024
O000307,B00243,P02,2024-08-12,Site officiel,Normal,2,22.0,0.0,44.0,PREMIER CERCLE 2024
O000308,B00244,P02,2024-10-02,Site officiel,Normal,2,22.0,0.0,44.0,PREMIER CERCLE 2024
O000309,B00245,P02,2024-09-22,Site officiel,Normal,1,22.0,0.0,22.0,PREMIER CERCLE 2024
O000310,B00174,P02,2024-07-24,Site officiel,Normal,2,22.0,0.0,44.0,PREMIER CERCLE 2024
O000311,B00246,P02,2024-08-24,Site officiel,Normal,2,22.0,0.0,44.0,PREMIER CERCLE 2024
O000312,B00247,P02,2024-08-28,Site officiel,Normal,2,22.0,0.0,44.0,PREMIER CERCLE 2024
O000313,B00139,P02,2024-09-29,Site officiel,Normal,3,22.0,0.0,66.0,PREMIER CERCLE 2024
O000314,B00085,P02,2024-08-12,Site officiel,Normal,1,22.0,0.0,22.0,PREMIER CERCLE 2024
O000315,B00248,P02,2024-09-03,Site officiel,Normal,2,22.0,0.0,44.0,PREMIER CERCLE 2024
O000316,B00249,P02,2024-08-29,Site officiel,Normal,2,22.0,0.0,44.0,PREMIER CERCLE 2024
O000317,B00245,P02,2024-07-29,Site officiel,Normal,2,22.0,0.0,44.0,PREMIER CERCLE 2024
O000318,B00250,P02,2024-09-28,Site officiel,Normal,2,22.0,0.0,44.0,PREMIER CERCLE 2024
O000319,B00096,P02,2024-08-28,Site officiel,Normal,2,22.0,0.0,44.0,PREMIER CERCLE 2024
O000320,B00251,P02,2024-07-27,Site officiel,Normal,2,22.0,0.0,44.0,PREMIER CERCLE 2024
O000321,B00252,P02,2024-09-13,Site officiel,Normal,3,22.0,0.0,66.0,PREMIER CERCLE 2024
O000322,B00253,P02,2024-08-15,Site officiel,Normal,2,22.0,0.0,44.0,PREMIER CERCLE 2024
O000323,B00254,P02,2024-09-23,Site officiel,Normal,1,22.0,0.0,22.0,PREMIER CERCLE 2024
O000324,B00255,P02,2024-08-02,Site officiel,Normal,4,22.0,0.0,88.0,PREMIER CERCLE 2024
O000325,B00215,P02,2024-09-21,Site officiel,Normal,2,22.0,0.0,44.0,PREMIER CERCLE 2024
O000326,B00256,P02,2024-08-10,Site officiel,Normal,2,22.0,0.0,44.0,PREMIER CERCLE 2024
O000327,B00257,P02,2024-07-29,Site officiel,Normal,1,22.0,0.0,22.0,PREMIER CERCLE 2024
O000328,B00258,P02,2024-09-03,Site officiel,Normal,2,22.0,0.0,44.0,PREMIER CERCLE 2024
O000329,B00259,P02,2024-07-26,Site officiel,Normal,2,22.0,0.0,44.0,PREMIER CERCLE 2024
O000330,B00103,P02,2024-09-14,Site officiel,Normal,1,22.0,0.0,22.0,PREMIER CERCLE 2024
O000331,B00260,P02,2024-08-06,Site officiel,Normal,2,22.0,0.0,44.0,PREMIER CERCLE 2024
O000332,B00261,P03,2024-09-11,Site officiel,Normal,1,22.0,0.0,22.0,PREMIER CERCLE 2024
O000333,B00262,P03,2024-08-31,Site officiel,Normal,1,22.0,0.0,22.0,PREMIER CERCLE 2024
O000334,B00186,P03,2024-09-09,Site officiel,Normal,2,22.0,0.0,44.0,PREMIER CERCLE 2024
O000335,B00263,P03,2024-09-14,Site officiel,Normal,2,22.0,0.0,44.0,PREMIER CERCLE 2024
O000336,B00264,P03,2024-10-07,Site officiel,Normal,2,22.0,0.0,44.0,PREMIER CERCLE 2024
O000337,B00265,P03,2024-08-11,Site officiel,Normal,2,22.0,0.0,44.0,PREMIER CERCLE 2024
O000338,B00246,P03,2024-08-29,Site officiel,Normal,1,22.0,0.0,22.0,PREMIER CERCLE 2024
O000339,B00266,P03,2024-07-27,Site officiel,Normal,2,22.0,0.0,44.0,PREMIER CERCLE 2024
O000340,B00267,P03,2024-07-24,Site officiel,Normal,2,22.0,0.0,44.0,PREMIER CERCLE 2024
O000341,B00198,P03,2024-08-06,Site officiel,Normal,1,22.0,0.0,22.0,PREMIER CERCLE 2024
O000342,B00268,P03,2024-08-01,Site officiel,Normal,2,22.0,0.0,44.0,PREMIER CERCLE 2024
O000343,B00226,P03,2024-09-21,Site officiel,Normal,4,22.0,0.0,88.0,PREMIER CERCLE 2024
O000344,B00269,P03,2024-09-06,Site officiel,Normal,1,22.0,0.0,22.0,PREMIER CERCLE 2024
O000345,B00165,P03,2024-09-17,Site officiel,Normal,2,22.0,0.0,44.0,PREMIER CERCLE 2024
O000346,B00270,P03,2024-09-03,Site officiel,Normal,2,22.0,0.0,44.0,PREMIER CERCLE 2024
O000347,B00271,P03,2024-08-14,Site officiel,Normal,1,22.0,0.0,22.0,PREMIER CERCLE 2024
O000348,B00029,P03,2024-09-17,Site officiel,Normal,2,22.0,0.0,44.0,PREMIER CERCLE 2024
O000349,B00087,P03,2024-09-04,Site officiel,Normal,3,22.0,0.0,66.0,PREMIER CERCLE 2024
O000350,B00228,P03,2024-09-07,Site officiel,Normal,2,22.0,0.0,44.0,PREMIER CERCLE 2024
O000351,B00272,P03,2024-07-30,Site officiel,Normal,3,22.0,0.0,66.0,PREMIER CERCLE 2024
O000352,B00273,P03,2024-09-19,Site officiel,Normal,1,22.0,0.0,22.0,PREMIER CERCLE 2024
O000353,B00274,P03,2024-09-16,Site officiel,Normal,2,22.0,0.0,44.0,PREMIER CERCLE 2024
O000354,B00275,P03,2024-08-28,Site officiel,Normal,2,22.0,0.0,44.0,PREMIER CERCLE 2024
O000355,B00276,P03,2024-09-18,Site officiel,Normal,1,22.0,0.0,22.0,PREMIER CERCLE 2024
O000356,B00277,P03,2024-08-17,Site officiel,Normal,2,22.0,0.0,44.0,PREMIER CERCLE 2024
O000357,B00278,P03,2024-07-31,Site officiel,Normal,2,22.0,0.0,44.0,PREMIER CERCLE 2024
O000358,B00279,P03,2024-09-07,Site officiel,Normal,1,22.0,0.0,22.0,PREMIER CERCLE 2024
O000359,B00224,P03,2024-08-08,Site officiel,Normal,2,22.0,0.0,44.0,PREMIER CERCLE 2024
O000360,B00280,P03,2024-08-21,Site officiel,Normal,2,22.0,0.0,44.0,PREMIER CERCLE 2024
O000361,B00281,P03,2024-08-22,Site officiel,Normal,2,22.0,0.0,44.0,PREMIER CERCLE 2024
O000362,B00282,P03,2024-09-22,Site officiel,Normal,4,22.0,0.0,88.0,PREMIER CERCLE 2024
O000363,B00283,P03,2024-10-02,Site officiel,Normal,2,22.0,0.0,44.0,PREMIER CERCLE 2024
O000364,B00284,P03,2024-08-27,Site officiel,Normal,2,22.0,0.0,44.0,PREMIER CERCLE 2024
O000365,B00285,P03,2024-08-16,Site officiel,Normal,2,22.0,0.0,44.0,PREMIER CERCLE 2024
O000366,B00286,P03,2024-09-17,Site officiel,Normal,1,22.0,0.0,22.0,PREMIER CERCLE 2024
O000367,B00287,P03,2024-08-03,Site officiel,Normal,2,22.0,0.0,44.0,PREMIER CERCLE 2024
O000368,B00288,P03,2024-10-04,Site officiel,Normal,2,22.0,0.0,44.0,PREMIER CERCLE 2024
O000369,B00289,P03,2024-07-23,Site officiel,Normal,2,22.0,0.0,44.0,PREMIER CERCLE 2024
O000370,B00290,P03,2024-08-02,Site officiel,Normal,1,22.0,0.0,22.0,PREMIER CERCLE 2024
O000371,B00291,P03,2024-10-03,Site officiel,Normal,2,22.0,0.0,44.0,PREMIER CERCLE 2024
O000372,B00292,P03,2024-10-06,Site officiel,Normal,3,22.0,0.0,66.0,PREMIER CERCLE 2024
O000373,B00293,P03,2024-07-28,Site officiel,Normal,2,22.0,0.0,44.0,PREMIER CERCLE 2024
O000374,B00294,P03,2024-07-30,Site officiel,Normal,1,22.0,0.0,22.0,PREMIER CERCLE 2024
O000375,B00201,P03,2024-08-21,Site officiel,Normal,2,22.0,0.0,44.0,PREMIER CERCLE 2024
O000376,B00295,P03,2024-10-01,Site officiel,Normal,2,22.0,0.0,44.0,PREMIER CERCLE 2024
O000377,B00020,P03,2024-08-10,Site officiel,Normal,2,22.0,0.0,44.0,PREMIER CERCLE 2024
O000378,B00296,P03,2024-08-01,Site officiel,Normal,1,22.0,0.0,22.0,PREMIER CERCLE 2024
O000379,B00297,P03,2024-09-07,Site officiel,Normal,1,22.0,0.0,22.0,PREMIER CERCLE 2024
O000380,B00298,P03,2024-08-04,Site officiel,Normal,2,22.0,0.0,44.0,PREMIER CERCLE 2024
O000381,B00299,P03,2024-09-14,Site officiel,Normal,2,22.0,0.0,44.0,PREMIER CERCLE 2024
O000382,B00210,P03,2024-10-10,Site officiel,Normal,1,22.0,0.0,22.0,PREMIER CERCLE 2024
O000383,B00300,P03,2024-09-07,Site officiel,Normal,1,22.0,0.0,22.0,PREMIER CERCLE 2024
O000384,B00301,P03,2024-10-03,Site officiel,Normal,2,22.0,0.0,44.0,PREMIER CERCLE 2024
O000385,B00302,P03,2024-09-27,Site officiel,Normal,2,22.0,0.0,44.0,PREMIER CERCLE 2024
O000386,B00240,P03,2024-09-07,Site officiel,Normal,1,22.0,0.0,22.0,PREMIER CERCLE 2024
O000387,B00225,P03,2024-08-30,Site officiel,Normal,2,22.0,0.0,44.0,PREMIER CERCLE 2024
O000388,B00303,P03,2024-08-22,Site officiel,Normal,2,22.0,0.0,44.0,PREMIER CERCLE 2024
O000389,B00121,P03,2024-07-28,Site officiel,Normal,2,22.0,0.0,44.0,PREMIER CERCLE 2024
O000390,B00171,P03,2024-10-11,Site officiel,Normal,2,22.0,0.0,44.0,PREMIER CERCLE 2024
O000391,B00304,P03,2024-08-14,Site officiel,Normal,1,22.0,0.0,22.0,PREMIER CERCLE 2024
O000392,B00127,P03,2024-08-30,Site officiel,Normal,2,22.0,0.0,44.0,PREMIER CERCLE 2024
O000393,B00305,P03,2024-09-22,Site officiel,Normal,2,22.0,0.0,44.0,PREMIER CERCLE 2024
O000394,B00306,P03,2024-10-11,Site officiel,Normal,2,22.0,0.0,44.0,PREMIER CERCLE 2024
O000395,B00307,P03,2024-08-23,Site officiel,Normal,1,22.0,0.0,22.0,PREMIER CERCLE 2024
O000396,B00028,P03,2024-08-31,Site officiel,Normal,1,22.0,0.0,22.0,PREMIER CERCLE 2024
O000397,B00308,P03,2024-08-25,Site officiel,Normal,1,22.0,0.0,22.0,PREMIER CERCLE 2024
O000398,B00309,P03,2024-09-03,Site officiel,Normal,2,22.0,0.0,44.0,PREMIER CERCLE 2024
O000399,B00029,P03,2024-09-08,Site officiel,Normal,2,22.0,0.0,44.0,PREMIER CERCLE 2024
O000400,B00310,P03,2024-09-22,Site officiel,Normal,1,22.0,0.0,22.0,PREMIER CERCLE 2024
O000401,B00311,P03,2024-08-13,Site officiel,Normal,2,22.0,0.0,44.0,PREMIER CERCLE 2024
O000402,B00312,P03,2024-09-28,Site officiel,Normal,2,22.0,0.0,44.0,PREMIER CERCLE 2024
O000403,B00008,P03,2024-09-04,Site officiel,Normal,2,22.0,0.0,44.0,PREMIER CERCLE 2024
O000404,B00313,P03,2024-08-18,Site officiel,Normal,2,22.0,0.0,44.0,PREMIER CERCLE 2024
O000405,B00314,P03,2024-09-12,Site officiel,Normal,1,22.0,0.0,22.0,PREMIER CERCLE 2024
O000406,B00253,P03,2024-08-30,Site officiel,Normal,2,22.0,0.0,44.0,PREMIER CERCLE 2024
O000407,B00315,P03,2024-09-02,Site officiel,Normal,1,22.0,0.0,22.0,PREMIER CERCLE 2024
O000408,B00268,P03,2024-10-01,Site officiel,Normal,1,22.0,0.0,22.0,PREMIER CERCLE 2024
O000409,B00316,P03,2024-08-30,Site officiel,Normal,2,22.0,0.0,44.0,PREMIER CERCLE 2024
O000410,B00317,P03,2024-08-04,Site officiel,Normal,2,22.0,0.0,44.0,PREMIER CERCLE 2024
O000411,B00318,P03,2024-09-17,Site officiel,Normal,1,22.0,0.0,22.0,PREMIER CERCLE 2024
O000412,B00319,P03,2024-08-05,Site officiel,Normal,2,22.0,0.0,44.0,PREMIER CERCLE 2024
O000413,B00320,P03,2024-09-15,Site officiel,Normal,1,22.0,0.0,22.0,PREMIER CERCLE 2024
O000414,B00321,P03,2024-08-04,Site officiel,Normal,1,22.0,0.0,22.0,PREMIER CERCLE 2024
O000415,B00002,P03,2024-08-07,Site officiel,Normal,1,22.0,0.0,22.0,PREMIER CERCLE 2024
O000416,B00242,P03,2024-09-26,Site officiel,Normal,1,22.0,0.0,22.0,PREMIER CERCLE 2024
O000417,B00322,P03,2024-07-28,Site officiel,Normal,2,22.0,0.0,44.0,PREMIER CERCLE 2024
O000418,B00323,P03,2024-08-29,Site officiel,Normal,2,22.0,0.0,44.0,PREMIER CERCLE 2024
O000419,B00268,P03,2024-08-14,Site officiel,Normal,1,22.0,0.0,22.0,PREMIER CERCLE 2024
O000420,B00324,P03,2024-07-29,Site officiel,Normal,2,22.0,0.0,44.0,PREMIER CERCLE 2024
O000421,B00248,P03,2024-10-01,Site officiel,Normal,2,22.0,0.0,44.0,PREMIER CERCLE 2024
O000422,B00325,P03,2024-10-06,Site officiel,Normal,2,22.0,0.0,44.0,PREMIER CERCLE 2024
O000423,B00326,P03,2024-09-01,Site officiel,Normal,2,22.0,0.0,44.0,PREMIER CERCLE 2024
O000424,B00327,P03,2024-09-05,Site officiel,Normal,1,22.0,0.0,22.0,PREMIER CERCLE 2024
O000425,B00328,P03,2024-09-12,Site officiel,Normal,2,22.0,0.0,44.0,PREMIER CERCLE 2024
O000426,B00329,P03,2024-07-29,Site officiel,Normal,1,22.0,0.0,22.0,PREMIER CERCLE 2024
O000427,B00330,P03,2024-08-28,Site officiel,Normal,2,22.0,0.0,44.0,PREMIER CERCLE 2024
O000428,B00331,P03,2024-08-16,Site officiel,Normal,2,22.0,0.0,44.0,PREMIER CERCLE 2024
O000429,B00332,P03,2024-08-26,Site officiel,Normal,2,22.0,0.0,44.0,PREMIER CERCLE 2024
O000430,B00117,P03,2024-09-17,Site officiel,Normal,1,22.0,0.0,22.0,PREMIER CERCLE 2024
O000431,B00333,P03,2024-09-27,Site officiel,Normal,1,22.0,0.0,22.0,PREMIER CERCLE 2024
O000432,B00334,P03,2024-09-04,Site officiel,Normal,2,22.0,0.0,44.0,PREMIER CERCLE 2024
O000433,B00335,P03,2024-08-18,Site officiel,Normal,1,22.0,0.0,22.0,PREMIER CERCLE 2024
O000434,B00336,P03,2024-09-26,Site officiel,Normal,1,22.0,0.0,22.0,PREMIER CERCLE 2024
O000435,B00337,P03,2024-07-27,Site officiel,Normal,4,22.0,0.0,88.0,PREMIER CERCLE 2024
O000436,B00338,P03,2024-08-28,Site officiel,Normal,2,22.0,0.0,44.0,PREMIER CERCLE 2024
O000437,B00339,P03,2024-08-05,Site officiel,Normal,2,22.0,0.0,44.0,PREMIER CERCLE 2024
O000438,B00340,P03,2024-08-24,Site officiel,Normal,1,22.0,0.0,22.0,PREMIER CERCLE 2024
O000439,B00341,P03,2024-10-07,Site officiel,Normal,2,22.0,0.0,44.0,PREMIER CERCLE 2024
O000440,B00140,P03,2024-10-07,Site officiel,Normal,2,22.0,0.0,44.0,PREMIER CERCLE 2024
O000441,B00342,P03,2024-09-23,Site officiel,Normal,2,22.0,0.0,44.0,PREMIER CERCLE 2024
O000442,B00343,P03,2024-10-05,Site officiel,Normal,1,22.0,0.0,22.0,PREMIER CERCLE 2024
O000443,B00344,P03,2024-09-18,Site officiel,Normal,1,22.0,0.0,22.0,PREMIER CERCLE 2024
O000444,B00345,P03,2024-09-24,Site officiel,Normal,2,22.0,0.0,44.0,PREMIER CERCLE 2024
O000445,B00346,P03,2024-09-27,Site officiel,Normal,2,22.0,0.0,44.0,PREMIER CERCLE 2024
O000446,B00347,P03,2024-08-22,Site officiel,Normal,2,22.0,0.0,44.0,PREMIER CERCLE 2024
O000447,B00348,P03,2024-09-14,Site officiel,Normal,1,22.0,0.0,22.0,PREMIER CERCLE 2024
O000448,B00349,P03,2024-09-14,Site officiel,Normal,2,22.0,0.0,44.0,PREMIER CERCLE 2024
O000449,B00350,P03,2024-10-06,Site officiel,Normal,1,22.0,0.0,22.0,PREMIER CERCLE 2024
O000450,B00351,P03,2024-07-30,Site officiel,Normal,2,22.0,0.0,44.0,PREMIER CERCLE 2024
O000451,B00352,P03,2024-09-03,Site officiel,Normal,2,22.0,0.0,44.0,PREMIER CERCLE 2024
O000452,B00302,P03,2024-09-23,Site officiel,Normal,2,22.0,0.0,44.0,PREMIER CERCLE 2024
O000453,B00353,P03,2024-09-13,Site officiel,Normal,2,22.0,0.0,44.0,PREMIER CERCLE 2024
O000454,B00354,P03,2024-08-12,Site officiel,Normal,1,22.0,0.0,22.0,PREMIER CERCLE 2024
O000455,B00355,P03,2024-09-06,Site officiel,Normal,1,22.0,0.0,22.0,PREMIER CERCLE 2024
O000456,B00356,P03,2024-09-06,Site officiel,Normal,2,22.0,0.0,44.0,PREMIER CERCLE 2024
O000457,B00357,P03,2024-07-26,Site officiel,Normal,3,22.0,0.0,66.0,PREMIER CERCLE 2024
O000458,B00173,P03,2024-09-03,Site officiel,Normal,1,22.0,0.0,22.0,PREMIER CERCLE 2024
O000459,B00358,P03,2024-08-28,Site officiel,Normal,3,22.0,0.0,66.0,PREMIER CERCLE 2024
O000460,B00359,P03,2024-08-04,Site officiel,Normal,2,22.0,0.0,44.0,PREMIER CERCLE 2024
O000461,B00025,P03,2024-10-05,Site officiel,Normal,2,22.0,0.0,44.0,PREMIER CERCLE 2024
O000462,B00360,P03,2024-07-26,Site officiel,Normal,2,22.0,0.0,44.0,PREMIER CERCLE 2024
O000463,B00361,P03,2024-09-08,Site officiel,Normal,2,22.0,0.0,44.0,PREMIER CERCLE 2024
O000464,B00362,P03,2024-08-13,Site officiel,Normal,2,22.0,0.0,44.0,PREMIER CERCLE 2024
O000465,B00363,P03,2024-10-08,Site officiel,Normal,1,22.0,0.0,22.0,PREMIER CERCLE 2024
O000466,B00364,P03,2024-08-01,Site officiel,Normal,3,22.0,0.0,66.0,PREMIER CERCLE 2024
O000467,B00365,P03,2024-09-07,Site officiel,Normal,2,22.0,0.0,44.0,PREMIER CERCLE 2024
O000468,B00366,P03,2024-07-25,Site officiel,Normal,1,22.0,0.0,22.0,PREMIER CERCLE 2024
O000469,B00367,P03,2024-09-07,Site officiel,Normal,1,22.0,0.0,22.0,PREMIER CERCLE 2024
O000470,B00368,P03,2024-09-16,Site officiel,Normal,2,22.0,0.0,44.0,PREMIER CERCLE 2024
O000471,B00319,P03,2024-07-31,Site officiel,Normal,2,22.0,0.0,44.0,PREMIER CERCLE 2024
O000472,B00369,P03,2024-08-25,Site officiel,Normal,1,22.0,0.0,22.0,PREMIER CERCLE 2024
O000473,B00295,P03,2024-10-06,Site officiel,Normal,1,22.0,0.0,22.0,PREMIER CERCLE 2024
O000474,B00370,P03,2024-08-13,Site officiel,Normal,1,22.0,0.0,22.0,PREMIER CERCLE 2024
O000475,B00371,P03,2024-08-25,Site officiel,Normal,4,22.0,0.0,88.0,PREMIER CERCLE 2024
O000476,B00215,P03,2024-09-15,Site officiel,Normal,2,22.0,0.0,44.0,PREMIER CERCLE 2024
O000477,B00372,P03,2024-07-23,Site officiel,Normal,2,22.0,0.0,44.0,PREMIER CERCLE 2024
O000478,B00373,P03,2024-10-03,Site officiel,Normal,2,22.0,0.0,44.0,PREMIER CERCLE 2024
O000479,B00374,P03,2024-09-24,Site officiel,Normal,3,22.0,0.0,66.0,PREMIER CERCLE 2024
O000480,B00375,P03,2024-09-29,Site officiel,Normal,2,22.0,0.0,44.0,PREMIER CERCLE 2024
O000481,B00376,P03,2024-09-23,Site officiel,Normal,2,22.0,0.0,44.0,PREMIER CERCLE 2024
O000482,B00377,P03,2024-07-23,Site officiel,Normal,2,22.0,0.0,44.0,PREMIER CERCLE 2024
O000483,B00378,P03,2024-09-05,Site officiel,Normal,2,22.0,0.0,44.0,PREMIER CERCLE 2024
O000484,B00379,P03,2024-09-01,Site officiel,Normal,1,22.0,0.0,22.0,PREMIER CERCLE 2024
O000485,B00380,P03,2024-10-06,Site officiel,Normal,2,22.0,0.0,44.0,PREMIER CERCLE 2024
O000486,B00381,P03,2024-08-03,Site officiel,Normal,2,22.0,0.0,44.0,PREMIER CERCLE 2024
O000487,B00382,P04,2024-08-23,Site officiel,Normal,2,22.0,0.0,44.0,PREMIER CERCLE 2024
O000488,B00383,P04,2024-08-13,Site officiel,Normal,2,22.0,0.0,44.0,PREMIER CERCLE 2024
O000489,B00384,P04,2024-10-10,Site officiel,Normal,2,22.0,0.0,44.0,PREMIER CERCLE 2024
O000490,B00385,P04,2024-10-11,Site officiel,Normal,2,22.0,0.0,44.0,PREMIER CERCLE 2024
O000491,B00386,P04,2024-10-08,Site officiel,Normal,3,22.0,0.0,66.0,PREMIER CERCLE 2024
O000492,B00387,P04,2024-08-31,Site officiel,Normal,2,22.0,0.0,44.0,PREMIER CERCLE 2024
O000493,B00388,P04,2024-08-31,Site officiel,Normal,2,22.0,0.0,44.0,PREMIER CERCLE 2024
O000494,B00034,P04,2024-10-06,Site officiel,Normal,3,22.0,0.0,66.0,PREMIER CERCLE 2024
O000495,B00389,P04,2024-10-20,Site officiel,Normal,2,22.0,0.0,44.0,PREMIER CERCLE 2024
O000496,B00390,P04,2024-09-10,Site officiel,Normal,2,22.0,0.0,44.0,PREMIER CERCLE 2024
O000497,B00391,P04,2024-09-02,Site officiel,Normal,2,22.0,0.0,44.0,PREMIER CERCLE 2024
O000498,B00392,P04,2024-08-13,Site officiel,Normal,1,22.0,0.0,22.0,PREMIER CERCLE 2024
O000499,B00107,P04,2024-10-17,Site officiel,Normal,2,22.0,0.0,44.0,PREMIER CERCLE 2024
O000500,B00393,P04,2024-09-26,Site officiel,Normal,1,22.0,0.0,22.0,PREMIER CERCLE 2024
O000501,B00394,P04,2024-08-29,Site officiel,Normal,2,22.0,0.0,44.0,PREMIER CERCLE 2024
O000502,B00368,P04,2024-10-08,Site officiel,Normal,3,22.0,0.0,66.0,PREMIER CERCLE 2024
O000503,B00395,P04,2024-09-10,Site officiel,Normal,2,22.0,0.0,44.0,PREMIER CERCLE 2024
O000504,B00153,P04,2024-09-10,Site officiel,Normal,2,22.0,0.0,44.0,PREMIER CERCLE 2024
O000505,B00396,P04,2024-09-25,Site officiel,Normal,2,22.0,0.0,44.0,PREMIER CERCLE 2024
O000506,B00397,P04,2024-08-16,Site officiel,Normal,2,22.0,0.0,44.0,PREMIER CERCLE 2024
O000507,B00398,P04,2024-08-15,Site officiel,Normal,3,22.0,0.0,66.0,PREMIER CERCLE 2024
O000508,B00399,P04,2024-08-29,Site officiel,Normal,2,22.0,0.0,44.0,PREMIER CERCLE 2024
O000509,B00400,P04,2024-09-05,Site officiel,Normal,1,22.0,0.0,22.0,PREMIER CERCLE 2024
O000510,B00401,P04,2024-08-22,Site officiel,Normal,1,22.0,0.0,22.0,PREMIER CERCLE 2024
O000511,B00259,P04,2024-09-09,Site officiel,Normal,1,22.0,0.0,22.0,PREMIER CERCLE 2024
O000512,B00402,P04,2024-10-05,Site officiel,Normal,2,22.0,0.0,44.0,PREMIER CERCLE 2024
O000513,B00162,P04,2024-09-23,Site officiel,Normal,2,22.0,0.0,44.0,PREMIER CERCLE 2024
O000514,B00403,P04,2024-09-28,Site officiel,Normal,3,22.0,0.0,66.0,PREMIER CERCLE 2024
O000515,B00404,P04,2024-08-19,Site officiel,Normal,2,22.0,0.0,44.0,PREMIER CERCLE 2024
O000516,B00405,P04,2024-10-16,Site officiel,Normal,1,22.0,0.0,22.0,PREMIER CERCLE 2024
O000517,B00406,P04,2024-08-15,Site officiel,Normal,2,22.0,0.0,44.0,PREMIER CERCLE 2024
O000518,B00355,P04,2024-10-01,Site officiel,Normal,1,22.0,0.0,22.0,PREMIER CERCLE 2024
O000519,B00407,P04,2024-09-18,Site officiel,Normal,2,22.0,0.0,44.0,PREMIER CERCLE 2024
O000520,B00077,P04,2024-08-27,Site officiel,Normal,1,22.0,0.0,22.0,PREMIER CERCLE 2024
O000521,B00408,P04,2024-09-19,Site officiel,Normal,2,22.0,0.0,44.0,PREMIER CERCLE 2024
O000522,B00409,P04,2024-09-07,Site officiel,Normal,4,22.0,0.0,88.0,PREMIER CERCLE 2024
O000523,B00304,P04,2024-08-28,Site officiel,Normal,2,22.0,0.0,44.0,PREMIER CERCLE 2024
O000524,B00410,P04,2024-08-30,Site officiel,Normal,2,22.0,0.0,44.0,PREMIER CERCLE 2024
O000525,B00411,P04,2024-09-25,Site officiel,Normal,1,22.0,0.0,22.0,PREMIER CERCLE 2024
O000526,B00412,P04,2024-09-22,Site officiel,Normal,3,22.0,0.0,66.0,PREMIER CERCLE 2024
O000527,B00413,P04,2024-08-23,Site officiel,Normal,2,22.0,0.0,44.0,PREMIER CERCLE 2024
O000528,B00414,P04,2024-10-04,Site officiel,Normal,2,22.0,0.0,44.0,PREMIER CERCLE 2024
O000529,B00415,P04,2024-10-13,Site officiel,Normal,1,22.0,0.0,22.0,PREMIER CERCLE 2024
O000530,B00416,P04,2024-09-29,Site officiel,Normal,2,22.0,0.0,44.0,PREMIER CERCLE 2024
O000531,B00417,P04,2024-09-16,Site officiel,Normal,2,22.0,0.0,44.0,PREMIER CERCLE 2024
O000532,B00418,P04,2024-08-13,Site officiel,Normal,2,22.0,0.0,44.0,PREMIER CERCLE 2024
O000533,B00419,P04,2024-10-25,Site officiel,Normal,2,22.0,0.0,44.0,PREMIER CERCLE 2024
O000534,B00420,P04,2024-08-14,Site officiel,Normal,2,22.0,0.0,44.0,PREMIER CERCLE 2024
O000535,B00421,P04,2024-10-04,Site officiel,Normal,1,22.0,0.0,22.0,PREMIER CERCLE 2024
O000536,B00238,P04,2024-09-30,Site officiel,Normal,2,22.0,0.0,44.0,PREMIER CERCLE 2024
O000537,B00276,P04,2024-09-30,Site officiel,Normal,2,22.0,0.0,44.0,PREMIER CERCLE 2024
O000538,B00422,P04,2024-09-12,Site officiel,Normal,1,22.0,0.0,22.0,PREMIER CERCLE 2024
O000539,B00423,P04,2024-10-17,Site officiel,Normal,4,22.0,0.0,88.0,PREMIER CERCLE 2024
O000540,B00424,P04,2024-10-22,Site officiel,Normal,2,22.0,0.0,44.0,PREMIER CERCLE 2024
O000541,B00296,P04,2024-08-09,Site officiel,Normal,2,22.0,0.0,44.0,PREMIER CERCLE 2024
O000542,B00425,P04,2024-08-09,Site officiel,Normal,2,22.0,0.0,44.0,PREMIER CERCLE 2024
O000543,B00227,P04,2024-09-07,Site officiel,Normal,1,22.0,0.0,22.0,PREMIER CERCLE 2024
O000544,B00330,P04,2024-08-30,Site officiel,Normal,2,22.0,0.0,44.0,PREMIER CERCLE 2024
O000545,B00426,P04,2024-09-10,Site officiel,Normal,2,22.0,0.0,44.0,PREMIER CERCLE 2024
O000546,B00427,P04,2024-08-15,Site officiel,Normal,1,22.0,0.0,22.0,PREMIER CERCLE 2024
O000547,B00428,P04,2024-09-21,Site officiel,Normal,2,22.0,0.0,44.0,PREMIER CERCLE 2024
O000548,B00429,P04,2024-09-26,Site officiel,Normal,1,22.0,0.0,22.0,PREMIER CERCLE 2024
O000549,B00430,P04,2024-10-06,Site officiel,Normal,4,22.0,0.0,88.0,PREMIER CERCLE 2024
O000550,B00431,P04,2024-08-19,Site officiel,Normal,2,22.0,0.0,44.0,PREMIER CERCLE 2024
O000551,B00432,P04,2024-09-01,Site officiel,Normal,2,22.0,0.0,44.0,PREMIER CERCLE 2024
O000552,B00126,P04,2024-09-27,Site officiel,Normal,2,22.0,0.0,44.0,PREMIER CERCLE 2024
O000553,B00433,P04,2024-10-02,Site officiel,Normal,1,22.0,0.0,22.0,PREMIER CERCLE 2024
O000554,B00434,P04,2024-09-13,Site officiel,Normal,2,22.0,0.0,44.0,PREMIER CERCLE 2024
O000555,B00216,P04,2024-09-13,Site officiel,Normal,1,22.0,0.0,22.0,PREMIER CERCLE 2024
O000556,B00435,P04,2024-10-21,Site officiel,Normal,2,22.0,0.0,44.0,PREMIER CERCLE 2024
O000557,B00436,P04,2024-09-30,Site officiel,Normal,1,22.0,0.0,22.0,PREMIER CERCLE 2024
O000558,B00217,P04,2024-10-11,Site officiel,Normal,2,22.0,0.0,44.0,PREMIER CERCLE 2024
O000559,B00437,P04,2024-10-14,Site officiel,Normal,3,22.0,0.0,66.0,PREMIER CERCLE 2024
O000560,B00438,P04,2024-09-18,Site officiel,Normal,1,22.0,0.0,22.0,PREMIER CERCLE 2024
O000561,B00439,P04,2024-10-09,Site officiel,Normal,2,22.0,0.0,44.0,PREMIER CERCLE 2024
O000562,B00106,P04,2024-09-30,Site officiel,Normal,2,22.0,0.0,44.0,PREMIER CERCLE 2024
O000563,B00440,P04,2024-10-17,Site officiel,Normal,2,22.0,0.0,44.0,PREMIER CERCLE 2024
O000564,B00441,P04,2024-10-10,Site officiel,Normal,1,22.0,0.0,22.0,PREMIER CERCLE 2024
O000565,B00442,P04,2024-10-14,Site officiel,Normal,2,22.0,0.0,44.0,PREMIER CERCLE 2024
O000566,B00443,P04,2024-10-17,Site officiel,Normal,2,22.0,0.0,44.0,PREMIER CERCLE 2024
O000567,B00444,P04,2024-08-13,Site officiel,Normal,1,22.0,0.0,22.0,PREMIER CERCLE 2024
O000568,B00081,P04,2024-09-02,Site officiel,Normal,2,22.0,0.0,44.0,PREMIER CERCLE 2024
O000569,B00445,P04,2024-08-08,Site officiel,Normal,2,22.0,0.0,44.0,PREMIER CERCLE 2024
O000570,B00446,P04,2024-08-09,Site officiel,Normal,1,22.0,0.0,22.0,PREMIER CERCLE 2024
O000571,B00447,P04,2024-09-03,Site officiel,Normal,2,22.0,0.0,44.0,PREMIER CERCLE 2024
O000572,B00407,P04,2024-08-15,Site officiel,Normal,1,22.0,0.0,22.0,PREMIER CERCLE 2024
O000573,B00448,P04,2024-09-01,Site officiel,Normal,1,22.0,0.0,22.0,PREMIER CERCLE 2024
O000574,B00449,P04,2024-09-20,Site officiel,Normal,1,22.0,0.0,22.0,PREMIER CERCLE 2024
O000575,B00450,P04,2024-09-03,Site officiel,Normal,2,22.0,0.0,44.0,PREMIER CERCLE 2024
O000576,B00304,P04,2024-08-25,Site officiel,Normal,1,22.0,0.0,22.0,PREMIER CERCLE 2024
O000577,B00451,P04,2024-09-05,Site officiel,Normal,4,22.0,0.0,88.0,PREMIER CERCLE 2024
O000578,B00452,P04,2024-08-14,Site officiel,Normal,2,22.0,0.0,44.0,PREMIER CERCLE 2024
O000579,B00453,P04,2024-09-25,Site officiel,Normal,1,22.0,0.0,22.0,PREMIER CERCLE 2024
O000580,B00454,P04,2024-08-08,Site officiel,Normal,2,22.0,0.0,44.0,PREMIER CERCLE 2024
O000581,B00455,P04,2024-09-30,Site officiel,Normal,1,22.0,0.0,22.0,PREMIER CERCLE 2024
O000582,B00456,P04,2024-10-22,Site officiel,Normal,2,22.0,0.0,44.0,PREMIER CERCLE 2024
O000583,B00457,P04,2024-09-02,Site officiel,Normal,2,22.0,0.0,44.0,PREMIER CERCLE 2024
O000584,B00135,P04,2024-10-19,Site officiel,Normal,2,22.0,0.0,44.0,PREMIER CERCLE 2024
O000585,B00458,P04,2024-09-01,Site officiel,Normal,3,22.0,0.0,66.0,PREMIER CERCLE 2024
O000586,B00459,P04,2024-08-16,Site officiel,Normal,2,22.0,0.0,44.0,PREMIER CERCLE 2024
O000587,B00460,P04,2024-10-08,Site officiel,Normal,2,22.0,0.0,44.0,PREMIER CERCLE 2024
O000588,B00461,P04,2024-08-24,Site officiel,Normal,2,22.0,0.0,44.0,PREMIER CERCLE 2024
O000589,B00462,P04,2024-08-25,Site officiel,Normal,1,22.0,0.0,22.0,PREMIER CERCLE 2024
O000590,B00463,P04,2024-08-29,Site officiel,Normal,1,22.0,0.0,22.0,PREMIER CERCLE 2024
O000591,B00464,P04,2024-08-26,Site officiel,Normal,2,22.0,0.0,44.0,PREMIER CERCLE 2024
O000592,B00465,P04,2024-08-20,Site officiel,Normal,1,22.0,0.0,22.0,PREMIER CERCLE 2024
O000593,B00466,P04,2024-10-23,Site officiel,Normal,2,22.0,0.0,44.0,PREMIER CERCLE 2024
O000594,B00467,P04,2024-09-09,Site officiel,Normal,2,22.0,0.0,44.0,PREMIER CERCLE 2024
O000595,B00468,P04,2024-09-03,Site officiel,Normal,2,22.0,0.0,44.0,PREMIER CERCLE 2024
O000596,B00469,P04,2024-09-12,Site officiel,Normal,4,22.0,0.0,88.0,PREMIER CERCLE 2024
O000597,B00470,P04,2024-09-10,Site officiel,Normal,3,22.0,0.0,66.0,PREMIER CERCLE 2024
O000598,B00471,P04,2024-08-27,Site officiel,Normal,2,22.0,0.0,44.0,PREMIER CERCLE 2024
O000599,B00328,P04,2024-10-10,Site officiel,Normal,4,22.0,0.0,88.0,PREMIER CERCLE 2024
O000600,B00472,P04,2024-08-22,Site officiel,Normal,2,22.0,0.0,44.0,PREMIER CERCLE 2024
O000601,B00473,P04,2024-09-06,Site officiel,Normal,1,22.0,0.0,22.0,PREMIER CERCLE 2024
O000602,B00474,P04,2024-09-04,Site officiel,Normal,1,22.0,0.0,22.0,PREMIER CERCLE 2024
O000603,B00475,P04,2024-09-30,Site officiel,Normal,2,22.0,0.0,44.0,PREMIER CERCLE 2024
O000604,B00476,P04,2024-08-12,Site officiel,Normal,2,22.0,0.0,44.0,PREMIER CERCLE 2024
O000605,B00477,P04,2024-08-30,Site officiel,Normal,2,22.0,0.0,44.0,PREMIER CERCLE 2024
O000606,B00478,P04,2024-09-02,Site officiel,Normal,2,22.0,0.0,44.0,PREMIER CERCLE 2024
O000607,B00470,P04,2024-08-28,Site officiel,Normal,2,22.0,0.0,44.0,PREMIER CERCLE 2024
O000608,B00479,P04,2024-09-12,Site officiel,Normal,2,22.0,0.0,44.0,PREMIER CERCLE 2024
O000609,B00480,P05,2024-09-09,Site officiel,Normal,2,21.0,0.0,42.0,PREMIER CERCLE 2024
O000610,B00481,P05,2024-08-21,Site officiel,Normal,1,21.0,0.0,21.0,PREMIER CERCLE 2024
O000611,B00482,P05,2024-10-25,Site officiel,Normal,1,21.0,0.0,21.0,PREMIER CERCLE 2024
O000612,B00057,P05,2024-10-21,Site officiel,Normal,2,21.0,0.0,42.0,PREMIER CERCLE 2024
O000613,B00483,P05,2024-10-04,Site officiel,Normal,2,21.0,0.0,42.0,PREMIER CERCLE 2024
O000614,B00484,P05,2024-11-01,Site officiel,Normal,3,21.0,0.0,63.0,PREMIER CERCLE 2024
O000615,B00276,P05,2024-09-20,Site officiel,Normal,2,21.0,0.0,42.0,PREMIER CERCLE 2024
O000616,B00485,P05,2024-09-27,Site officiel,Normal,2,21.0,0.0,42.0,PREMIER CERCLE 2024
O000617,B00371,P05,2024-09-15,Site officiel,Normal,2,21.0,0.0,42.0,PREMIER CERCLE 2024
O000618,B00486,P05,2024-08-29,Site officiel,Normal,2,21.0,0.0,42.0,PREMIER CERCLE 2024
O000619,B00003,P05,2024-08-25,Site officiel,Normal,1,21.0,0.0,21.0,PREMIER CERCLE 2024
O000620,B00487,P05,2024-10-02,Site officiel,Normal,2,21.0,0.0,42.0,PREMIER CERCLE 2024
O000621,B00488,P05,2024-08-23,Site officiel,Normal,3,21.0,0.0,63.0,PREMIER CERCLE 2024
O000622,B00489,P05,2024-10-06,Site officiel,Normal,2,21.0,0.0,42.0,PREMIER CERCLE 2024
O000623,B00392,P05,2024-08-13,Site officiel,Normal,1,21.0,0.0,21.0,PREMIER CERCLE 2024
O000624,B00490,P05,2024-10-20,Site officiel,Normal,1,21.0,0.0,21.0,PREMIER CERCLE 2024
O000625,B00491,P05,2024-11-01,Site officiel,Normal,1,21.0,0.0,21.0,PREMIER CERCLE 2024
O000626,B00492,P05,2024-10-06,Site officiel,Normal,4,21.0,0.0,84.0,PREMIER CERCLE 2024
O000627,B00493,P05,2024-08-26,Site officiel,Normal,2,21.0,0.0,42.0,PREMIER CERCLE 2024
O000628,B00494,P05,2024-09-23,Site officiel,Normal,2,21.0,0.0,42.0,PREMIER CERCLE 2024
O000629,B00495,P05,2024-09-23,Site officiel,Normal,1,21.0,0.0,21.0,PREMIER CERCLE 2024
O000630,B00496,P05,2024-10-01,Site officiel,Normal,2,21.0,0.0,42.0,PREMIER CERCLE 2024
O000631,B00295,P05,2024-09-06,Site officiel,Normal,2,21.0,0.0,42.0,PREMIER CERCLE 2024
O000632,B00001,P05,2024-10-24,Site officiel,Normal,2,21.0,0.0,42.0,PREMIER CERCLE 2024
O000633,B00497,P05,2024-09-30,Site officiel,Normal,2,21.0,0.0,42.0,PREMIER CERCLE 2024
O000634,B00498,P05,2024-09-28,Site officiel,Normal,2,21.0,0.0,42.0,PREMIER CERCLE 2024
O000635,B00499,P05,2024-08-29,Site officiel,Normal,2,21.0,0.0,42.0,PREMIER CERCLE 2024
O000636,B00500,P05,2024-08-30,Site officiel,Normal,2,21.0,0.0,42.0,PREMIER CERCLE 2024
O000637,B00099,P05,2024-08-22,Site officiel,Normal,1,21.0,0.0,21.0,PREMIER CERCLE 2024
O000638,B00501,P05,2024-09-21,Site officiel,Normal,3,21.0,0.0,63.0,PREMIER CERCLE 2024
O000639,B00502,P05,2024-08-25,Site officiel,Normal,2,21.0,0.0,42.0,PREMIER CERCLE 2024
O000640,B00503,P05,2024-10-16,Site officiel,Normal,1,21.0,0.0,21.0,PREMIER CERCLE 2024
O000641,B00504,P05,2024-10-18,Site officiel,Normal,2,21.0,0.0,42.0,PREMIER CERCLE 2024
O000642,B00505,P05,2024-10-17,Site officiel,Normal,2,21.0,0.0,42.0,PREMIER CERCLE 2024
O000643,B00506,P05,2024-10-16,Site officiel,Normal,2,21.0,0.0,42.0,PREMIER CERCLE 2024
O000644,B00117,P05,2024-08-13,Site officiel,Normal,2,21.0,0.0,42.0,PREMIER CERCLE 2024
O000645,B00507,P05,2024-08-13,Site officiel,Normal,1,21.0,0.0,21.0,PREMIER CERCLE 2024
O000646,B00094,P05,2024-08-17,Site officiel,Normal,2,21.0,0.0,42.0,PREMIER CERCLE 2024
O000647,B00508,P05,2024-09-08,Site officiel,Normal,1,21.0,0.0,21.0,PREMIER CERCLE 2024
O000648,B00509,P05,2024-09-08,Site officiel,Normal,2,21.0,0.0,42.0,PREMIER CERCLE 2024
O000649,B00510,P05,2024-09-28,Site officiel,Normal,2,21.0,0.0,42.0,PREMIER CERCLE 2024
O000650,B00511,P05,2024-10-17,Site officiel,Normal,1,21.0,0.0,21.0,PREMIER CERCLE 2024
O000651,B00512,P05,2024-09-29,Site officiel,Normal,2,21.0,0.0,42.0,PREMIER CERCLE 2024
O000652,B00513,P05,2024-10-22,Site officiel,Normal,2,21.0,0.0,42.0,PREMIER CERCLE 2024
O000653,B00514,P05,2024-09-02,Site officiel,Normal,2,21.0,0.0,42.0,PREMIER CERCLE 2024
O000654,B00002,P05,2024-10-03,Site officiel,Normal,2,21.0,0.0,42.0,PREMIER CERCLE 2024
O000655,B00283,P05,2024-10-28,Site officiel,Normal,3,21.0,0.0,63.0,PREMIER CERCLE 2024
O000656,B00515,P05,2024-11-01,Site officiel,Normal,2,21.0,0.0,42.0,PREMIER CERCLE 2024
O000657,B00516,P05,2024-09-13,Site officiel,Normal,2,21.0,0.0,42.0,PREMIER CERCLE 2024
O000658,B00517,P05,2024-08-14,Site officiel,Normal,2,21.0,0.0,42.0,PREMIER CERCLE 2024
O000659,B00518,P05,2024-08-28,Site officiel,Normal,2,21.0,0.0,42.0,PREMIER CERCLE 2024
O000660,B00248,P05,2024-10-16,Site officiel,Normal,2,21.0,0.0,42.0,PREMIER CERCLE 2024
O000661,B00082,P05,2024-10-03,Site officiel,Normal,2,21.0,0.0,42.0,PREMIER CERCLE 2024
O000662,B00519,P05,2024-10-21,Site officiel,Normal,2,21.0,0.0,42.0,PREMIER CERCLE 2024
O000663,B00520,P05,2024-09-24,Site officiel,Normal,2,21.0,0.0,42.0,PREMIER CERCLE 2024
O000664,B00521,P05,2024-09-24,Site officiel,Normal,2,21.0,0.0,42.0,PREMIER CERCLE 2024
O000665,B00522,P05,2024-10-13,Site officiel,Normal,2,21.0,0.0,42.0,PREMIER CERCLE 2024
O000666,B00523,P05,2024-10-02,Site officiel,Normal,2,21.0,0.0,42.0,PREMIER CERCLE 2024
O000667,B00524,P05,2024-08-19,Site officiel,Normal,2,21.0,0.0,42.0,PREMIER CERCLE 2024
O000668,B00525,P05,2024-09-25,Site officiel,Normal,2,21.0,0.0,42.0,PREMIER CERCLE 2024
O000669,B00526,P05,2024-09-02,Site officiel,Normal,4,21.0,0.0,84.0,PREMIER CERCLE 2024
O000670,B00527,P05,2024-09-15,Site officiel,Normal,2,21.0,0.0,42.0,PREMIER CERCLE 2024
O000671,B00528,P05,2024-08-16,Site officiel,Normal,1,21.0,0.0,21.0,PREMIER CERCLE 2024
O000672,B00529,P05,2024-09-15,Site officiel,Normal,2,21.0,0.0,42.0,PREMIER CERCLE 2024
O000673,B00530,P05,2024-09-21,Site officiel,Normal,1,21.0,0.0,21.0,PREMIER CERCLE 2024
O000674,B00531,P05,2024-09-07,Site officiel,Normal,2,21.0,0.0,42.0,PREMIER CERCLE 2024
O000675,B00532,P05,2024-09-16,Site officiel,Normal,1,21.0,0.0,21.0,PREMIER CERCLE 2024
O000676,B00533,P05,2024-10-07,Site officiel,Normal,2,21.0,0.0,42.0,PREMIER CERCLE 2024
O000677,B00330,P05,2024-09-05,Site officiel,Normal,2,21.0,0.0,42.0,PREMIER CERCLE 2024
O000678,B00534,P05,2024-09-28,Site officiel,Normal,1,21.0,0.0,21.0,PREMIER CERCLE 2024
O000679,B00535,P05,2024-10-19,Site officiel,Normal,2,21.0,0.0,42.0,PREMIER CERCLE 2024
O000680,B00536,P05,2024-08-15,Site officiel,Normal,2,21.0,0.0,42.0,PREMIER CERCLE 2024
O000681,B00537,P05,2024-10-14,Site officiel,Normal,2,21.0,0.0,42.0,PREMIER CERCLE 2024
O000682,B00538,P05,2024-08-21,Site officiel,Normal,2,21.0,0.0,42.0,PREMIER CERCLE 2024
O000683,B00539,P05,2024-09-03,Site officiel,Normal,2,21.0,0.0,42.0,PREMIER CERCLE 2024
O000684,B00311,P05,2024-08-29,Site officiel,Normal,2,21.0,0.0,42.0,PREMIER CERCLE 2024
O000685,B00462,P05,2024-10-15,Site officiel,Normal,1,21.0,0.0,21.0,PREMIER CERCLE 2024
O000686,B00052,P05,2024-08-17,Site officiel,Normal,1,21.0,0.0,21.0,PREMIER CERCLE 2024
O000687,B00540,P05,2024-10-07,Site officiel,Normal,2,21.0,0.0,42.0,PREMIER CERCLE 2024
O000688,B00541,P05,2024-09-22,Site officiel,Normal,1,21.0,0.0,21.0,PREMIER CERCLE 2024
O000689,B00542,P05,2024-09-06,Site officiel,Normal,2,21.0,0.0,42.0,PREMIER CERCLE 2024
O000690,B00124,P05,2024-10-27,Site officiel,Normal,2,21.0,0.0,42.0,PREMIER CERCLE 2024
O000691,B00543,P05,2024-08-26,Site officiel,Normal,2,21.0,0.0,42.0,PREMIER CERCLE 2024
O000692,B00025,P05,2024-08-27,Site officiel,Normal,2,21.0,0.0,42.0,PREMIER CERCLE 2024
O000693,B00544,P05,2024-08-31,Site officiel,Normal,2,21.0,0.0,42.0,PREMIER CERCLE 2024
O000694,B00017,P05,2024-09-19,Site officiel,Normal,1,21.0,0.0,21.0,PREMIER CERCLE 2024
O000695,B00440,P05,2024-10-10,Site officiel,Normal,3,21.0,0.0,63.0,PREMIER CERCLE 2024
O000696,B00545,P05,2024-08-30,Site officiel,Normal,2,21.0,0.0,42.0,PREMIER CERCLE 2024
O000697,B00546,P05,2024-09-06,Site officiel,Normal,2,21.0,0.0,42.0,PREMIER CERCLE 2024
O000698,B00547,P05,2024-09-03,Site officiel,Normal,3,21.0,0.0,63.0,PREMIER CERCLE 2024
O000699,B00454,P05,2024-08-28,Site officiel,Normal,2,21.0,0.0,42.0,PREMIER CERCLE 2024
O000700,B00548,P05,2024-08-25,Site officiel,Normal,2,21.0,0.0,42.0,PREMIER CERCLE 2024
O000701,B00549,P05,2024-09-13,Site officiel,Normal,2,21.0,0.0,42.0,PREMIER CERCLE 2024
O000702,B00550,P05,2024-09-12,Site officiel,Normal,2,21.0,0.0,42.0,PREMIER CERCLE 2024
O000703,B00551,P05,2024-08-13,Site officiel,Normal,2,21.0,0.0,42.0,PREMIER CERCLE 2024
O000704,B00552,P05,2024-09-21,Site officiel,Normal,1,21.0,0.0,21.0,PREMIER CERCLE 2024
O000705,B00553,P05,2024-08-30,Site officiel,Normal,2,21.0,0.0,42.0,PREMIER CERCLE 2024
O000706,B00554,P05,2024-09-20,Site officiel,Normal,1,21.0,0.0,21.0,PREMIER CERCLE 2024
O000707,B00555,P05,2024-10-27,Site officiel,Normal,1,21.0,0.0,21.0,PREMIER CERCLE 2024
O000708,B00166,P05,2024-10-12,Site officiel,Normal,1,21.0,0.0,21.0,PREMIER CERCLE 2024
O000709,B00371,P05,2024-10-27,Site officiel,Normal,3,21.0,0.0,63.0,PREMIER CERCLE 2024
O000710,B00556,P05,2024-10-29,Site officiel,Normal,2,21.0,0.0,42.0,PREMIER CERCLE 2024
O000711,B00557,P05,2024-08-18,Site officiel,Normal,1,21.0,0.0,21.0,PREMIER CERCLE 2024
O000712,B00413,P05,2024-08-30,Site officiel,Normal,2,21.0,0.0,42.0,PREMIER CERCLE 2024
O000713,B00558,P05,2024-09-24,Site officiel,Normal,2,21.0,0.0,42.0,PREMIER CERCLE 2024
O000714,B00559,P05,2024-10-14,Site officiel,Normal,1,21.0,0.0,21.0,PREMIER CERCLE 2024
O000715,B00340,P05,2024-09-27,Site officiel,Normal,2,21.0,0.0,42.0,PREMIER CERCLE 2024
O000716,B00560,P05,2024-09-19,Site officiel,Normal,1,21.0,0.0,21.0,PREMIER CERCLE 2024
O000717,B00547,P05,2024-09-30,Site officiel,Normal,2,21.0,0.0,42.0,PREMIER CERCLE 2024
O000718,B00561,P05,2024-10-01,Site officiel,Normal,2,21.0,0.0,42.0,PREMIER CERCLE 2024
O000719,B00562,P05,2024-09-15,Site officiel,Normal,2,21.0,0.0,42.0,PREMIER CERCLE 2024
O000720,B00563,P05,2024-09-03,Site officiel,Normal,2,21.0,0.0,42.0,PREMIER CERCLE 2024
O000721,B00564,P05,2024-10-25,Site officiel,Normal,2,21.0,0.0,42.0,PREMIER CERCLE 2024
O000722,B00565,P05,2024-10-17,Site officiel,Normal,3,21.0,0.0,63.0,PREMIER CERCLE 2024
O000723,B00150,P06,2024-10-26,Site officiel,Normal,2,22.0,0.0,44.0,PREMIER CERCLE 2024
O000724,B00566,P06,2024-11-06,Site officiel,Normal,2,22.0,0.0,44.0,PREMIER CERCLE 2024
O000725,B00567,P06,2024-10-25,Site officiel,Normal,1,22.0,0.0,22.0,PREMIER CERCLE 2024
O000726,B00568,P06,2024-10-01,Site officiel,Normal,3,22.0,0.0,66.0,PREMIER CERCLE 2024
O000727,B00569,P06,2024-10-09,Site officiel,Normal,2,22.0,0.0,44.0,PREMIER CERCLE 2024
O000728,B00570,P06,2024-09-25,Site officiel,Normal,2,22.0,0.0,44.0,PREMIER CERCLE 2024
O000729,B00571,P06,2024-10-13,Site officiel,Normal,2,22.0,0.0,44.0,PREMIER CERCLE 2024
O000730,B00572,P06,2024-10-07,Site officiel,Normal,2,22.0,0.0,44.0,PREMIER CERCLE 2024
O000731,B00573,P06,2024-10-30,Site officiel,Normal,2,22.0,0.0,44.0,PREMIER CERCLE 2024
O000732,B00574,P06,2024-10-28,Site officiel,Normal,2,22.0,0.0,44.0,PREMIER CERCLE 2024
O000733,B00518,P06,2024-09-05,Site officiel,Normal,2,22.0,0.0,44.0,PREMIER CERCLE 2024
O000734,B00575,P06,2024-09-12,Site officiel,Normal,2,22.0,0.0,44.0,PREMIER CERCLE 2024
O000735,B00576,P06,2024-10-29,Site officiel,Normal,2,22.0,0.0,44.0,PREMIER CERCLE 2024
O000736,B00577,P06,2024-09-14,Site officiel,Normal,1,22.0,0.0,22.0,PREMIER CERCLE 2024
O000737,B00578,P06,2024-10-14,Site officiel,Normal,2,22.0,0.0,44.0,PREMIER CERCLE 2024
O000738,B00579,P06,2024-10-15,Site officiel,Normal,2,22.0,0.0,44.0,PREMIER CERCLE 2024
O000739,B00580,P06,2024-10-26,Site officiel,Normal,1,22.0,0.0,22.0,PREMIER CERCLE 2024
O000740,B00547,P06,2024-09-23,Site officiel,Normal,1,22.0,0.0,22.0,PREMIER CERCLE 2024
O000741,B00581,P06,2024-10-29,Site officiel,Normal,2,22.0,0.0,44.0,PREMIER CERCLE 2024
O000742,B00286,P06,2024-08-21,Site officiel,Normal,2,22.0,0.0,44.0,PREMIER CERCLE 2024
O000743,B00582,P06,2024-09-22,Site officiel,Normal,2,22.0,0.0,44.0,PREMIER CERCLE 2024
O000744,B00583,P06,2024-10-07,Site officiel,Normal,2,22.0,0.0,44.0,PREMIER CERCLE 2024
O000745,B00584,P06,2024-11-07,Site officiel,Normal,2,22.0,0.0,44.0,PREMIER CERCLE 2024
O000746,B00585,P06,2024-08-23,Site officiel,Normal,2,22.0,0.0,44.0,PREMIER CERCLE 2024
O000747,B00586,P06,2024-09-18,Site officiel,Normal,1,22.0,0.0,22.0,PREMIER CERCLE 2024
O000748,B00243,P06,2024-10-16,Site officiel,Normal,1,22.0,0.0,22.0,PREMIER CERCLE 2024
O000749,B00587,P06,2024-10-16,Site officiel,Normal,2,22.0,0.0,44.0,PREMIER CERCLE 2024
O000750,B00588,P06,2024-11-01,Site officiel,Normal,2,22.0,0.0,44.0,PREMIER CERCLE 2024
O000751,B00589,P06,2024-09-25,Site officiel,Normal,2,22.0,0.0,44.0,PREMIER CERCLE 2024
O000752,B00590,P06,2024-08-22,Site officiel,Normal,2,22.0,0.0,44.0,PREMIER CERCLE 2024
O000753,B00591,P06,2024-10-28,Site officiel,Normal,2,22.0,0.0,44.0,PREMIER CERCLE 2024
O000754,B00167,P06,2024-09-13,Site officiel,Normal,2,22.0,0.0,44.0,PREMIER CERCLE 2024
O000755,B00592,P06,2024-09-12,Site officiel,Normal,2,22.0,0.0,44.0,PREMIER CERCLE 2024
O000756,B00593,P06,2024-09-23,Site officiel,Normal,2,22.0,0.0,44.0,PREMIER CERCLE 2024
O000757,B00594,P06,2024-11-08,Site officiel,Normal,2,22.0,0.0,44.0,PREMIER CERCLE 2024
O000758,B00595,P06,2024-09-14,Site officiel,Normal,2,22.0,0.0,44.0,PREMIER CERCLE 2024
O000759,B00019,P06,2024-09-10,Site officiel,Normal,2,22.0,0.0,44.0,PREMIER CERCLE 2024
O000760,B00596,P06,2024-10-23,Site officiel,Normal,2,22.0,0.0,44.0,PREMIER CERCLE 2024
O000761,B00597,P06,2024-09-09,Site officiel,Normal,2,22.0,0.0,44.0,PREMIER CERCLE 2024
O000762,B00315,P06,2024-10-30,Site officiel,Normal,2,22.0,0.0,44.0,PREMIER CERCLE 2024
O000763,B00598,P06,2024-11-03,Site officiel,Normal,1,22.0,0.0,22.0,PREMIER CERCLE 2024
O000764,B00599,P06,2024-09-03,Site officiel,Normal,2,22.0,0.0,44.0,PREMIER CERCLE 2024
O000765,B00307,P06,2024-09-12,Site officiel,Normal,2,22.0,0.0,44.0,PREMIER CERCLE 2024
O000766,B00521,P06,2024-08-26,Site officiel,Normal,1,22.0,0.0,22.0,PREMIER CERCLE 2024
O000767,B00600,P06,2024-10-18,Site officiel,Normal,2,22.0,0.0,44.0,PREMIER CERCLE 2024
O000768,B00601,P06,2024-11-04,Site officiel,Normal,2,22.0,0.0,44.0,PREMIER CERCLE 2024
O000769,B00126,P06,2024-09-14,Site officiel,Normal,2,22.0,0.0,44.0,PREMIER CERCLE 2024
O000770,B00430,P06,2024-10-06,Site officiel,Normal,2,22.0,0.0,44.0,PREMIER CERCLE 2024
O000771,B00602,P06,2024-09-28,Site officiel,Normal,2,22.0,0.0,44.0,PREMIER CERCLE 2024
O000772,B00603,P06,2024-09-18,Site officiel,Normal,2,22.0,0.0,44.0,PREMIER CERCLE 2024
O000773,B00604,P06,2024-10-02,Site officiel,Normal,2,22.0,0.0,44.0,PREMIER CERCLE 2024
O000774,B00416,P06,2024-09-02,Site officiel,Normal,1,22.0,0.0,22.0,PREMIER CERCLE 2024
O000775,B00605,P06,2024-09-20,Site officiel,Normal,2,22.0,0.0,44.0,PREMIER CERCLE 2024
O000776,B00606,P06,2024-09-13,Site officiel,Normal,1,22.0,0.0,22.0,PREMIER CERCLE 2024
O000777,B00607,P06,2024-09-13,Site officiel,Normal,2,22.0,0.0,44.0,PREMIER CERCLE 2024
O000778,B00015,P06,2024-10-02,Site officiel,Normal,2,22.0,0.0,44.0,PREMIER CERCLE 2024
O000779,B00608,P06,2024-08-20,Site officiel,Normal,2,22.0,0.0,44.0,PREMIER CERCLE 2024
O000780,B00609,P06,2024-10-24,Site officiel,Normal,1,22.0,0.0,22.0,PREMIER CERCLE 2024
O000781,B00610,P06,2024-09-17,Site officiel,Normal,2,22.0,0.0,44.0,PREMIER CERCLE 2024
O000782,B00611,P06,2024-09-22,Site officiel,Normal,2,22.0,0.0,44.0,PREMIER CERCLE 2024
O000783,B00264,P06,2024-08-25,Site officiel,Normal,2,22.0,0.0,44.0,PREMIER CERCLE 2024
O000784,B00612,P06,2024-09-05,Site officiel,Normal,1,22.0,0.0,22.0,PREMIER CERCLE 2024
O000785,B00613,P06,2024-09-18,Site officiel,Normal,2,22.0,0.0,44.0,PREMIER CERCLE 2024
O000786,B00614,P06,2024-10-17,Site officiel,Normal,1,22.0,0.0,22.0,PREMIER CERCLE 2024
O000787,B00615,P06,2024-09-07,Site officiel,Normal,2,22.0,0.0,44.0,PREMIER CERCLE 2024
O000788,B00616,P06,2024-09-26,Site officiel,Normal,2,22.0,0.0,44.0,PREMIER CERCLE 2024
O000789,B00617,P06,2024-08-24,Site officiel,Normal,2,22.0,0.0,44.0,PREMIER CERCLE 2024
O000790,B00618,P06,2024-10-27,Site officiel,Normal,1,22.0,0.0,22.0,PREMIER CERCLE 2024
O000791,B00619,P06,2024-09-26,Site officiel,Normal,2,22.0,0.0,44.0,PREMIER CERCLE 2024
O000792,B00620,P06,2024-10-07,Site officiel,Normal,2,22.0,0.0,44.0,PREMIER CERCLE 2024
O000793,B00621,P06,2024-09-26,Site officiel,Normal,1,22.0,0.0,22.0,PREMIER CERCLE 2024
O000794,B00622,P06,2024-10-12,Site officiel,Normal,2,22.0,0.0,44.0,PREMIER CERCLE 2024
O000795,B00623,P06,2024-11-08,Site officiel,Normal,2,22.0,0.0,44.0,PREMIER CERCLE 2024
O000796,B00624,P06,2024-10-28,Site officiel,Normal,1,22.0,0.0,22.0,PREMIER CERCLE 2024
O000797,B00625,P06,2024-09-11,Site officiel,Normal,2,22.0,0.0,44.0,PREMIER CERCLE 2024
O000798,B00408,P06,2024-09-27,Site officiel,Normal,2,22.0,0.0,44.0,PREMIER CERCLE 2024
O000799,B00626,P06,2024-08-25,Site officiel,Normal,1,22.0,0.0,22.0,PREMIER CERCLE 2024
O000800,B00627,P06,2024-10-06,Site officiel,Normal,2,22.0,0.0,44.0,PREMIER CERCLE 2024
O000801,B00628,P06,2024-08-30,Site officiel,Normal,2,22.0,0.0,44.0,PREMIER CERCLE 2024
O000802,B00629,P06,2024-09-13,Site officiel,Normal,1,22.0,0.0,22.0,PREMIER CERCLE 2024
O000803,B00630,P06,2024-11-07,Site officiel,Normal,2,22.0,0.0,44.0,PREMIER CERCLE 2024
O000804,B00489,P06,2024-10-22,Site officiel,Normal,1,22.0,0.0,22.0,PREMIER CERCLE 2024
O000805,B00631,P06,2024-11-01,Site officiel,Normal,2,22.0,0.0,44.0,PREMIER CERCLE 2024
O000806,B00632,P06,2024-10-08,Site officiel,Normal,2,22.0,0.0,44.0,PREMIER CERCLE 2024
O000807,B00633,P06,2024-09-23,Site officiel,Normal,4,22.0,0.0,88.0,PREMIER CERCLE 2024
O000808,B00456,P06,2024-09-18,Site officiel,Normal,1,22.0,0.0,22.0,PREMIER CERCLE 2024
O000809,B00634,P06,2024-09-25,Site officiel,Normal,2,22.0,0.0,44.0,PREMIER CERCLE 2024
O000810,B00635,P06,2024-09-16,Site officiel,Normal,2,22.0,0.0,44.0,PREMIER CERCLE 2024
O000811,B00636,P06,2024-09-25,Site officiel,Normal,1,22.0,0.0,22.0,PREMIER CERCLE 2024
O000812,B00637,P06,2024-09-28,Site officiel,Normal,2,22.0,0.0,44.0,PREMIER CERCLE 2024
O000813,B00067,P06,2024-09-10,Site officiel,Normal,2,22.0,0.0,44.0,PREMIER CERCLE 2024
O000814,B00638,P06,2024-08-31,Site officiel,Normal,2,22.0,0.0,44.0,PREMIER CERCLE 2024
O000815,B00191,P06,2024-08-26,Site officiel,Normal,2,22.0,0.0,44.0,PREMIER CERCLE 2024
O000816,B00639,P06,2024-11-01,Site officiel,Normal,2,22.0,0.0,44.0,PREMIER CERCLE 2024
O000817,B00382,P06,2024-08-28,Site officiel,Normal,2,22.0,0.0,44.0,PREMIER CERCLE 2024
O000818,B00640,P06,2024-10-30,Site officiel,Normal,2,22.0,0.0,44.0,PREMIER CERCLE 2024
O000819,B00641,P06,2024-09-08,Site officiel,Normal,2,22.0,0.0,44.0,PREMIER CERCLE 2024
O000820,B00642,P06,2024-09-12,Site officiel,Normal,2,22.0,0.0,44.0,PREMIER CERCLE 2024
O000821,B00643,P06,2024-08-29,Site officiel,Normal,2,22.0,0.0,44.0,PREMIER CERCLE 2024
O000822,B00637,P06,2024-10-18,Site officiel,Normal,2,22.0,0.0,44.0,PREMIER CERCLE 2024
O000823,B00644,P06,2024-10-06,Site officiel,Normal,2,22.0,0.0,44.0,PREMIER CERCLE 2024
O000824,B00356,P06,2024-10-18,Site officiel,Normal,2,22.0,0.0,44.0,PREMIER CERCLE 2024
O000825,B00645,P06,2024-08-24,Site officiel,Normal,2,22.0,0.0,44.0,PREMIER CERCLE 2024
O000826,B00646,P06,2024-10-12,Site officiel,Normal,2,22.0,0.0,44.0,PREMIER CERCLE 2024
O000827,B00647,P06,2024-09-22,Site officiel,Normal,2,22.0,0.0,44.0,PREMIER CERCLE 2024
O000828,B00648,P06,2024-10-05,Site officiel,Normal,2,22.0,0.0,44.0,PREMIER CERCLE 2024
O000829,B00649,P06,2024-08-22,Site officiel,Normal,2,22.0,0.0,44.0,PREMIER CERCLE 2024
O000830,B00650,P06,2024-11-07,Site officiel,Normal,2,22.0,0.0,44.0,PREMIER CERCLE 2024
O000831,B00651,P06,2024-09-16,Site officiel,Normal,2,22.0,0.0,44.0,PREMIER CERCLE 2024
O000832,B00618,P06,2024-11-02,Site officiel,Normal,1,22.0,0.0,22.0,PREMIER CERCLE 2024
O000833,B00652,P06,2024-10-04,Site officiel,Normal,2,22.0,0.0,44.0,PREMIER CERCLE 2024
O000834,B00653,P06,2024-09-29,Site officiel,Normal,3,22.0,0.0,66.0,PREMIER CERCLE 2024
O000835,B00654,P06,2024-10-12,Site officiel,Normal,2,22.0,0.0,44.0,PREMIER CERCLE 2024
O000836,B00307,P06,2024-09-19,Site officiel,Normal,2,22.0,0.0,44.0,PREMIER CERCLE 2024
O000837,B00020,P06,2024-09-05,Site officiel,Normal,1,22.0,0.0,22.0,PREMIER CERCLE 2024
O000838,B00655,P06,2024-09-19,Site officiel,Normal,2,22.0,0.0,44.0,PREMIER CERCLE 2024
O000839,B00656,P06,2024-10-02,Site officiel,Normal,2,22.0,0.0,44.0,PREMIER CERCLE 2024
O000840,B00423,P06,2024-09-27,Site officiel,Normal,2,22.0,0.0,44.0,PREMIER CERCLE 2024
O000841,B00657,P06,2024-10-30,Site officiel,Normal,2,22.0,0.0,44.0,PREMIER CERCLE 2024
O000842,B00658,P06,2024-08-29,Site officiel,Normal,1,22.0,0.0,22.0,PREMIER CERCLE 2024
O000843,B00659,P06,2024-09-05,Site officiel,Normal,2,22.0,0.0,44.0,PREMIER CERCLE 2024
O000844,B00660,P06,2024-09-08,Site officiel,Normal,3,22.0,0.0,66.0,PREMIER CERCLE 2024
O000845,B00661,P06,2024-08-25,Site officiel,Normal,2,22.0,0.0,44.0,PREMIER CERCLE 2024
O000846,B00662,P06,2024-09-03,Site officiel,Normal,2,22.0,0.0,44.0,PREMIER CERCLE 2024
O000847,B00663,P06,2024-10-08,Site officiel,Normal,2,22.0,0.0,44.0,PREMIER CERCLE 2024
O000848,B00664,P06,2024-10-02,Site officiel,Normal,2,22.0,0.0,44.0,PREMIER CERCLE 2024
O000849,B00665,P06,2024-09-11,Site officiel,Normal,2,22.0,0.0,44.0,PREMIER CERCLE 2024
O000850,B00651,P06,2024-08-23,Site officiel,Normal,2,22.0,0.0,44.0,PREMIER CERCLE 2024
O000851,B00666,P06,2024-08-24,Site officiel,Normal,1,22.0,0.0,22.0,PREMIER CERCLE 2024
O000852,B00667,P06,2024-10-30,Site officiel,Normal,2,22.0,0.0,44.0,PREMIER CERCLE 2024
O000853,B00668,P06,2024-09-26,Site officiel,Normal,2,22.0,0.0,44.0,PREMIER CERCLE 2024
O000854,B00669,P06,2024-08-23,Site officiel,Normal,2,22.0,0.0,44.0,PREMIER CERCLE 2024
O000855,B00067,P06,2024-09-11,Site officiel,Normal,1,22.0,0.0,22.0,PREMIER CERCLE 2024
O000856,B00670,P06,2024-09-20,Site officiel,Normal,3,22.0,0.0,66.0,PREMIER CERCLE 2024
O000857,B00671,P06,2024-09-04,Site officiel,Normal,2,22.0,0.0,44.0,PREMIER CERCLE 2024
O000858,B00672,P06,2024-08-30,Site officiel,Normal,3,22.0,0.0,66.0,PREMIER CERCLE 2024
O000859,B00037,P06,2024-11-01,Site officiel,Normal,2,22.0,0.0,44.0,PREMIER CERCLE 2024
O000860,B00673,P06,2024-08-29,Site officiel,Normal,4,22.0,0.0,88.0,PREMIER CERCLE 2024
O000861,B00674,P06,2024-09-24,Site officiel,Normal,2,22.0,0.0,44.0,PREMIER CERCLE 2024
O000862,B00123,P06,2024-11-01,Site officiel,Normal,2,22.0,0.0,44.0,PREMIER CERCLE 2024
O000863,B00251,P06,2024-09-27,Site officiel,Normal,2,22.0,0.0,44.0,PREMIER CERCLE 2024
O000864,B00675,P06,2024-11-06,Site officiel,Normal,1,22.0,0.0,22.0,PREMIER CERCLE 2024
O000865,B00676,P06,2024-08-29,Site officiel,Normal,2,22.0,0.0,44.0,PREMIER CERCLE 2024
O000866,B00677,P06,2024-08-23,Site officiel,Normal,2,22.0,0.0,44.0,PREMIER CERCLE 2024
O000867,B00678,P06,2024-08-27,Site officiel,Normal,1,22.0,0.0,22.0,PREMIER CERCLE 2024
O000868,B00679,P06,2024-09-24,Site officiel,Normal,1,22.0,0.0,22.0,PREMIER CERCLE 2024
O000869,B00680,P06,2024-10-21,Site officiel,Normal,2,22.0,0.0,44.0,PREMIER CERCLE 2024
O000870,B00681,P06,2024-10-01,Site officiel,Normal,2,22.0,0.0,44.0,PREMIER CERCLE 2024
O000871,B00682,P06,2024-09-27,Site officiel,Normal,2,22.0,0.0,44.0,PREMIER CERCLE 2024
O000872,B00683,P06,2024-11-02,Site officiel,Normal,2,22.0,0.0,44.0,PREMIER CERCLE 2024
O000873,B00684,P06,2024-09-20,Site officiel,Normal,3,22.0,0.0,66.0,PREMIER CERCLE 2024
O000874,B00685,P06,2024-10-26,Site officiel,Normal,2,22.0,0.0,44.0,PREMIER CERCLE 2024
O000875,B00686,P06,2024-10-18,Site officiel,Normal,1,22.0,0.0,22.0,PREMIER CERCLE 2024
O000876,B00687,P06,2024-09-07,Site officiel,Normal,1,22.0,0.0,22.0,PREMIER CERCLE 2024
O000877,B00688,P06,2024-08-31,Site officiel,Normal,2,22.0,0.0,44.0,PREMIER CERCLE 2024
O000878,B00689,P06,2024-10-30,Site officiel,Normal,1,22.0,0.0,22.0,PREMIER CERCLE 2024
O000879,B00183,P06,2024-10-12,Site officiel,Normal,2,22.0,0.0,44.0,PREMIER CERCLE 2024
O000880,B00690,P06,2024-08-30,Site officiel,Normal,2,22.0,0.0,44.0,PREMIER CERCLE 2024
O000881,B00476,P06,2024-09-06,Site officiel,Normal,1,22.0,0.0,22.0,PREMIER CERCLE 2024
O000882,B00691,P06,2024-10-28,Site officiel,Normal,2,22.0,0.0,44.0,PREMIER CERCLE 2024
O000883,B00050,P06,2024-10-09,Site officiel,Normal,2,22.0,0.0,44.0,PREMIER CERCLE 2024
O000884,B00692,P06,2024-09-05,Site officiel,Normal,1,22.0,0.0,22.0,PREMIER CERCLE 2024
O000885,B00693,P06,2024-08-23,Site officiel,Normal,4,22.0,0.0,88.0,PREMIER CERCLE 2024
O000886,B00483,P06,2024-10-22,Site officiel,Normal,2,22.0,0.0,44.0,PREMIER CERCLE 2024
O000887,B00694,P06,2024-09-10,Site officiel,Normal,2,22.0,0.0,44.0,PREMIER CERCLE 2024
O000888,B00374,P06,2024-11-05,Site officiel,Normal,2,22.0,0.0,44.0,PREMIER CERCLE 2024
O000889,B00695,P06,2024-10-18,Site officiel,Normal,2,22.0,0.0,44.0,PREMIER CERCLE 2024
O000890,B00696,P06,2024-09-17,Site officiel,Normal,2,22.0,0.0,44.0,PREMIER CERCLE 2024
O000891,B00697,P06,2024-09-07,Site officiel,Normal,2,22.0,0.0,44.0,PREMIER CERCLE 2024
O000892,B00328,P06,2024-09-29,Site officiel,Normal,2,22.0,0.0,44.0,PREMIER CERCLE 2024
O000893,B00698,P06,2024-09-24,Site officiel,Normal,2,22.0,0.0,44.0,PREMIER CERCLE 2024
O000894,B00408,P06,2024-08-26,Site officiel,Normal,1,22.0,0.0,22.0,PREMIER CERCLE 2024
O000895,B00699,P06,2024-11-08,Site officiel,Normal,2,22.0,0.0,44.0,PREMIER CERCLE 2024
O000896,B00700,P06,2024-08-23,Site officiel,Normal,1,22.0,0.0,22.0,PREMIER CERCLE 2024
O000897,B00701,P06,2024-09-10,Site officiel,Normal,2,22.0,0.0,44.0,PREMIER CERCLE 2024
O000898,B00702,P06,2024-10-12,Site officiel,Normal,2,22.0,0.0,44.0,PREMIER CERCLE 2024
O000899,B00703,P06,2024-11-07,Site officiel,Normal,2,22.0,0.0,44.0,PREMIER CERCLE 2024
O000900,B00435,P06,2024-09-11,Site officiel,Normal,2,22.0,0.0,44.0,PREMIER CERCLE 2024
O000901,B00397,P06,2024-10-30,Site officiel,Normal,2,22.0,0.0,44.0,PREMIER CERCLE 2024
O000902,B00704,P06,2024-11-08,Site officiel,Normal,2,22.0,0.0,44.0,PREMIER CERCLE 2024
O000903,B00705,P06,2024-09-02,Site officiel,Normal,2,22.0,0.0,44.0,PREMIER CERCLE 2024
O000904,B00706,P06,2024-11-08,Site officiel,Normal,2,22.0,0.0,44.0,PREMIER CERCLE 2024
O000905,B00707,P06,2024-08-21,Site officiel,Normal,2,22.0,0.0,44.0,PREMIER CERCLE 2024
O000906,B00708,P06,2024-09-19,Site officiel,Normal,2,22.0,0.0,44.0,PREMIER CERCLE 2024
O000907,B00709,S01,2026-06-02,Shotgun,Normal,2,32.0,3.35,64.0,ORBITE 2026-27
O000908,B00710,S01,2026-06-02,Ticketmaster,Normal,2,32.0,2.64,64.0,ORBITE 2026-27
O000909,B00711,S01,2026-06-02,Site officiel,Normal,3,32.0,0.0,96.0,ORBITE 2026-27
O000910,B00712,S01,2026-06-02,Fnac Spectacles,Normal,2,32.0,2.22,64.0,ORBITE 2026-27
O000911,B00389,S01,2026-06-02,Site officiel,Normal,1,32.0,0.0,32.0,ORBITE 2026-27
O000912,B00709,S01,2026-06-02,Fnac Spectacles,Carré or,2,46.4,2.97,92.8,ORBITE 2026-27
O000913,B00713,S01,2026-06-02,Dice,Normal,2,32.0,3.11,64.0,ORBITE 2026-27
O000914,B00710,S01,2026-06-02,Dice,Normal,2,32.0,3.15,64.0,ORBITE 2026-27
O000915,B00714,S01,2026-06-02,Ticketmaster,Normal,2,32.0,2.66,64.0,ORBITE 2026-27
O000916,B00554,S01,2026-06-02,Fnac Spectacles,Normal,1,32.0,3.25,32.0,ORBITE 2026-27
O000917,B00715,S01,2026-06-02,Dice,Normal,2,32.0,2.19,64.0,ORBITE 2026-27
O000918,B00713,S01,2026-06-02,Shotgun,Normal,2,32.0,2.0,64.0,ORBITE 2026-27
O000919,B00716,S01,2026-06-02,Ticketmaster,Normal,2,32.0,2.02,64.0,ORBITE 2026-27
O000920,B00717,S01,2026-06-02,Fnac Spectacles,Normal,2,32.0,2.14,64.0,ORBITE 2026-27
O000921,B00718,S01,2026-06-02,Ticketmaster,Normal,2,32.0,2.3,64.0,ORBITE 2026-27
O000922,B00719,S01,2026-06-02,Dice,Normal,1,32.0,2.32,32.0,ORBITE 2026-27
O000923,B00720,S01,2026-06-02,Fnac Spectacles,Normal,2,32.0,3.08,64.0,ORBITE 2026-27
O000924,B00721,S01,2026-06-02,Dice,Normal,2,32.0,2.17,64.0,ORBITE 2026-27
O000925,B00712,S01,2026-06-02,Site officiel,Normal,4,32.0,0.0,128.0,ORBITE 2026-27
O000926,B00722,S01,2026-06-02,Site officiel,Normal,1,32.0,0.0,32.0,ORBITE 2026-27
O000927,B00723,S01,2026-06-02,Fnac Spectacles,Normal,2,32.0,2.07,64.0,ORBITE 2026-27
O000928,B00318,S01,2026-06-02,Dice,Normal,2,32.0,3.13,64.0,ORBITE 2026-27
O000929,B00724,S01,2026-06-02,Dice,Normal,2,32.0,2.48,64.0,ORBITE 2026-27
O000930,B00714,S01,2026-06-02,Ticketmaster,Prévente,2,28.16,2.16,56.32,ORBITE 2026-27
O000931,B00725,S01,2026-06-02,Ticketmaster,Normal,2,32.0,2.32,64.0,ORBITE 2026-27
O000932,B00726,S01,2026-06-02,Fnac Spectacles,Carré or,1,46.4,3.15,46.4,ORBITE 2026-27
O000933,B00727,S01,2026-06-02,Fnac Spectacles,Normal,2,32.0,3.28,64.0,ORBITE 2026-27
O000934,B00728,S01,2026-06-02,Dice,Normal,2,32.0,3.23,64.0,ORBITE 2026-27
O000935,B00729,S01,2026-06-02,Site officiel,Prévente,1,28.16,0.0,28.16,ORBITE 2026-27
O000936,B00730,S01,2026-06-02,Fnac Spectacles,Normal,2,32.0,2.89,64.0,ORBITE 2026-27
O000937,B00731,S01,2026-06-02,Shotgun,Prévente,2,28.16,3.19,56.32,ORBITE 2026-27
O000938,B00721,S01,2026-06-02,Shotgun,Normal,2,32.0,2.52,64.0,ORBITE 2026-27
O000939,B00732,S01,2026-06-02,Site officiel,Normal,1,32.0,0.0,32.0,ORBITE 2026-27
O000940,B00733,S01,2026-06-02,Site officiel,Normal,2,32.0,0.0,64.0,ORBITE 2026-27
O000941,B00710,S01,2026-06-02,Dice,Normal,2,32.0,3.32,64.0,ORBITE 2026-27
O000942,B00734,S01,2026-06-02,Site officiel,Normal,2,32.0,0.0,64.0,ORBITE 2026-27
O000943,B00735,S01,2026-06-02,Dice,Normal,2,32.0,2.5,64.0,ORBITE 2026-27
O000944,B00736,S01,2026-06-02,Shotgun,Normal,1,32.0,3.01,32.0,ORBITE 2026-27
O000945,B00737,S01,2026-06-02,Dice,Normal,1,32.0,2.47,32.0,ORBITE 2026-27
O000946,B00738,S01,2026-06-02,Site officiel,Normal,2,32.0,0.0,64.0,ORBITE 2026-27
O000947,B00739,S01,2026-06-02,Ticketmaster,Normal,2,32.0,1.97,64.0,ORBITE 2026-27
O000948,B00740,S01,2026-06-02,Site officiel,Prévente,1,28.16,0.0,28.16,ORBITE 2026-27
O000949,B00741,S01,2026-06-02,Dice,Prévente,1,28.16,3.27,28.16,ORBITE 2026-27
O000950,B00742,S01,2026-06-02,Dice,Prévente,2,28.16,3.02,56.32,ORBITE 2026-27
O000951,B00743,S01,2026-06-02,Shotgun,Prévente,2,28.16,2.28,56.32,ORBITE 2026-27
O000952,B00744,S01,2026-06-02,Shotgun,Normal,1,32.0,2.65,32.0,ORBITE 2026-27
O000953,B00737,S01,2026-06-02,Site officiel,Normal,1,32.0,0.0,32.0,ORBITE 2026-27
O000954,B00745,S01,2026-06-02,Fnac Spectacles,Normal,2,32.0,2.63,64.0,ORBITE 2026-27
O000955,B00746,S01,2026-06-02,Dice,Prévente,2,28.16,2.05,56.32,ORBITE 2026-27
O000956,B00715,S01,2026-06-02,Ticketmaster,Prévente,2,28.16,1.93,56.32,ORBITE 2026-27
O000957,B00747,S01,2026-06-02,Site officiel,Normal,2,32.0,0.0,64.0,ORBITE 2026-27
O000958,B00748,S01,2026-06-02,Dice,Normal,2,32.0,2.3,64.0,ORBITE 2026-27
O000959,B00749,S01,2026-06-02,Dice,Normal,3,32.0,2.17,96.0,ORBITE 2026-27
O000960,B00750,S01,2026-06-02,Ticketmaster,Normal,2,32.0,2.63,64.0,ORBITE 2026-27
O000961,B00751,S01,2026-06-02,Site officiel,Normal,2,32.0,0.0,64.0,ORBITE 2026-27
O000962,B00752,S01,2026-06-02,Shotgun,Prévente,2,28.16,3.29,56.32,ORBITE 2026-27
O000963,B00362,S01,2026-06-02,Dice,Normal,2,32.0,2.29,64.0,ORBITE 2026-27
O000964,B00753,S01,2026-06-03,Fnac Spectacles,Normal,2,32.0,2.23,64.0,ORBITE 2026-27
O000965,B00754,S01,2026-06-03,Dice,Prévente,3,28.16,2.02,84.48,ORBITE 2026-27
O000966,B00755,S01,2026-06-03,Site officiel,Normal,2,32.0,0.0,64.0,ORBITE 2026-27
O000967,B00144,S01,2026-06-03,Dice,Normal,2,32.0,2.23,64.0,ORBITE 2026-27
O000968,B00756,S01,2026-06-03,Fnac Spectacles,Carré or,2,46.4,2.53,92.8,ORBITE 2026-27
O000969,B00757,S01,2026-06-03,Shotgun,Normal,3,32.0,2.61,96.0,ORBITE 2026-27
O000970,B00758,S01,2026-06-03,Ticketmaster,Normal,2,32.0,2.39,64.0,ORBITE 2026-27
O000971,B00751,S01,2026-06-03,Fnac Spectacles,Normal,1,32.0,2.47,32.0,ORBITE 2026-27
O000972,B00759,S01,2026-06-03,Dice,Normal,2,32.0,2.5,64.0,ORBITE 2026-27
O000973,B00760,S01,2026-06-03,Dice,Normal,1,32.0,2.26,32.0,ORBITE 2026-27
O000974,B00761,S01,2026-06-03,Dice,Normal,1,32.0,2.33,32.0,ORBITE 2026-27
O000975,B00762,S01,2026-06-03,Shotgun,Normal,2,32.0,2.88,64.0,ORBITE 2026-27
O000976,B00763,S01,2026-06-03,Dice,Normal,2,32.0,2.6,64.0,ORBITE 2026-27
O000977,B00753,S01,2026-06-03,Ticketmaster,Normal,1,32.0,3.01,32.0,ORBITE 2026-27
O000978,B00764,S01,2026-06-03,Site officiel,Normal,2,32.0,0.0,64.0,ORBITE 2026-27
O000979,B00765,S01,2026-06-03,Dice,Prévente,2,28.16,2.73,56.32,ORBITE 2026-27
O000980,B00766,S01,2026-06-03,Fnac Spectacles,Normal,3,32.0,2.31,96.0,ORBITE 2026-27
O000981,B00767,S01,2026-06-03,Shotgun,Normal,2,32.0,3.09,64.0,ORBITE 2026-27
O000982,B00768,S01,2026-06-03,Site officiel,Normal,2,32.0,0.0,64.0,ORBITE 2026-27
O000983,B00769,S01,2026-06-03,Fnac Spectacles,Normal,1,32.0,2.06,32.0,ORBITE 2026-27
O000984,B00770,S01,2026-06-03,Shotgun,Normal,2,32.0,2.03,64.0,ORBITE 2026-27
O000985,B00771,S01,2026-06-03,Dice,Normal,2,32.0,3.12,64.0,ORBITE 2026-27
O000986,B00772,S01,2026-06-03,Ticketmaster,Normal,2,32.0,3.31,64.0,ORBITE 2026-27
O000987,B00773,S01,2026-06-03,Dice,Normal,2,32.0,2.93,64.0,ORBITE 2026-27
O000988,B00774,S01,2026-06-03,Site officiel,Prévente,1,28.16,0.0,28.16,ORBITE 2026-27
O000989,B00775,S01,2026-06-03,Site officiel,Normal,2,32.0,0.0,64.0,ORBITE 2026-27
O000990,B00776,S01,2026-06-03,Shotgun,Normal,1,32.0,3.28,32.0,ORBITE 2026-27
O000991,B00024,S01,2026-06-03,Site officiel,Prévente,2,28.16,0.0,56.32,ORBITE 2026-27
O000992,B00777,S01,2026-06-03,Site officiel,Normal,2,32.0,0.0,64.0,ORBITE 2026-27
O000993,B00774,S01,2026-06-03,Ticketmaster,Normal,2,32.0,2.17,64.0,ORBITE 2026-27
O000994,B00778,S01,2026-06-03,Dice,Carré or,2,46.4,2.33,92.8,ORBITE 2026-27
O000995,B00779,S01,2026-06-03,Site officiel,Normal,2,32.0,0.0,64.0,ORBITE 2026-27
O000996,B00780,S01,2026-06-03,Dice,Normal,2,32.0,2.83,64.0,ORBITE 2026-27
O000997,B00753,S01,2026-06-03,Site officiel,Normal,2,32.0,0.0,64.0,ORBITE 2026-27
O000998,B00712,S01,2026-06-03,Ticketmaster,Normal,2,32.0,2.98,64.0,ORBITE 2026-27
O000999,B00781,S01,2026-06-03,Fnac Spectacles,Normal,2,32.0,2.46,64.0,ORBITE 2026-27
O001000,B00782,S01,2026-06-03,Shotgun,Normal,1,32.0,3.05,32.0,ORBITE 2026-27
O001001,B00783,S01,2026-06-03,Ticketmaster,Normal,2,32.0,2.88,64.0,ORBITE 2026-27
O001002,B00784,S01,2026-06-03,Site officiel,Normal,1,32.0,0.0,32.0,ORBITE 2026-27
O001003,B00785,S01,2026-06-03,Dice,Prévente,2,28.16,2.49,56.32,ORBITE 2026-27
O001004,B00246,S01,2026-06-03,Dice,Normal,1,32.0,2.88,32.0,ORBITE 2026-27
O001005,B00786,S01,2026-06-03,Dice,Normal,2,32.0,2.12,64.0,ORBITE 2026-27
O001006,B00787,S01,2026-06-03,Shotgun,Carré or,2,46.4,2.12,92.8,ORBITE 2026-27
O001007,B00788,S01,2026-06-03,Ticketmaster,Normal,2,32.0,3.34,64.0,ORBITE 2026-27
O001008,B00789,S01,2026-06-03,Fnac Spectacles,Normal,3,32.0,2.43,96.0,ORBITE 2026-27
O001009,B00790,S01,2026-06-03,Site officiel,Prévente,1,28.16,0.0,28.16,ORBITE 2026-27
O001010,B00791,S01,2026-06-03,Site officiel,Normal,2,32.0,0.0,64.0,ORBITE 2026-27
O001011,B00792,S01,2026-06-03,Site officiel,Normal,1,32.0,0.0,32.0,ORBITE 2026-27
O001012,B00793,S01,2026-06-03,Ticketmaster,Normal,2,32.0,2.99,64.0,ORBITE 2026-27
O001013,B00794,S01,2026-06-03,Fnac Spectacles,Prévente,1,28.16,3.07,28.16,ORBITE 2026-27
O001014,B00795,S01,2026-06-03,Dice,Normal,1,32.0,2.84,32.0,ORBITE 2026-27
O001015,B00796,S01,2026-06-03,Dice,Prévente,2,28.16,3.25,56.32,ORBITE 2026-27
O001016,B00718,S01,2026-06-03,Shotgun,Normal,1,32.0,2.75,32.0,ORBITE 2026-27
O001017,B00762,S01,2026-06-04,Site officiel,Normal,2,32.0,0.0,64.0,ORBITE 2026-27
O001018,B00324,S01,2026-06-04,Shotgun,Normal,2,32.0,2.47,64.0,ORBITE 2026-27
O001019,B00797,S01,2026-06-04,Fnac Spectacles,Prévente,2,28.16,2.2,56.32,ORBITE 2026-27
O001020,B00798,S01,2026-06-04,Shotgun,Normal,1,32.0,2.07,32.0,ORBITE 2026-27
O001021,B00799,S01,2026-06-04,Fnac Spectacles,Normal,2,32.0,1.98,64.0,ORBITE 2026-27
O001022,B00800,S01,2026-06-04,Site officiel,Normal,4,32.0,0.0,128.0,ORBITE 2026-27
O001023,B00801,S01,2026-06-04,Dice,Normal,2,32.0,2.28,64.0,ORBITE 2026-27
O001024,B00765,S01,2026-06-04,Dice,Normal,2,32.0,3.14,64.0,ORBITE 2026-27
O001025,B00802,S01,2026-06-04,Dice,Normal,1,32.0,1.91,32.0,ORBITE 2026-27
O001026,B00803,S01,2026-06-04,Fnac Spectacles,Normal,2,32.0,2.72,64.0,ORBITE 2026-27
O001027,B00804,S01,2026-06-04,Ticketmaster,Normal,2,32.0,3.34,64.0,ORBITE 2026-27
O001028,B00777,S01,2026-06-04,Dice,Normal,2,32.0,2.76,64.0,ORBITE 2026-27
O001029,B00624,S01,2026-06-04,Ticketmaster,Normal,2,32.0,2.38,64.0,ORBITE 2026-27
O001030,B00717,S01,2026-06-04,Ticketmaster,Normal,2,32.0,2.3,64.0,ORBITE 2026-27
O001031,B00805,S01,2026-06-04,Dice,Normal,2,32.0,2.95,64.0,ORBITE 2026-27
O001032,B00806,S01,2026-06-04,Shotgun,Prévente,2,28.16,2.09,56.32,ORBITE 2026-27
O001033,B00807,S01,2026-06-04,Shotgun,Normal,2,32.0,2.48,64.0,ORBITE 2026-27
O001034,B00808,S01,2026-06-04,Fnac Spectacles,Normal,2,32.0,3.01,64.0,ORBITE 2026-27
O001035,B00809,S01,2026-06-04,Site officiel,Normal,2,32.0,0.0,64.0,ORBITE 2026-27
O001036,B00810,S01,2026-06-04,Ticketmaster,Normal,2,32.0,2.65,64.0,ORBITE 2026-27
O001037,B00730,S01,2026-06-04,Fnac Spectacles,Normal,1,32.0,2.53,32.0,ORBITE 2026-27
O001038,B00811,S01,2026-06-04,Dice,Normal,3,32.0,2.13,96.0,ORBITE 2026-27
O001039,B00775,S01,2026-06-04,Site officiel,Normal,2,32.0,0.0,64.0,ORBITE 2026-27
O001040,B00042,S01,2026-06-04,Shotgun,Normal,2,32.0,2.67,64.0,ORBITE 2026-27
O001041,B00157,S01,2026-06-04,Site officiel,Normal,2,32.0,0.0,64.0,ORBITE 2026-27
O001042,B00812,S01,2026-06-04,Ticketmaster,Normal,1,32.0,2.27,32.0,ORBITE 2026-27
O001043,B00813,S01,2026-06-04,Fnac Spectacles,Normal,2,32.0,3.13,64.0,ORBITE 2026-27
O001044,B00814,S01,2026-06-04,Site officiel,Normal,2,32.0,0.0,64.0,ORBITE 2026-27
O001045,B00815,S01,2026-06-04,Ticketmaster,Prévente,2,28.16,2.83,56.32,ORBITE 2026-27
O001046,B00816,S01,2026-06-04,Fnac Spectacles,Normal,2,32.0,2.61,64.0,ORBITE 2026-27
O001047,B00817,S01,2026-06-04,Shotgun,Prévente,2,28.16,2.42,56.32,ORBITE 2026-27
O001048,B00818,S01,2026-06-04,Shotgun,Normal,2,32.0,2.18,64.0,ORBITE 2026-27
O001049,B00819,S01,2026-06-04,Dice,Normal,3,32.0,3.2,96.0,ORBITE 2026-27
O001050,B00820,S01,2026-06-04,Ticketmaster,Normal,1,32.0,3.21,32.0,ORBITE 2026-27
O001051,B00821,S01,2026-06-04,Site officiel,Normal,1,32.0,0.0,32.0,ORBITE 2026-27
O001052,B00822,S01,2026-06-04,Site officiel,Prévente,1,28.16,0.0,28.16,ORBITE 2026-27
O001053,B00823,S01,2026-06-04,Dice,Normal,2,32.0,3.3,64.0,ORBITE 2026-27
O001054,B00824,S01,2026-06-04,Fnac Spectacles,Normal,2,32.0,2.04,64.0,ORBITE 2026-27
O001055,B00825,S01,2026-06-05,Site officiel,Normal,1,32.0,0.0,32.0,ORBITE 2026-27
O001056,B00117,S01,2026-06-05,Dice,Normal,2,32.0,2.55,64.0,ORBITE 2026-27
O001057,B00826,S01,2026-06-05,Dice,Normal,2,32.0,3.37,64.0,ORBITE 2026-27
O001058,B00827,S01,2026-06-05,Fnac Spectacles,Normal,2,32.0,2.23,64.0,ORBITE 2026-27
O001059,B00828,S01,2026-06-05,Shotgun,Normal,2,32.0,2.25,64.0,ORBITE 2026-27
O001060,B00829,S01,2026-06-05,Shotgun,Carré or,2,46.4,2.13,92.8,ORBITE 2026-27
O001061,B00830,S01,2026-06-05,Fnac Spectacles,Normal,2,32.0,2.33,64.0,ORBITE 2026-27
O001062,B00831,S01,2026-06-05,Site officiel,Prévente,2,28.16,0.0,56.32,ORBITE 2026-27
O001063,B00832,S01,2026-06-05,Dice,Normal,2,32.0,3.03,64.0,ORBITE 2026-27
O001064,B00833,S01,2026-06-05,Site officiel,Normal,2,32.0,0.0,64.0,ORBITE 2026-27
O001065,B00834,S01,2026-06-05,Shotgun,Normal,1,32.0,3.16,32.0,ORBITE 2026-27
O001066,B00835,S01,2026-06-05,Site officiel,Prévente,1,28.16,0.0,28.16,ORBITE 2026-27
O001067,B00646,S01,2026-06-05,Shotgun,Normal,1,32.0,2.58,32.0,ORBITE 2026-27
O001068,B00836,S01,2026-06-05,Site officiel,Normal,4,32.0,0.0,128.0,ORBITE 2026-27
O001069,B00837,S01,2026-06-05,Shotgun,Normal,2,32.0,3.28,64.0,ORBITE 2026-27
O001070,B00838,S01,2026-06-05,Shotgun,Normal,2,32.0,2.22,64.0,ORBITE 2026-27
O001071,B00839,S01,2026-06-05,Site officiel,Normal,2,32.0,0.0,64.0,ORBITE 2026-27
O001072,B00840,S01,2026-06-05,Dice,Normal,2,32.0,3.15,64.0,ORBITE 2026-27
O001073,B00841,S01,2026-06-05,Site officiel,Prévente,1,28.16,0.0,28.16,ORBITE 2026-27
O001074,B00842,S01,2026-06-05,Ticketmaster,Normal,2,32.0,3.31,64.0,ORBITE 2026-27
O001075,B00843,S01,2026-06-05,Ticketmaster,Normal,2,32.0,3.38,64.0,ORBITE 2026-27
O001076,B00725,S01,2026-06-05,Ticketmaster,Normal,2,32.0,2.88,64.0,ORBITE 2026-27
O001077,B00844,S01,2026-06-05,Site officiel,Normal,2,32.0,0.0,64.0,ORBITE 2026-27
O001078,B00845,S01,2026-06-05,Dice,Normal,3,32.0,1.99,96.0,ORBITE 2026-27
O001079,B00846,S01,2026-06-05,Dice,Normal,1,32.0,2.08,32.0,ORBITE 2026-27
O001080,B00516,S01,2026-06-05,Fnac Spectacles,Normal,2,32.0,3.36,64.0,ORBITE 2026-27
O001081,B00847,S01,2026-06-05,Dice,Normal,2,32.0,2.78,64.0,ORBITE 2026-27
O001082,B00848,S01,2026-06-06,Fnac Spectacles,Normal,2,32.0,2.95,64.0,ORBITE 2026-27
O001083,B00849,S01,2026-06-06,Ticketmaster,Normal,2,32.0,2.3,64.0,ORBITE 2026-27
O001084,B00771,S01,2026-06-06,Dice,Normal,1,32.0,2.24,32.0,ORBITE 2026-27
O001085,B00850,S01,2026-06-06,Dice,Prévente,2,28.16,2.39,56.32,ORBITE 2026-27
O001086,B00851,S01,2026-06-06,Shotgun,Normal,2,32.0,2.61,64.0,ORBITE 2026-27
O001087,B00852,S01,2026-06-06,Shotgun,Normal,2,32.0,2.3,64.0,ORBITE 2026-27
O001088,B00795,S01,2026-06-06,Fnac Spectacles,Normal,2,32.0,2.08,64.0,ORBITE 2026-27
O001089,B00788,S01,2026-06-06,Shotgun,Normal,2,32.0,3.14,64.0,ORBITE 2026-27
O001090,B00853,S01,2026-06-06,Site officiel,Normal,1,32.0,0.0,32.0,ORBITE 2026-27
O001091,B00854,S01,2026-06-06,Site officiel,Normal,2,32.0,0.0,64.0,ORBITE 2026-27
O001092,B00855,S01,2026-06-06,Shotgun,Prévente,1,28.16,3.17,28.16,ORBITE 2026-27
O001093,B00856,S01,2026-06-06,Dice,Normal,1,32.0,2.16,32.0,ORBITE 2026-27
O001094,B00857,S01,2026-06-06,Fnac Spectacles,Prévente,2,28.16,2.06,56.32,ORBITE 2026-27
O001095,B00858,S01,2026-06-06,Site officiel,Prévente,2,28.16,0.0,56.32,ORBITE 2026-27
O001096,B00859,S01,2026-06-06,Site officiel,Normal,2,32.0,0.0,64.0,ORBITE 2026-27
O001097,B00860,S01,2026-06-06,Shotgun,Normal,2,32.0,2.72,64.0,ORBITE 2026-27
O001098,B00843,S01,2026-06-06,Dice,Normal,1,32.0,2.99,32.0,ORBITE 2026-27
O001099,B00053,S01,2026-06-06,Site officiel,Carré or,2,46.4,0.0,92.8,ORBITE 2026-27
O001100,B00861,S01,2026-06-06,Shotgun,Normal,1,32.0,2.7,32.0,ORBITE 2026-27
O001101,B00862,S01,2026-06-06,Site officiel,Prévente,1,28.16,0.0,28.16,ORBITE 2026-27
O001102,B00304,S01,2026-06-06,Fnac Spectacles,Normal,2,32.0,3.22,64.0,ORBITE 2026-27
O001103,B00863,S01,2026-06-06,Shotgun,Prévente,2,28.16,3.22,56.32,ORBITE 2026-27
O001104,B00864,S01,2026-06-06,Dice,Normal,4,32.0,3.14,128.0,ORBITE 2026-27
O001105,B00865,S01,2026-06-06,Fnac Spectacles,Normal,3,32.0,2.13,96.0,ORBITE 2026-27
O001106,B00866,S01,2026-06-06,Dice,Normal,2,32.0,3.3,64.0,ORBITE 2026-27
O001107,B00164,S01,2026-06-07,Site officiel,Normal,2,32.0,0.0,64.0,ORBITE 2026-27
O001108,B00867,S01,2026-06-07,Site officiel,Normal,1,32.0,0.0,32.0,ORBITE 2026-27
O001109,B00868,S01,2026-06-07,Site officiel,Normal,1,32.0,0.0,32.0,ORBITE 2026-27
O001110,B00869,S01,2026-06-07,Shotgun,Prévente,2,28.16,2.94,56.32,ORBITE 2026-27
O001111,B00870,S01,2026-06-07,Site officiel,Carré or,2,46.4,0.0,92.8,ORBITE 2026-27
O001112,B00871,S01,2026-06-07,Site officiel,Prévente,2,28.16,0.0,56.32,ORBITE 2026-27
O001113,B00872,S01,2026-06-07,Site officiel,Normal,2,32.0,0.0,64.0,ORBITE 2026-27
O001114,B00873,S01,2026-06-07,Dice,Normal,2,32.0,3.1,64.0,ORBITE 2026-27
O001115,B00874,S01,2026-06-07,Site officiel,Normal,1,32.0,0.0,32.0,ORBITE 2026-27
O001116,B00875,S01,2026-06-07,Dice,Normal,2,32.0,2.65,64.0,ORBITE 2026-27
O001117,B00876,S01,2026-06-07,Fnac Spectacles,Normal,2,32.0,2.75,64.0,ORBITE 2026-27
O001118,B00877,S01,2026-06-07,Site officiel,Prévente,1,28.16,0.0,28.16,ORBITE 2026-27
O001119,B00878,S01,2026-06-07,Site officiel,Prévente,2,28.16,0.0,56.32,ORBITE 2026-27
O001120,B00834,S01,2026-06-07,Shotgun,Normal,2,32.0,2.1,64.0,ORBITE 2026-27
O001121,B00879,S01,2026-06-07,Site officiel,Normal,2,32.0,0.0,64.0,ORBITE 2026-27
O001122,B00880,S01,2026-06-07,Fnac Spectacles,Normal,3,32.0,3.08,96.0,ORBITE 2026-27
O001123,B00881,S01,2026-06-07,Fnac Spectacles,Normal,1,32.0,2.1,32.0,ORBITE 2026-27
O001124,B00809,S01,2026-06-07,Shotgun,Normal,2,32.0,2.7,64.0,ORBITE 2026-27
O001125,B00882,S01,2026-06-07,Dice,Carré or,2,46.4,3.04,92.8,ORBITE 2026-27
O001126,B00883,S01,2026-06-07,Dice,Prévente,1,28.16,2.14,28.16,ORBITE 2026-27
O001127,B00884,S01,2026-06-07,Dice,Normal,1,32.0,3.37,32.0,ORBITE 2026-27
O001128,B00885,S01,2026-06-08,Shotgun,Prévente,2,28.16,2.94,56.32,ORBITE 2026-27
O001129,B00886,S01,2026-06-08,Site officiel,Normal,2,32.0,0.0,64.0,ORBITE 2026-27
O001130,B00887,S01,2026-06-08,Ticketmaster,Normal,2,32.0,3.36,64.0,ORBITE 2026-27
O001131,B00888,S01,2026-06-08,Site officiel,Normal,2,32.0,0.0,64.0,ORBITE 2026-27
O001132,B00889,S01,2026-06-08,Site officiel,Prévente,1,28.16,0.0,28.16,ORBITE 2026-27
O001133,B00890,S01,2026-06-08,Site officiel,Normal,2,32.0,0.0,64.0,ORBITE 2026-27
O001134,B00891,S01,2026-06-08,Shotgun,Normal,2,32.0,2.45,64.0,ORBITE 2026-27
O001135,B00892,S01,2026-06-08,Site officiel,Prévente,2,28.16,0.0,56.32,ORBITE 2026-27
O001136,B00893,S01,2026-06-08,Dice,Prévente,3,28.16,3.15,84.48,ORBITE 2026-27
O001137,B00894,S01,2026-06-08,Shotgun,Prévente,2,28.16,2.39,56.32,ORBITE 2026-27
O001138,B00895,S01,2026-06-08,Site officiel,Normal,2,32.0,0.0,64.0,ORBITE 2026-27
O001139,B00896,S01,2026-06-08,Site officiel,Normal,3,32.0,0.0,96.0,ORBITE 2026-27
O001140,B00897,S01,2026-06-08,Shotgun,Normal,2,32.0,2.0,64.0,ORBITE 2026-27
O001141,B00898,S01,2026-06-08,Ticketmaster,Normal,2,32.0,3.09,64.0,ORBITE 2026-27
O001142,B00899,S01,2026-06-08,Site officiel,Normal,2,32.0,0.0,64.0,ORBITE 2026-27
O001143,B00900,S01,2026-06-08,Shotgun,Normal,2,32.0,3.28,64.0,ORBITE 2026-27
O001144,B00901,S01,2026-06-08,Site officiel,Normal,2,32.0,0.0,64.0,ORBITE 2026-27
O001145,B00902,S01,2026-06-08,Fnac Spectacles,Carré or,2,46.4,2.07,92.8,ORBITE 2026-27
O001146,B00903,S01,2026-06-08,Dice,Normal,3,32.0,3.22,96.0,ORBITE 2026-27
O001147,B00904,S01,2026-06-08,Fnac Spectacles,Normal,2,32.0,3.39,64.0,ORBITE 2026-27
O001148,B00905,S01,2026-06-08,Fnac Spectacles,Normal,2,32.0,2.5,64.0,ORBITE 2026-27
O001149,B00906,S01,2026-06-08,Shotgun,Prévente,2,28.16,3.36,56.32,ORBITE 2026-27
O001150,B00907,S01,2026-06-08,Dice,Normal,1,32.0,2.77,32.0,ORBITE 2026-27
O001151,B00908,S01,2026-06-08,Site officiel,Normal,2,32.0,0.0,64.0,ORBITE 2026-27
O001152,B00909,S01,2026-06-08,Shotgun,Prévente,1,28.16,2.09,28.16,ORBITE 2026-27
O001153,B00910,S01,2026-06-08,Ticketmaster,Normal,1,32.0,2.66,32.0,ORBITE 2026-27
O001154,B00848,S01,2026-06-08,Dice,Normal,2,32.0,2.98,64.0,ORBITE 2026-27
O001155,B00911,S01,2026-06-08,Site officiel,Normal,1,32.0,0.0,32.0,ORBITE 2026-27
O001156,B00747,S01,2026-06-09,Ticketmaster,Normal,1,32.0,2.03,32.0,ORBITE 2026-27
O001157,B00912,S01,2026-06-09,Shotgun,Normal,2,32.0,2.64,64.0,ORBITE 2026-27
O001158,B00913,S01,2026-06-09,Shotgun,Normal,2,32.0,2.93,64.0,ORBITE 2026-27
O001159,B00914,S01,2026-06-09,Ticketmaster,Normal,3,32.0,2.16,96.0,ORBITE 2026-27
O001160,B00915,S01,2026-06-09,Site officiel,Normal,2,32.0,0.0,64.0,ORBITE 2026-27
O001161,B00916,S01,2026-06-09,Site officiel,Normal,2,32.0,0.0,64.0,ORBITE 2026-27
O001162,B00917,S01,2026-06-09,Dice,Normal,2,32.0,2.32,64.0,ORBITE 2026-27
O001163,B00835,S01,2026-06-09,Ticketmaster,Normal,3,32.0,2.12,96.0,ORBITE 2026-27
O001164,B00918,S01,2026-06-09,Shotgun,Normal,4,32.0,2.79,128.0,ORBITE 2026-27
O001165,B00919,S01,2026-06-09,Fnac Spectacles,Carré or,2,46.4,2.57,92.8,ORBITE 2026-27
O001166,B00920,S01,2026-06-09,Shotgun,Normal,2,32.0,2.06,64.0,ORBITE 2026-27
O001167,B00921,S01,2026-06-09,Dice,Normal,2,32.0,2.7,64.0,ORBITE 2026-27
O001168,B00922,S01,2026-06-09,Dice,Normal,1,32.0,3.1,32.0,ORBITE 2026-27
O001169,B00923,S01,2026-06-09,Dice,Normal,1,32.0,2.34,32.0,ORBITE 2026-27
O001170,B00924,S01,2026-06-10,Site officiel,Carré or,2,46.4,0.0,92.8,ORBITE 2026-27
O001171,B00896,S01,2026-06-10,Ticketmaster,Normal,2,32.0,2.59,64.0,ORBITE 2026-27
O001172,B00925,S01,2026-06-10,Site officiel,Normal,2,32.0,0.0,64.0,ORBITE 2026-27
O001173,B00926,S01,2026-06-10,Ticketmaster,Normal,2,32.0,3.38,64.0,ORBITE 2026-27
O001174,B00927,S01,2026-06-10,Shotgun,Normal,2,32.0,2.72,64.0,ORBITE 2026-27
O001175,B00928,S01,2026-06-10,Site officiel,Normal,2,32.0,0.0,64.0,ORBITE 2026-27
O001176,B00929,S01,2026-06-10,Dice,Normal,1,32.0,2.14,32.0,ORBITE 2026-27
O001177,B00930,S01,2026-06-10,Shotgun,Normal,1,32.0,2.25,32.0,ORBITE 2026-27
O001178,B00931,S01,2026-06-10,Shotgun,Normal,2,32.0,3.15,64.0,ORBITE 2026-27
O001179,B00932,S01,2026-06-10,Site officiel,Normal,2,32.0,0.0,64.0,ORBITE 2026-27
O001180,B00933,S01,2026-06-10,Dice,Normal,2,32.0,3.3,64.0,ORBITE 2026-27
O001181,B00934,S01,2026-06-11,Site officiel,Normal,1,32.0,0.0,32.0,ORBITE 2026-27
O001182,B00935,S01,2026-06-11,Dice,Normal,2,32.0,2.9,64.0,ORBITE 2026-27
O001183,B00936,S01,2026-06-11,Ticketmaster,Normal,2,32.0,2.18,64.0,ORBITE 2026-27
O001184,B00937,S01,2026-06-11,Dice,Prévente,2,28.16,2.73,56.32,ORBITE 2026-27
O001185,B00938,S01,2026-06-11,Shotgun,Normal,3,32.0,2.74,96.0,ORBITE 2026-27
O001186,B00939,S01,2026-06-11,Dice,Normal,1,32.0,2.66,32.0,ORBITE 2026-27
O001187,B00940,S01,2026-06-11,Fnac Spectacles,Normal,2,32.0,2.75,64.0,ORBITE 2026-27
O001188,B00941,S01,2026-06-11,Fnac Spectacles,Normal,2,32.0,2.24,64.0,ORBITE 2026-27
O001189,B00942,S01,2026-06-11,Dice,Normal,2,32.0,2.26,64.0,ORBITE 2026-27
O001190,B00943,S01,2026-06-11,Dice,Normal,2,32.0,3.3,64.0,ORBITE 2026-27
O001191,B00944,S01,2026-06-11,Dice,Normal,2,32.0,3.06,64.0,ORBITE 2026-27
O001192,B00945,S01,2026-06-11,Shotgun,Normal,1,32.0,2.08,32.0,ORBITE 2026-27
O001193,B00946,S01,2026-06-11,Site officiel,Normal,2,32.0,0.0,64.0,ORBITE 2026-27
O001194,B00848,S01,2026-06-12,Shotgun,Carré or,3,46.4,1.91,139.2,ORBITE 2026-27
O001195,B00947,S01,2026-06-12,Dice,Carré or,2,46.4,3.34,92.8,ORBITE 2026-27
O001196,B00828,S01,2026-06-12,Shotgun,Normal,3,32.0,2.4,96.0,ORBITE 2026-27
O001197,B00948,S01,2026-06-12,Fnac Spectacles,Normal,2,32.0,3.37,64.0,ORBITE 2026-27
O001198,B00949,S01,2026-06-12,Site officiel,Normal,2,32.0,0.0,64.0,ORBITE 2026-27
O001199,B00921,S01,2026-06-12,Site officiel,Normal,3,32.0,0.0,96.0,ORBITE 2026-27
O001200,B00950,S01,2026-06-12,Dice,Normal,2,32.0,3.1,64.0,ORBITE 2026-27
O001201,B00951,S01,2026-06-12,Shotgun,Carré or,2,46.4,2.47,92.8,ORBITE 2026-27
O001202,B00952,S01,2026-06-12,Fnac Spectacles,Normal,2,32.0,2.89,64.0,ORBITE 2026-27
O001203,B00953,S01,2026-06-12,Dice,Normal,2,32.0,3.29,64.0,ORBITE 2026-27
O001204,B00954,S01,2026-06-12,Dice,Normal,2,32.0,2.39,64.0,ORBITE 2026-27
O001205,B00955,S01,2026-06-12,Ticketmaster,Normal,2,32.0,2.96,64.0,ORBITE 2026-27
O001206,B00956,S01,2026-06-12,Shotgun,Normal,2,32.0,3.31,64.0,ORBITE 2026-27
O001207,B00957,S01,2026-06-12,Site officiel,Normal,2,32.0,0.0,64.0,ORBITE 2026-27
O001208,B00958,S01,2026-06-12,Dice,Normal,1,32.0,3.36,32.0,ORBITE 2026-27
O001209,B00832,S01,2026-06-12,Ticketmaster,Normal,4,32.0,2.3,128.0,ORBITE 2026-27
O001210,B00959,S01,2026-06-12,Dice,Normal,3,32.0,2.39,96.0,ORBITE 2026-27
O001211,B00960,S01,2026-06-12,Shotgun,Normal,1,32.0,3.1,32.0,ORBITE 2026-27
O001212,B00961,S01,2026-06-13,Dice,Normal,2,32.0,2.49,64.0,ORBITE 2026-27
O001213,B00962,S01,2026-06-13,Shotgun,Normal,2,32.0,3.23,64.0,ORBITE 2026-27
O001214,B00963,S01,2026-06-13,Site officiel,Normal,2,32.0,0.0,64.0,ORBITE 2026-27
O001215,B00964,S01,2026-06-13,Ticketmaster,Normal,2,32.0,2.44,64.0,ORBITE 2026-27
O001216,B00965,S01,2026-06-13,Shotgun,Normal,1,32.0,2.95,32.0,ORBITE 2026-27
O001217,B00732,S01,2026-06-13,Ticketmaster,Normal,2,32.0,2.79,64.0,ORBITE 2026-27
O001218,B00966,S01,2026-06-14,Shotgun,Normal,1,32.0,2.04,32.0,ORBITE 2026-27
O001219,B00967,S01,2026-06-14,Ticketmaster,Normal,2,32.0,2.28,64.0,ORBITE 2026-27
O001220,B00968,S01,2026-06-14,Dice,Normal,2,32.0,3.1,64.0,ORBITE 2026-27
O001221,B00969,S01,2026-06-14,Fnac Spectacles,Normal,1,32.0,2.25,32.0,ORBITE 2026-27
O001222,B00970,S01,2026-06-14,Ticketmaster,Normal,3,32.0,2.73,96.0,ORBITE 2026-27
O001223,B00971,S01,2026-06-14,Site officiel,Carré or,2,46.4,0.0,92.8,ORBITE 2026-27
O001224,B00972,S01,2026-06-14,Ticketmaster,Normal,2,32.0,2.19,64.0,ORBITE 2026-27
O001225,B00973,S01,2026-06-14,Shotgun,Prévente,2,28.16,3.07,56.32,ORBITE 2026-27
O001226,B00974,S01,2026-06-14,Site officiel,Normal,2,32.0,0.0,64.0,ORBITE 2026-27
O001227,B00802,S01,2026-06-14,Ticketmaster,Normal,1,32.0,1.96,32.0,ORBITE 2026-27
O001228,B00975,S01,2026-06-14,Site officiel,Normal,2,32.0,0.0,64.0,ORBITE 2026-27
O001229,B00976,S01,2026-06-14,Ticketmaster,Normal,2,32.0,2.28,64.0,ORBITE 2026-27
O001230,B00977,S01,2026-06-15,Dice,Normal,2,32.0,3.1,64.0,ORBITE 2026-27
O001231,B00978,S01,2026-06-15,Dice,Normal,2,32.0,2.84,64.0,ORBITE 2026-27
O001232,B00979,S01,2026-06-15,Site officiel,Normal,1,32.0,0.0,32.0,ORBITE 2026-27
O001233,B00980,S01,2026-06-15,Shotgun,Normal,2,32.0,1.94,64.0,ORBITE 2026-27
O001234,B00981,S01,2026-06-15,Site officiel,Carré or,2,46.4,0.0,92.8,ORBITE 2026-27
O001235,B00982,S01,2026-06-16,Site officiel,Normal,4,32.0,0.0,128.0,ORBITE 2026-27
O001236,B00417,S01,2026-06-16,Shotgun,Normal,2,32.0,2.32,64.0,ORBITE 2026-27
O001237,B00983,S01,2026-06-16,Fnac Spectacles,Normal,2,32.0,3.37,64.0,ORBITE 2026-27
O001238,B00198,S01,2026-06-16,Site officiel,Normal,3,32.0,0.0,96.0,ORBITE 2026-27
O001239,B00984,S01,2026-06-17,Site officiel,Normal,2,32.0,0.0,64.0,ORBITE 2026-27
O001240,B00985,S01,2026-06-17,Shotgun,Normal,2,32.0,2.73,64.0,ORBITE 2026-27
O001241,B00792,S01,2026-06-17,Site officiel,Normal,2,32.0,0.0,64.0,ORBITE 2026-27
O001242,B00986,S01,2026-06-17,Shotgun,Normal,2,32.0,2.89,64.0,ORBITE 2026-27
O001243,B00987,S01,2026-06-18,Ticketmaster,Normal,1,32.0,2.48,32.0,ORBITE 2026-27
O001244,B00879,S01,2026-06-18,Site officiel,Normal,2,32.0,0.0,64.0,ORBITE 2026-27
O001245,B00988,S01,2026-06-18,Dice,Normal,2,32.0,2.56,64.0,ORBITE 2026-27
O001246,B00989,S01,2026-06-18,Site officiel,Normal,2,32.0,0.0,64.0,ORBITE 2026-27
O001247,B00990,S01,2026-06-18,Site officiel,Normal,2,32.0,0.0,64.0,ORBITE 2026-27
O001248,B00991,S01,2026-06-18,Shotgun,Normal,2,32.0,2.06,64.0,ORBITE 2026-27
O001249,B00992,S01,2026-06-19,Site officiel,Normal,2,32.0,0.0,64.0,ORBITE 2026-27
O001250,B00993,S01,2026-06-19,Dice,Normal,2,32.0,3.02,64.0,ORBITE 2026-27
O001251,B00994,S01,2026-06-19,Dice,Normal,2,32.0,3.31,64.0,ORBITE 2026-27
O001252,B00995,S01,2026-06-19,Fnac Spectacles,Normal,1,32.0,2.07,32.0,ORBITE 2026-27
O001253,B00996,S01,2026-06-19,Site officiel,Normal,3,32.0,0.0,96.0,ORBITE 2026-27
O001254,B00997,S01,2026-06-19,Dice,Normal,2,32.0,3.34,64.0,ORBITE 2026-27
O001255,B00998,S01,2026-06-19,Dice,Normal,2,32.0,2.84,64.0,ORBITE 2026-27
O001256,B00999,S01,2026-06-19,Site officiel,Normal,2,32.0,0.0,64.0,ORBITE 2026-27
O001257,B01000,S01,2026-06-19,Site officiel,Normal,1,32.0,0.0,32.0,ORBITE 2026-27
O001258,B01001,S01,2026-06-19,Fnac Spectacles,Normal,1,32.0,2.99,32.0,ORBITE 2026-27
O001259,B01002,S01,2026-06-19,Shotgun,Normal,2,32.0,3.18,64.0,ORBITE 2026-27
O001260,B01003,S01,2026-06-20,Shotgun,Normal,2,32.0,2.15,64.0,ORBITE 2026-27
O001261,B01004,S01,2026-06-20,Shotgun,Normal,2,32.0,3.02,64.0,ORBITE 2026-27
O001262,B01005,S01,2026-06-20,Fnac Spectacles,Normal,1,32.0,2.15,32.0,ORBITE 2026-27
O001263,B01006,S01,2026-06-20,Dice,Normal,2,32.0,2.32,64.0,ORBITE 2026-27
O001264,B01007,S01,2026-06-20,Ticketmaster,Normal,3,32.0,2.74,96.0,ORBITE 2026-27
O001265,B01008,S01,2026-06-20,Site officiel,Normal,2,32.0,0.0,64.0,ORBITE 2026-27
O001266,B01009,S01,2026-06-21,Site officiel,Normal,1,32.0,0.0,32.0,ORBITE 2026-27
O001267,B01010,S01,2026-06-21,Site officiel,Normal,1,32.0,0.0,32.0,ORBITE 2026-27
O001268,B01011,S01,2026-06-22,Site officiel,Normal,1,32.0,0.0,32.0,ORBITE 2026-27
O001269,B01012,S01,2026-06-22,Dice,Normal,2,32.0,2.55,64.0,ORBITE 2026-27
O001270,B01013,S01,2026-06-22,Dice,Normal,2,32.0,2.82,64.0,ORBITE 2026-27
O001271,B01014,S01,2026-06-22,Ticketmaster,Normal,1,32.0,2.03,32.0,ORBITE 2026-27
O001272,B01015,S01,2026-06-22,Site officiel,Normal,2,32.0,0.0,64.0,ORBITE 2026-27
O001273,B01016,S01,2026-06-22,Dice,Normal,2,32.0,2.52,64.0,ORBITE 2026-27
O001274,B01017,S01,2026-06-22,Shotgun,Normal,2,32.0,2.38,64.0,ORBITE 2026-27
O001275,B01018,S01,2026-06-22,Dice,Normal,2,32.0,2.66,64.0,ORBITE 2026-27
O001276,B01019,S01,2026-06-22,Ticketmaster,Normal,2,32.0,2.34,64.0,ORBITE 2026-27
O001277,B01020,S01,2026-06-23,Site officiel,Normal,1,32.0,0.0,32.0,ORBITE 2026-27
O001278,B01021,S01,2026-06-23,Site officiel,Normal,3,32.0,0.0,96.0,ORBITE 2026-27
O001279,B01022,S01,2026-06-23,Shotgun,Normal,2,32.0,3.18,64.0,ORBITE 2026-27
O001280,B01023,S01,2026-06-23,Fnac Spectacles,Normal,1,32.0,2.56,32.0,ORBITE 2026-27
O001281,B01024,S01,2026-06-24,Site officiel,Normal,4,32.0,0.0,128.0,ORBITE 2026-27
O001282,B01025,S01,2026-06-24,Shotgun,Normal,3,32.0,2.51,96.0,ORBITE 2026-27
O001283,B01026,S01,2026-06-24,Shotgun,Carré or,2,46.4,2.36,92.8,ORBITE 2026-27
O001284,B01027,S01,2026-06-24,Site officiel,Normal,2,32.0,0.0,64.0,ORBITE 2026-27
O001285,B01028,S01,2026-06-24,Shotgun,Normal,1,32.0,2.54,32.0,ORBITE 2026-27
O001286,B01029,S01,2026-06-25,Fnac Spectacles,Normal,2,32.0,1.93,64.0,ORBITE 2026-27
O001287,B01030,S01,2026-06-25,Site officiel,Normal,1,32.0,0.0,32.0,ORBITE 2026-27
O001288,B00242,S01,2026-06-25,Shotgun,Prévente,1,28.16,3.01,28.16,ORBITE 2026-27
O001289,B01031,S01,2026-06-25,Shotgun,Normal,1,32.0,2.11,32.0,ORBITE 2026-27
O001290,B00783,S01,2026-06-26,Dice,Normal,2,32.0,3.27,64.0,ORBITE 2026-27
O001291,B01032,S01,2026-06-26,Site officiel,Normal,2,32.0,0.0,64.0,ORBITE 2026-27
O001292,B01033,S01,2026-06-26,Ticketmaster,Normal,3,32.0,3.23,96.0,ORBITE 2026-27
O001293,B00484,S01,2026-06-27,Fnac Spectacles,Normal,2,32.0,3.11,64.0,ORBITE 2026-27
O001294,B00947,S01,2026-06-27,Ticketmaster,Normal,2,32.0,2.3,64.0,ORBITE 2026-27
O001295,B01034,S01,2026-06-27,Ticketmaster,Normal,1,32.0,2.03,32.0,ORBITE 2026-27
O001296,B01035,S01,2026-06-27,Dice,Normal,2,32.0,3.03,64.0,ORBITE 2026-27
O001297,B01036,S01,2026-06-27,Fnac Spectacles,Normal,2,32.0,2.46,64.0,ORBITE 2026-27
O001298,B01037,S01,2026-06-27,Dice,Normal,3,32.0,2.97,96.0,ORBITE 2026-27
O001299,B01038,S01,2026-06-27,Dice,Normal,1,32.0,2.5,32.0,ORBITE 2026-27
O001300,B01039,S01,2026-06-27,Site officiel,Normal,2,32.0,0.0,64.0,ORBITE 2026-27
O001301,B00508,S01,2026-06-27,Ticketmaster,Normal,2,32.0,2.1,64.0,ORBITE 2026-27
O001302,B01040,S01,2026-06-27,Site officiel,Normal,2,32.0,0.0,64.0,ORBITE 2026-27
O001303,B01041,S01,2026-06-28,Dice,Normal,2,32.0,2.75,64.0,ORBITE 2026-27
O001304,B01042,S01,2026-06-29,Site officiel,Normal,1,32.0,0.0,32.0,ORBITE 2026-27
O001305,B01043,S01,2026-06-29,Dice,Normal,2,32.0,2.58,64.0,ORBITE 2026-27
O001306,B01044,S01,2026-06-29,Fnac Spectacles,Normal,4,32.0,3.31,128.0,ORBITE 2026-27
O001307,B01045,S01,2026-06-29,Site officiel,Normal,3,32.0,0.0,96.0,ORBITE 2026-27
O001308,B01046,S01,2026-06-29,Dice,Normal,2,32.0,2.34,64.0,ORBITE 2026-27
O001309,B01047,S01,2026-06-30,Site officiel,Normal,1,32.0,0.0,32.0,ORBITE 2026-27
O001310,B01048,S01,2026-06-30,Shotgun,Prévente,2,28.16,3.31,56.32,ORBITE 2026-27
O001311,B01049,S01,2026-06-30,Fnac Spectacles,Normal,2,32.0,3.4,64.0,ORBITE 2026-27
O001312,B01050,S01,2026-06-30,Fnac Spectacles,Normal,1,32.0,1.97,32.0,ORBITE 2026-27
O001313,B01037,S01,2026-07-01,Ticketmaster,Normal,2,32.0,2.32,64.0,ORBITE 2026-27
O001314,B01051,S01,2026-07-01,Site officiel,Normal,2,32.0,0.0,64.0,ORBITE 2026-27
O001315,B01052,S01,2026-07-01,Dice,Normal,2,32.0,3.39,64.0,ORBITE 2026-27
O001316,B01053,S01,2026-07-01,Dice,Normal,2,32.0,2.38,64.0,ORBITE 2026-27
O001317,B01054,S01,2026-07-01,Dice,Normal,1,32.0,2.51,32.0,ORBITE 2026-27
O001318,B01055,S01,2026-07-01,Site officiel,Normal,2,32.0,0.0,64.0,ORBITE 2026-27
O001319,B01056,S01,2026-07-01,Shotgun,Carré or,2,46.4,2.87,92.8,ORBITE 2026-27
O001320,B01057,S01,2026-07-01,Site officiel,Normal,4,32.0,0.0,128.0,ORBITE 2026-27
O001321,B01058,S01,2026-07-01,Fnac Spectacles,Normal,2,32.0,3.24,64.0,ORBITE 2026-27
O001322,B01059,S01,2026-07-02,Site officiel,Normal,2,32.0,0.0,64.0,ORBITE 2026-27
O001323,B01060,S01,2026-07-02,Fnac Spectacles,Normal,1,32.0,2.96,32.0,ORBITE 2026-27
O001324,B01061,S01,2026-07-02,Fnac Spectacles,Normal,3,32.0,3.26,96.0,ORBITE 2026-27
O001325,B00955,S01,2026-07-03,Dice,Normal,1,32.0,3.08,32.0,ORBITE 2026-27
O001326,B01062,S01,2026-07-03,Ticketmaster,Normal,1,32.0,2.5,32.0,ORBITE 2026-27
O001327,B01063,S01,2026-07-03,Dice,Normal,1,32.0,2.04,32.0,ORBITE 2026-27
O001328,B01064,S01,2026-07-03,Dice,Carré or,2,46.4,2.02,92.8,ORBITE 2026-27
O001329,B01065,S01,2026-07-03,Site officiel,Normal,2,32.0,0.0,64.0,ORBITE 2026-27
O001330,B01019,S01,2026-07-03,Dice,Normal,2,32.0,3.22,64.0,ORBITE 2026-27
O001331,B01066,S01,2026-07-04,Ticketmaster,Normal,2,32.0,2.29,64.0,ORBITE 2026-27
O001332,B01067,S01,2026-07-04,Dice,Normal,2,32.0,2.99,64.0,ORBITE 2026-27
O001333,B01068,S01,2026-07-04,Site officiel,Normal,2,32.0,0.0,64.0,ORBITE 2026-27
O001334,B00835,S01,2026-07-04,Ticketmaster,Normal,1,32.0,2.46,32.0,ORBITE 2026-27
O001335,B01069,S01,2026-07-04,Site officiel,Normal,3,32.0,0.0,96.0,ORBITE 2026-27
O001336,B01070,S01,2026-07-05,Fnac Spectacles,Normal,2,32.0,2.57,64.0,ORBITE 2026-27
O001337,B01071,S01,2026-07-05,Fnac Spectacles,Normal,2,32.0,2.43,64.0,ORBITE 2026-27
O001338,B01072,S01,2026-07-05,Site officiel,Normal,2,32.0,0.0,64.0,ORBITE 2026-27
O001339,B01073,S01,2026-07-06,Dice,Normal,2,32.0,2.61,64.0,ORBITE 2026-27
O001340,B01074,S01,2026-07-06,Shotgun,Normal,2,32.0,2.73,64.0,ORBITE 2026-27
O001341,B01075,S01,2026-07-06,Shotgun,Normal,2,32.0,3.38,64.0,ORBITE 2026-27
O001342,B01076,S01,2026-07-06,Ticketmaster,Normal,1,32.0,2.11,32.0,ORBITE 2026-27
O001343,B01077,S01,2026-07-06,Site officiel,Normal,1,32.0,0.0,32.0,ORBITE 2026-27
O001344,B01078,S01,2026-07-06,Dice,Normal,2,32.0,3.06,64.0,ORBITE 2026-27
O001345,B01079,S01,2026-07-07,Site officiel,Normal,1,32.0,0.0,32.0,ORBITE 2026-27
O001346,B01080,S01,2026-07-07,Fnac Spectacles,Normal,2,32.0,2.3,64.0,ORBITE 2026-27
O001347,B01081,S01,2026-07-07,Ticketmaster,Normal,1,32.0,2.19,32.0,ORBITE 2026-27
O001348,B01082,S01,2026-07-07,Fnac Spectacles,Normal,1,32.0,2.5,32.0,ORBITE 2026-27
O001349,B01083,S01,2026-07-07,Dice,Prévente,2,28.16,3.01,56.32,ORBITE 2026-27
O001350,B01084,S01,2026-07-07,Fnac Spectacles,Normal,2,32.0,1.96,64.0,ORBITE 2026-27
O001351,B01085,S01,2026-07-07,Site officiel,Normal,1,32.0,0.0,32.0,ORBITE 2026-27
O001352,B01086,S01,2026-07-07,Fnac Spectacles,Normal,2,32.0,2.92,64.0,ORBITE 2026-27
O001353,B01087,S01,2026-07-08,Dice,Normal,2,32.0,3.38,64.0,ORBITE 2026-27
O001354,B01088,S01,2026-07-08,Shotgun,Normal,1,32.0,3.4,32.0,ORBITE 2026-27
O001355,B01089,S01,2026-07-08,Site officiel,Normal,1,32.0,0.0,32.0,ORBITE 2026-27
O001356,B01090,S01,2026-07-08,Dice,Normal,2,32.0,2.62,64.0,ORBITE 2026-27
O001357,B01091,S01,2026-07-08,Dice,Normal,2,32.0,3.39,64.0,ORBITE 2026-27
O001358,B01092,S01,2026-07-09,Shotgun,Normal,2,32.0,3.25,64.0,ORBITE 2026-27
O001359,B01093,S01,2026-07-09,Ticketmaster,Normal,2,32.0,2.88,64.0,ORBITE 2026-27
O001360,B01094,S01,2026-07-09,Shotgun,Normal,2,32.0,2.4,64.0,ORBITE 2026-27
O001361,B00781,S01,2026-07-09,Ticketmaster,Normal,1,32.0,2.32,32.0,ORBITE 2026-27
O001362,B01095,S01,2026-07-10,Ticketmaster,Normal,2,32.0,1.91,64.0,ORBITE 2026-27
O001363,B01096,S01,2026-07-10,Ticketmaster,Normal,2,32.0,2.1,64.0,ORBITE 2026-27
O001364,B01097,S01,2026-07-10,Site officiel,Normal,3,32.0,0.0,96.0,ORBITE 2026-27
O001365,B01085,S01,2026-07-10,Fnac Spectacles,Carré or,1,46.4,2.58,46.4,ORBITE 2026-27
O001366,B01098,S01,2026-07-10,Site officiel,Normal,1,32.0,0.0,32.0,ORBITE 2026-27
O001367,B01099,S01,2026-07-10,Dice,Normal,1,32.0,3.22,32.0,ORBITE 2026-27
O001368,B01074,S01,2026-07-11,Shotgun,Normal,3,32.0,2.57,96.0,ORBITE 2026-27
O001369,B01100,S01,2026-07-11,Shotgun,Normal,1,32.0,2.66,32.0,ORBITE 2026-27
O001370,B01101,S01,2026-07-11,Site officiel,Normal,2,32.0,0.0,64.0,ORBITE 2026-27
O001371,B01102,S01,2026-07-11,Dice,Carré or,2,46.4,2.97,92.8,ORBITE 2026-27
O001372,B01103,S01,2026-07-11,Fnac Spectacles,Normal,2,32.0,2.79,64.0,ORBITE 2026-27
O001373,B01104,S01,2026-07-11,Dice,Normal,3,32.0,2.44,96.0,ORBITE 2026-27
O001374,B01105,S01,2026-07-12,Shotgun,Normal,2,32.0,2.48,64.0,ORBITE 2026-27
O001375,B01106,S01,2026-07-12,Dice,Normal,2,32.0,2.48,64.0,ORBITE 2026-27
O001376,B01107,S01,2026-07-12,Dice,Carré or,1,46.4,3.12,46.4,ORBITE 2026-27
O001377,B01108,S01,2026-07-12,Site officiel,Normal,2,32.0,0.0,64.0,ORBITE 2026-27
O001378,B01109,S01,2026-07-12,Fnac Spectacles,Normal,1,32.0,2.78,32.0,ORBITE 2026-27
O001379,B01110,S01,2026-07-12,Shotgun,Normal,1,32.0,3.02,32.0,ORBITE 2026-27
O001380,B01111,S01,2026-07-12,Ticketmaster,Normal,2,32.0,1.9,64.0,ORBITE 2026-27
O001381,B01112,S01,2026-07-12,Site officiel,Carré or,2,46.4,0.0,92.8,ORBITE 2026-27
O001382,B01113,S01,2026-07-12,Shotgun,Normal,2,32.0,2.26,64.0,ORBITE 2026-27
O001383,B01114,S01,2026-07-12,Site officiel,Normal,2,32.0,0.0,64.0,ORBITE 2026-27
O001384,B01115,S01,2026-07-13,Dice,Carré or,2,46.4,2.14,92.8,ORBITE 2026-27
O001385,B01116,S01,2026-07-13,Fnac Spectacles,Normal,2,32.0,2.0,64.0,ORBITE 2026-27
O001386,B01117,S01,2026-07-13,Ticketmaster,Normal,2,32.0,3.25,64.0,ORBITE 2026-27
O001387,B01118,S01,2026-07-13,Shotgun,Normal,2,32.0,2.6,64.0,ORBITE 2026-27
O001388,B00935,S01,2026-07-13,Site officiel,Normal,1,32.0,0.0,32.0,ORBITE 2026-27
O001389,B01119,S01,2026-07-13,Shotgun,Normal,2,32.0,3.29,64.0,ORBITE 2026-27
O001390,B01120,S01,2026-07-14,Dice,Normal,2,32.0,2.13,64.0,ORBITE 2026-27
O001391,B01121,S01,2026-07-14,Dice,Normal,2,32.0,2.7,64.0,ORBITE 2026-27
O001392,B01122,S01,2026-07-15,Shotgun,Normal,3,32.0,3.32,96.0,ORBITE 2026-27
O001393,B01123,S01,2026-07-15,Site officiel,Normal,2,32.0,0.0,64.0,ORBITE 2026-27
O001394,B00897,S01,2026-07-15,Shotgun,Normal,1,32.0,2.04,32.0,ORBITE 2026-27
O001395,B01124,S01,2026-07-15,Dice,Normal,2,32.0,3.0,64.0,ORBITE 2026-27
O001396,B01125,S01,2026-07-16,Ticketmaster,Normal,2,32.0,2.18,64.0,ORBITE 2026-27
O001397,B01126,S01,2026-07-16,Shotgun,Normal,3,32.0,1.96,96.0,ORBITE 2026-27
O001398,B01127,S01,2026-07-16,Fnac Spectacles,Normal,2,32.0,2.62,64.0,ORBITE 2026-27
O001399,B01128,S01,2026-07-16,Dice,Normal,2,32.0,2.93,64.0,ORBITE 2026-27
O001400,B01129,S01,2026-07-17,Shotgun,Normal,2,32.0,2.0,64.0,ORBITE 2026-27
O001401,B00867,S01,2026-07-17,Dice,Normal,1,32.0,2.98,32.0,ORBITE 2026-27
O001402,B01130,S01,2026-07-17,Dice,Normal,2,32.0,2.92,64.0,ORBITE 2026-27
O001403,B01131,S01,2026-07-17,Ticketmaster,Normal,2,32.0,3.34,64.0,ORBITE 2026-27
O001404,B01132,S01,2026-07-17,Site officiel,Normal,2,32.0,0.0,64.0,ORBITE 2026-27
O001405,B01133,S01,2026-07-18,Dice,Normal,2,32.0,2.66,64.0,ORBITE 2026-27
O001406,B01134,S01,2026-07-18,Fnac Spectacles,Normal,4,32.0,2.97,128.0,ORBITE 2026-27
O001407,B01135,S01,2026-07-18,Site officiel,Normal,1,32.0,0.0,32.0,ORBITE 2026-27
O001408,B01136,S01,2026-07-18,Dice,Normal,3,32.0,1.95,96.0,ORBITE 2026-27
O001409,B01049,S01,2026-07-19,Fnac Spectacles,Normal,2,32.0,3.11,64.0,ORBITE 2026-27
O001410,B01137,S01,2026-07-19,Dice,Normal,2,32.0,3.07,64.0,ORBITE 2026-27
O001411,B01138,S01,2026-07-19,Fnac Spectacles,Normal,3,32.0,2.25,96.0,ORBITE 2026-27
O001412,B01139,S01,2026-07-19,Ticketmaster,Normal,2,32.0,3.35,64.0,ORBITE 2026-27
O001413,B01140,S01,2026-07-19,Site officiel,Normal,2,32.0,0.0,64.0,ORBITE 2026-27
O001414,B01141,S01,2026-07-20,Shotgun,Carré or,2,46.4,2.18,92.8,ORBITE 2026-27
O001415,B00958,S01,2026-07-20,Dice,Carré or,2,46.4,2.29,92.8,ORBITE 2026-27
O001416,B01142,S01,2026-07-20,Shotgun,Normal,2,32.0,3.37,64.0,ORBITE 2026-27
O001417,B01143,S01,2026-07-20,Dice,Normal,2,32.0,2.37,64.0,ORBITE 2026-27
O001418,B01144,S01,2026-07-21,Shotgun,Normal,1,32.0,3.02,32.0,ORBITE 2026-27
O001419,B00837,S01,2026-07-21,Site officiel,Normal,2,32.0,0.0,64.0,ORBITE 2026-27
O001420,B01145,S01,2026-07-21,Shotgun,Carré or,2,46.4,2.59,92.8,ORBITE 2026-27
O001421,B01146,S01,2026-07-21,Site officiel,Normal,1,32.0,0.0,32.0,ORBITE 2026-27
O001422,B01147,S01,2026-07-21,Ticketmaster,Carré or,2,46.4,1.92,92.8,ORBITE 2026-27
O001423,B01148,S01,2026-07-22,Dice,Normal,1,32.0,2.29,32.0,ORBITE 2026-27
O001424,B01149,S01,2026-07-22,Ticketmaster,Carré or,2,46.4,3.05,92.8,ORBITE 2026-27
O001425,B01150,S01,2026-07-23,Ticketmaster,Carré or,2,46.4,2.42,92.8,ORBITE 2026-27
O001426,B01151,S01,2026-07-23,Fnac Spectacles,Normal,2,32.0,2.32,64.0,ORBITE 2026-27
O001427,B01152,S01,2026-07-23,Shotgun,Normal,2,32.0,3.38,64.0,ORBITE 2026-27
O001428,B01153,S01,2026-07-24,Ticketmaster,Normal,3,32.0,3.29,96.0,ORBITE 2026-27
O001429,B01154,S01,2026-07-24,Dice,Normal,2,32.0,3.39,64.0,ORBITE 2026-27
O001430,B01155,S01,2026-07-24,Shotgun,Normal,1,32.0,2.39,32.0,ORBITE 2026-27
O001431,B01156,S01,2026-07-24,Shotgun,Normal,2,32.0,3.33,64.0,ORBITE 2026-27
O001432,B00990,S01,2026-07-25,Shotgun,Normal,2,32.0,2.7,64.0,ORBITE 2026-27
O001433,B01157,S01,2026-07-25,Shotgun,Normal,1,32.0,2.26,32.0,ORBITE 2026-27
O001434,B01158,S01,2026-07-25,Dice,Normal,2,32.0,2.58,64.0,ORBITE 2026-27
O001435,B01159,S01,2026-07-25,Dice,Normal,2,32.0,2.3,64.0,ORBITE 2026-27
O001436,B01160,S01,2026-07-26,Shotgun,Normal,2,32.0,2.46,64.0,ORBITE 2026-27
O001437,B01161,S01,2026-07-26,Ticketmaster,Normal,2,32.0,3.18,64.0,ORBITE 2026-27
O001438,B01162,S01,2026-07-27,Site officiel,Normal,2,32.0,0.0,64.0,ORBITE 2026-27
O001439,B00918,S01,2026-07-27,Shotgun,Normal,1,32.0,1.98,32.0,ORBITE 2026-27
O001440,B01163,S01,2026-07-28,Fnac Spectacles,Normal,1,32.0,2.23,32.0,ORBITE 2026-27
O001441,B01164,S01,2026-07-28,Site officiel,Normal,1,32.0,0.0,32.0,ORBITE 2026-27
O001442,B01165,S01,2026-07-28,Site officiel,Normal,2,32.0,0.0,64.0,ORBITE 2026-27
O001443,B01133,S01,2026-07-28,Ticketmaster,Normal,2,32.0,2.28,64.0,ORBITE 2026-27
O001444,B00806,S01,2026-07-28,Shotgun,Normal,2,32.0,2.54,64.0,ORBITE 2026-27
O001445,B01166,S01,2026-07-29,Ticketmaster,Normal,2,32.0,2.52,64.0,ORBITE 2026-27
O001446,B01167,S01,2026-07-29,Dice,Normal,2,32.0,3.08,64.0,ORBITE 2026-27
O001447,B01168,S01,2026-07-29,Fnac Spectacles,Normal,1,32.0,2.06,32.0,ORBITE 2026-27
O001448,B01169,S01,2026-07-29,Site officiel,Normal,2,32.0,0.0,64.0,ORBITE 2026-27
O001449,B00807,S01,2026-07-30,Site officiel,Normal,1,32.0,0.0,32.0,ORBITE 2026-27
O001450,B01170,S01,2026-07-30,Shotgun,Carré or,2,46.4,3.37,92.8,ORBITE 2026-27
O001451,B00901,S01,2026-07-30,Fnac Spectacles,Normal,2,32.0,3.13,64.0,ORBITE 2026-27
O001452,B01171,S01,2026-07-30,Site officiel,Normal,1,32.0,0.0,32.0,ORBITE 2026-27
O001453,B01172,S01,2026-07-30,Dice,Normal,2,32.0,2.59,64.0,ORBITE 2026-27
O001454,B01173,S01,2026-07-30,Ticketmaster,Normal,2,32.0,2.66,64.0,ORBITE 2026-27
O001455,B01174,S01,2026-07-30,Dice,Normal,1,32.0,2.84,32.0,ORBITE 2026-27
O001456,B01175,S01,2026-07-30,Site officiel,Normal,1,32.0,0.0,32.0,ORBITE 2026-27
O001457,B01176,S01,2026-07-30,Site officiel,Normal,2,32.0,0.0,64.0,ORBITE 2026-27
O001458,B01177,S01,2026-07-31,Dice,Normal,2,32.0,2.6,64.0,ORBITE 2026-27
O001459,B01178,S01,2026-07-31,Site officiel,Normal,2,32.0,0.0,64.0,ORBITE 2026-27
O001460,B01179,S01,2026-07-31,Fnac Spectacles,Normal,1,32.0,2.62,32.0,ORBITE 2026-27
O001461,B01180,S01,2026-07-31,Dice,Carré or,2,46.4,1.97,92.8,ORBITE 2026-27
O001462,B01181,S01,2026-08-01,Shotgun,Normal,1,32.0,3.06,32.0,ORBITE 2026-27
O001463,B01182,S01,2026-08-01,Ticketmaster,Normal,2,32.0,2.06,64.0,ORBITE 2026-27
O001464,B00989,S01,2026-08-01,Site officiel,Normal,2,32.0,0.0,64.0,ORBITE 2026-27
O001465,B01183,S01,2026-08-01,Site officiel,Normal,2,32.0,0.0,64.0,ORBITE 2026-27
O001466,B01184,S01,2026-08-01,Site officiel,Normal,2,32.0,0.0,64.0,ORBITE 2026-27
O001467,B01185,S01,2026-08-01,Shotgun,Carré or,1,46.4,3.11,46.4,ORBITE 2026-27
O001468,B01186,S01,2026-08-02,Dice,Normal,2,32.0,2.72,64.0,ORBITE 2026-27
O001469,B01187,S01,2026-08-02,Shotgun,Normal,2,32.0,2.26,64.0,ORBITE 2026-27
O001470,B01188,S01,2026-08-02,Site officiel,Normal,2,32.0,0.0,64.0,ORBITE 2026-27
O001471,B01189,S01,2026-08-02,Ticketmaster,Normal,2,32.0,2.2,64.0,ORBITE 2026-27
O001472,B01190,S01,2026-08-02,Ticketmaster,Normal,2,32.0,2.87,64.0,ORBITE 2026-27
O001473,B01191,S01,2026-08-02,Dice,Prévente,2,28.16,2.51,56.32,ORBITE 2026-27
O001474,B01192,S01,2026-08-02,Dice,Normal,2,32.0,3.31,64.0,ORBITE 2026-27
O001475,B01193,S01,2026-08-03,Site officiel,Carré or,2,46.4,0.0,92.8,ORBITE 2026-27
O001476,B01194,S01,2026-08-03,Site officiel,Normal,2,32.0,0.0,64.0,ORBITE 2026-27
O001477,B01195,S01,2026-08-04,Site officiel,Normal,1,32.0,0.0,32.0,ORBITE 2026-27
O001478,B01196,S01,2026-08-04,Site officiel,Normal,2,32.0,0.0,64.0,ORBITE 2026-27
O001479,B01197,S02,2026-06-02,Dice,Carré or,1,49.3,2.42,49.3,ORBITE 2026-27
O001480,B00573,S02,2026-06-02,Fnac Spectacles,Carré or,2,49.3,2.07,98.6,ORBITE 2026-27
O001481,B01198,S02,2026-06-02,Shotgun,Normal,2,34.0,2.77,68.0,ORBITE 2026-27
O001482,B01199,S02,2026-06-02,Dice,Normal,1,34.0,2.76,34.0,ORBITE 2026-27
O001483,B01200,S02,2026-06-02,Site officiel,Normal,2,34.0,0.0,68.0,ORBITE 2026-27
O001484,B01201,S02,2026-06-02,Dice,Normal,4,34.0,2.47,136.0,ORBITE 2026-27
O001485,B00363,S02,2026-06-02,Site officiel,Normal,2,34.0,0.0,68.0,ORBITE 2026-27
O001486,B01202,S02,2026-06-02,Site officiel,Normal,2,34.0,0.0,68.0,ORBITE 2026-27
O001487,B01203,S02,2026-06-02,Dice,Normal,2,34.0,3.22,68.0,ORBITE 2026-27
O001488,B01204,S02,2026-06-02,Ticketmaster,Prévente,1,29.92,2.41,29.92,ORBITE 2026-27
O001489,B00928,S02,2026-06-02,Site officiel,Normal,3,34.0,0.0,102.0,ORBITE 2026-27
O001490,B01205,S02,2026-06-02,Shotgun,Normal,2,34.0,2.9,68.0,ORBITE 2026-27
O001491,B01206,S02,2026-06-02,Shotgun,Normal,1,34.0,2.69,34.0,ORBITE 2026-27
O001492,B00760,S02,2026-06-02,Fnac Spectacles,Normal,2,34.0,2.06,68.0,ORBITE 2026-27
O001493,B01207,S02,2026-06-02,Fnac Spectacles,Normal,1,34.0,2.06,34.0,ORBITE 2026-27
O001494,B00737,S02,2026-06-02,Shotgun,Prévente,1,29.92,2.09,29.92,ORBITE 2026-27
O001495,B01208,S02,2026-06-02,Ticketmaster,Normal,2,34.0,3.17,68.0,ORBITE 2026-27
O001496,B01209,S02,2026-06-02,Dice,Normal,2,34.0,3.32,68.0,ORBITE 2026-27
O001497,B01210,S02,2026-06-02,Dice,Normal,1,34.0,2.37,34.0,ORBITE 2026-27
O001498,B00657,S02,2026-06-02,Ticketmaster,Normal,3,34.0,2.2,102.0,ORBITE 2026-27
O001499,B01211,S02,2026-06-02,Ticketmaster,Normal,3,34.0,3.32,102.0,ORBITE 2026-27
O001500,B01212,S02,2026-06-02,Shotgun,Prévente,2,29.92,2.76,59.84,ORBITE 2026-27
O001501,B01213,S02,2026-06-02,Shotgun,Normal,2,34.0,3.12,68.0,ORBITE 2026-27
O001502,B01214,S02,2026-06-02,Site officiel,Normal,1,34.0,0.0,34.0,ORBITE 2026-27
O001503,B01215,S02,2026-06-02,Site officiel,Normal,2,34.0,0.0,68.0,ORBITE 2026-27
O001504,B00494,S02,2026-06-02,Dice,Normal,2,34.0,2.13,68.0,ORBITE 2026-27
O001505,B01216,S02,2026-06-02,Ticketmaster,Normal,2,34.0,2.81,68.0,ORBITE 2026-27
O001506,B01217,S02,2026-06-02,Site officiel,Normal,2,34.0,0.0,68.0,ORBITE 2026-27
O001507,B01218,S02,2026-06-02,Site officiel,Normal,2,34.0,0.0,68.0,ORBITE 2026-27
O001508,B01219,S02,2026-06-02,Site officiel,Normal,2,34.0,0.0,68.0,ORBITE 2026-27
O001509,B00019,S02,2026-06-02,Dice,Normal,2,34.0,3.01,68.0,ORBITE 2026-27
O001510,B00059,S02,2026-06-02,Shotgun,Normal,2,34.0,3.38,68.0,ORBITE 2026-27
O001511,B01188,S02,2026-06-02,Fnac Spectacles,Prévente,2,29.92,2.14,59.84,ORBITE 2026-27
O001512,B01220,S02,2026-06-02,Fnac Spectacles,Normal,3,34.0,3.31,102.0,ORBITE 2026-27
O001513,B01221,S02,2026-06-02,Site officiel,Normal,1,34.0,0.0,34.0,ORBITE 2026-27
O001514,B01222,S02,2026-06-02,Dice,Normal,2,34.0,2.27,68.0,ORBITE 2026-27
O001515,B01223,S02,2026-06-02,Dice,Normal,2,34.0,3.36,68.0,ORBITE 2026-27
O001516,B01224,S02,2026-06-02,Site officiel,Normal,2,34.0,0.0,68.0,ORBITE 2026-27
O001517,B01225,S02,2026-06-02,Site officiel,Normal,2,34.0,0.0,68.0,ORBITE 2026-27
O001518,B01189,S02,2026-06-02,Site officiel,Normal,2,34.0,0.0,68.0,ORBITE 2026-27
O001519,B01226,S02,2026-06-02,Shotgun,Prévente,4,29.92,2.41,119.68,ORBITE 2026-27
O001520,B01227,S02,2026-06-02,Site officiel,Prévente,2,29.92,0.0,59.84,ORBITE 2026-27
O001521,B01228,S02,2026-06-02,Fnac Spectacles,Prévente,2,29.92,3.09,59.84,ORBITE 2026-27
O001522,B01229,S02,2026-06-02,Fnac Spectacles,Normal,2,34.0,2.95,68.0,ORBITE 2026-27
O001523,B01230,S02,2026-06-02,Shotgun,Prévente,1,29.92,2.32,29.92,ORBITE 2026-27
O001524,B01231,S02,2026-06-02,Ticketmaster,Normal,2,34.0,2.23,68.0,ORBITE 2026-27
O001525,B01232,S02,2026-06-02,Dice,Prévente,2,29.92,2.62,59.84,ORBITE 2026-27
O001526,B01233,S02,2026-06-02,Site officiel,Normal,1,34.0,0.0,34.0,ORBITE 2026-27
O001527,B01234,S02,2026-06-02,Site officiel,Normal,2,34.0,0.0,68.0,ORBITE 2026-27
O001528,B01235,S02,2026-06-02,Site officiel,Prévente,3,29.92,0.0,89.76,ORBITE 2026-27
O001529,B01236,S02,2026-06-02,Shotgun,Normal,3,34.0,2.09,102.0,ORBITE 2026-27
O001530,B01237,S02,2026-06-02,Ticketmaster,Normal,2,34.0,2.45,68.0,ORBITE 2026-27
O001531,B00672,S02,2026-06-02,Fnac Spectacles,Normal,2,34.0,2.18,68.0,ORBITE 2026-27
O001532,B01012,S02,2026-06-02,Dice,Normal,2,34.0,3.39,68.0,ORBITE 2026-27
O001533,B01238,S02,2026-06-02,Shotgun,Normal,2,34.0,2.24,68.0,ORBITE 2026-27
O001534,B01239,S02,2026-06-02,Ticketmaster,Normal,1,34.0,3.18,34.0,ORBITE 2026-27
O001535,B01240,S02,2026-06-02,Site officiel,Normal,2,34.0,0.0,68.0,ORBITE 2026-27
O001536,B01241,S02,2026-06-02,Fnac Spectacles,Normal,2,34.0,2.71,68.0,ORBITE 2026-27
O001537,B01242,S02,2026-06-02,Dice,Normal,2,34.0,3.28,68.0,ORBITE 2026-27
O001538,B01243,S02,2026-06-02,Site officiel,Normal,1,34.0,0.0,34.0,ORBITE 2026-27
O001539,B00471,S02,2026-06-02,Shotgun,Normal,4,34.0,1.96,136.0,ORBITE 2026-27
O001540,B01018,S02,2026-06-02,Site officiel,Prévente,2,29.92,0.0,59.84,ORBITE 2026-27
O001541,B00714,S02,2026-06-02,Shotgun,Normal,2,34.0,3.38,68.0,ORBITE 2026-27
O001542,B00788,S02,2026-06-02,Dice,Normal,2,34.0,1.96,68.0,ORBITE 2026-27
O001543,B01244,S02,2026-06-02,Shotgun,Normal,2,34.0,3.29,68.0,ORBITE 2026-27
O001544,B01245,S02,2026-06-02,Site officiel,Normal,2,34.0,0.0,68.0,ORBITE 2026-27
O001545,B01246,S02,2026-06-02,Site officiel,Normal,2,34.0,0.0,68.0,ORBITE 2026-27
O001546,B01247,S02,2026-06-02,Fnac Spectacles,Normal,2,34.0,3.21,68.0,ORBITE 2026-27
O001547,B01248,S02,2026-06-02,Shotgun,Normal,2,34.0,1.94,68.0,ORBITE 2026-27
O001548,B01249,S02,2026-06-02,Site officiel,Normal,2,34.0,0.0,68.0,ORBITE 2026-27
O001549,B01250,S02,2026-06-02,Site officiel,Normal,2,34.0,0.0,68.0,ORBITE 2026-27
O001550,B01251,S02,2026-06-02,Site officiel,Prévente,2,29.92,0.0,59.84,ORBITE 2026-27
O001551,B01252,S02,2026-06-02,Fnac Spectacles,Normal,2,34.0,3.36,68.0,ORBITE 2026-27
O001552,B00812,S02,2026-06-02,Dice,Normal,1,34.0,2.47,34.0,ORBITE 2026-27
O001553,B01253,S02,2026-06-02,Shotgun,Normal,1,34.0,1.93,34.0,ORBITE 2026-27
O001554,B01254,S02,2026-06-02,Site officiel,Normal,2,34.0,0.0,68.0,ORBITE 2026-27
O001555,B01255,S02,2026-06-02,Dice,Normal,2,34.0,3.23,68.0,ORBITE 2026-27
O001556,B01256,S02,2026-06-02,Ticketmaster,Normal,2,34.0,2.64,68.0,ORBITE 2026-27
O001557,B01257,S02,2026-06-02,Dice,Normal,3,34.0,2.89,102.0,ORBITE 2026-27
O001558,B01258,S02,2026-06-02,Ticketmaster,Normal,3,34.0,2.2,102.0,ORBITE 2026-27
O001559,B01259,S02,2026-06-02,Site officiel,Prévente,3,29.92,0.0,89.76,ORBITE 2026-27
O001560,B01260,S02,2026-06-02,Fnac Spectacles,Normal,2,34.0,3.38,68.0,ORBITE 2026-27
O001561,B01261,S02,2026-06-02,Fnac Spectacles,Normal,2,34.0,2.16,68.0,ORBITE 2026-27
O001562,B01262,S02,2026-06-02,Site officiel,Normal,2,34.0,0.0,68.0,ORBITE 2026-27
O001563,B01263,S02,2026-06-02,Site officiel,Normal,2,34.0,0.0,68.0,ORBITE 2026-27
O001564,B01264,S02,2026-06-02,Shotgun,Normal,2,34.0,3.07,68.0,ORBITE 2026-27
O001565,B01265,S02,2026-06-02,Ticketmaster,Normal,3,34.0,3.12,102.0,ORBITE 2026-27
O001566,B01266,S02,2026-06-03,Site officiel,Normal,2,34.0,0.0,68.0,ORBITE 2026-27
O001567,B00843,S02,2026-06-03,Shotgun,Normal,2,34.0,2.35,68.0,ORBITE 2026-27
O001568,B01267,S02,2026-06-03,Fnac Spectacles,Prévente,1,29.92,2.84,29.92,ORBITE 2026-27
O001569,B00753,S02,2026-06-03,Fnac Spectacles,Normal,2,34.0,2.77,68.0,ORBITE 2026-27
O001570,B01268,S02,2026-06-03,Site officiel,Normal,2,34.0,0.0,68.0,ORBITE 2026-27
O001571,B01269,S02,2026-06-03,Shotgun,Prévente,2,29.92,2.46,59.84,ORBITE 2026-27
O001572,B01270,S02,2026-06-03,Dice,Normal,2,34.0,3.03,68.0,ORBITE 2026-27
O001573,B01271,S02,2026-06-03,Site officiel,Normal,1,34.0,0.0,34.0,ORBITE 2026-27
O001574,B01272,S02,2026-06-03,Site officiel,Normal,4,34.0,0.0,136.0,ORBITE 2026-27
O001575,B01273,S02,2026-06-03,Site officiel,Prévente,2,29.92,0.0,59.84,ORBITE 2026-27
O001576,B01274,S02,2026-06-03,Site officiel,Normal,2,34.0,0.0,68.0,ORBITE 2026-27
O001577,B01275,S02,2026-06-03,Shotgun,Prévente,2,29.92,2.56,59.84,ORBITE 2026-27
O001578,B01276,S02,2026-06-03,Dice,Normal,2,34.0,3.31,68.0,ORBITE 2026-27
O001579,B00158,S02,2026-06-03,Ticketmaster,Normal,1,34.0,2.56,34.0,ORBITE 2026-27
O001580,B00896,S02,2026-06-03,Dice,Normal,3,34.0,2.03,102.0,ORBITE 2026-27
O001581,B01277,S02,2026-06-03,Site officiel,Prévente,2,29.92,0.0,59.84,ORBITE 2026-27
O001582,B01278,S02,2026-06-03,Shotgun,Normal,2,34.0,2.36,68.0,ORBITE 2026-27
O001583,B00577,S02,2026-06-03,Shotgun,Normal,3,34.0,2.33,102.0,ORBITE 2026-27
O001584,B01279,S02,2026-06-03,Site officiel,Normal,2,34.0,0.0,68.0,ORBITE 2026-27
O001585,B01280,S02,2026-06-03,Site officiel,Normal,1,34.0,0.0,34.0,ORBITE 2026-27
O001586,B01281,S02,2026-06-03,Ticketmaster,Normal,2,34.0,3.09,68.0,ORBITE 2026-27
O001587,B01282,S02,2026-06-03,Ticketmaster,Normal,2,34.0,2.67,68.0,ORBITE 2026-27
O001588,B01283,S02,2026-06-03,Dice,Normal,2,34.0,3.3,68.0,ORBITE 2026-27
O001589,B01284,S02,2026-06-03,Dice,Normal,1,34.0,1.97,34.0,ORBITE 2026-27
O001590,B00686,S02,2026-06-03,Dice,Normal,2,34.0,3.08,68.0,ORBITE 2026-27
O001591,B01285,S02,2026-06-03,Fnac Spectacles,Normal,2,34.0,2.25,68.0,ORBITE 2026-27
O001592,B01286,S02,2026-06-03,Ticketmaster,Normal,1,34.0,2.3,34.0,ORBITE 2026-27
O001593,B01287,S02,2026-06-03,Shotgun,Normal,2,34.0,2.75,68.0,ORBITE 2026-27
O001594,B01288,S02,2026-06-03,Ticketmaster,Prévente,1,29.92,2.59,29.92,ORBITE 2026-27
O001595,B01289,S02,2026-06-03,Ticketmaster,Normal,2,34.0,3.26,68.0,ORBITE 2026-27
O001596,B01290,S02,2026-06-03,Fnac Spectacles,Carré or,1,49.3,2.9,49.3,ORBITE 2026-27
O001597,B01291,S02,2026-06-03,Site officiel,Normal,2,34.0,0.0,68.0,ORBITE 2026-27
O001598,B01292,S02,2026-06-03,Dice,Normal,2,34.0,2.03,68.0,ORBITE 2026-27
O001599,B01293,S02,2026-06-03,Shotgun,Normal,2,34.0,2.62,68.0,ORBITE 2026-27
O001600,B01294,S02,2026-06-03,Shotgun,Normal,2,34.0,2.98,68.0,ORBITE 2026-27
O001601,B01295,S02,2026-06-03,Ticketmaster,Normal,2,34.0,2.69,68.0,ORBITE 2026-27
O001602,B01296,S02,2026-06-03,Shotgun,Normal,4,34.0,2.96,136.0,ORBITE 2026-27
O001603,B01297,S02,2026-06-03,Dice,Prévente,1,29.92,1.95,29.92,ORBITE 2026-27
O001604,B01298,S02,2026-06-03,Ticketmaster,Normal,2,34.0,2.86,68.0,ORBITE 2026-27
O001605,B01299,S02,2026-06-03,Shotgun,Normal,2,34.0,3.36,68.0,ORBITE 2026-27
O001606,B01300,S02,2026-06-03,Site officiel,Prévente,2,29.92,0.0,59.84,ORBITE 2026-27
O001607,B01301,S02,2026-06-03,Fnac Spectacles,Normal,2,34.0,2.02,68.0,ORBITE 2026-27
O001608,B00533,S02,2026-06-03,Shotgun,Prévente,2,29.92,2.14,59.84,ORBITE 2026-27
O001609,B01302,S02,2026-06-03,Dice,Prévente,4,29.92,3.18,119.68,ORBITE 2026-27
O001610,B01303,S02,2026-06-03,Dice,Normal,2,34.0,2.38,68.0,ORBITE 2026-27
O001611,B00335,S02,2026-06-03,Shotgun,Normal,1,34.0,2.73,34.0,ORBITE 2026-27
O001612,B01304,S02,2026-06-04,Dice,Normal,2,34.0,1.93,68.0,ORBITE 2026-27
O001613,B00329,S02,2026-06-04,Dice,Prévente,1,29.92,2.09,29.92,ORBITE 2026-27
O001614,B01305,S02,2026-06-04,Site officiel,Normal,2,34.0,0.0,68.0,ORBITE 2026-27
O001615,B00219,S02,2026-06-04,Fnac Spectacles,Normal,2,34.0,2.16,68.0,ORBITE 2026-27
O001616,B01306,S02,2026-06-04,Site officiel,Prévente,2,29.92,0.0,59.84,ORBITE 2026-27
O001617,B01307,S02,2026-06-04,Ticketmaster,Normal,1,34.0,3.27,34.0,ORBITE 2026-27
O001618,B01308,S02,2026-06-04,Dice,Normal,1,34.0,2.75,34.0,ORBITE 2026-27
O001619,B00877,S02,2026-06-04,Shotgun,Carré or,2,49.3,2.4,98.6,ORBITE 2026-27
O001620,B01309,S02,2026-06-04,Site officiel,Carré or,1,49.3,0.0,49.3,ORBITE 2026-27
O001621,B01310,S02,2026-06-04,Shotgun,Normal,2,34.0,2.01,68.0,ORBITE 2026-27
O001622,B00540,S02,2026-06-04,Site officiel,Normal,2,34.0,0.0,68.0,ORBITE 2026-27
O001623,B01311,S02,2026-06-04,Site officiel,Normal,2,34.0,0.0,68.0,ORBITE 2026-27
O001624,B01312,S02,2026-06-04,Site officiel,Normal,2,34.0,0.0,68.0,ORBITE 2026-27
O001625,B01313,S02,2026-06-04,Site officiel,Normal,2,34.0,0.0,68.0,ORBITE 2026-27
O001626,B01314,S02,2026-06-04,Dice,Normal,2,34.0,2.74,68.0,ORBITE 2026-27
O001627,B01315,S02,2026-06-04,Ticketmaster,Normal,2,34.0,2.81,68.0,ORBITE 2026-27
O001628,B01316,S02,2026-06-04,Site officiel,Normal,1,34.0,0.0,34.0,ORBITE 2026-27
O001629,B00251,S02,2026-06-04,Dice,Normal,2,34.0,2.3,68.0,ORBITE 2026-27
O001630,B01317,S02,2026-06-04,Dice,Normal,1,34.0,2.96,34.0,ORBITE 2026-27
O001631,B01318,S02,2026-06-04,Ticketmaster,Prévente,2,29.92,2.73,59.84,ORBITE 2026-27
O001632,B01319,S02,2026-06-04,Fnac Spectacles,Normal,1,34.0,2.11,34.0,ORBITE 2026-27
O001633,B01320,S02,2026-06-04,Dice,Normal,2,34.0,2.06,68.0,ORBITE 2026-27
O001634,B01321,S02,2026-06-04,Site officiel,Normal,2,34.0,0.0,68.0,ORBITE 2026-27
O001635,B01322,S02,2026-06-04,Dice,Normal,2,34.0,2.03,68.0,ORBITE 2026-27
O001636,B00550,S02,2026-06-04,Fnac Spectacles,Normal,1,34.0,2.97,34.0,ORBITE 2026-27
O001637,B01323,S02,2026-06-04,Site officiel,Normal,2,34.0,0.0,68.0,ORBITE 2026-27
O001638,B01324,S02,2026-06-04,Site officiel,Prévente,2,29.92,0.0,59.84,ORBITE 2026-27
O001639,B00893,S02,2026-06-04,Site officiel,Prévente,2,29.92,0.0,59.84,ORBITE 2026-27
O001640,B01325,S02,2026-06-04,Site officiel,Carré or,3,49.3,0.0,147.9,ORBITE 2026-27
O001641,B01326,S02,2026-06-04,Dice,Normal,2,34.0,2.58,68.0,ORBITE 2026-27
O001642,B01327,S02,2026-06-04,Fnac Spectacles,Normal,2,34.0,2.36,68.0,ORBITE 2026-27
O001643,B01328,S02,2026-06-04,Dice,Normal,1,34.0,2.72,34.0,ORBITE 2026-27
O001644,B01103,S02,2026-06-04,Ticketmaster,Normal,2,34.0,1.91,68.0,ORBITE 2026-27
O001645,B01329,S02,2026-06-04,Dice,Normal,3,34.0,2.49,102.0,ORBITE 2026-27
O001646,B01330,S02,2026-06-04,Shotgun,Normal,2,34.0,2.57,68.0,ORBITE 2026-27
O001647,B01331,S02,2026-06-04,Dice,Normal,2,34.0,3.21,68.0,ORBITE 2026-27
O001648,B01204,S02,2026-06-04,Site officiel,Normal,1,34.0,0.0,34.0,ORBITE 2026-27
O001649,B01332,S02,2026-06-04,Site officiel,Normal,1,34.0,0.0,34.0,ORBITE 2026-27
O001650,B01333,S02,2026-06-04,Ticketmaster,Carré or,2,49.3,3.26,98.6,ORBITE 2026-27
O001651,B01334,S02,2026-06-04,Shotgun,Normal,2,34.0,3.33,68.0,ORBITE 2026-27
O001652,B01025,S02,2026-06-04,Site officiel,Normal,1,34.0,0.0,34.0,ORBITE 2026-27
O001653,B01335,S02,2026-06-04,Dice,Carré or,2,49.3,2.28,98.6,ORBITE 2026-27
O001654,B01336,S02,2026-06-04,Fnac Spectacles,Prévente,2,29.92,2.18,59.84,ORBITE 2026-27
O001655,B01337,S02,2026-06-05,Fnac Spectacles,Normal,4,34.0,2.07,136.0,ORBITE 2026-27
O001656,B00783,S02,2026-06-05,Fnac Spectacles,Normal,2,34.0,2.9,68.0,ORBITE 2026-27
O001657,B01338,S02,2026-06-05,Dice,Normal,2,34.0,2.3,68.0,ORBITE 2026-27
O001658,B01339,S02,2026-06-05,Site officiel,Normal,2,34.0,0.0,68.0,ORBITE 2026-27
O001659,B01045,S02,2026-06-05,Dice,Normal,2,34.0,2.57,68.0,ORBITE 2026-27
O001660,B01340,S02,2026-06-05,Ticketmaster,Normal,1,34.0,3.24,34.0,ORBITE 2026-27
O001661,B01341,S02,2026-06-05,Dice,Prévente,2,29.92,3.34,59.84,ORBITE 2026-27
O001662,B01342,S02,2026-06-05,Site officiel,Prévente,2,29.92,0.0,59.84,ORBITE 2026-27
O001663,B01343,S02,2026-06-05,Dice,Normal,2,34.0,3.05,68.0,ORBITE 2026-27
O001664,B01344,S02,2026-06-05,Fnac Spectacles,Normal,1,34.0,2.12,34.0,ORBITE 2026-27
O001665,B01345,S02,2026-06-05,Site officiel,Normal,1,34.0,0.0,34.0,ORBITE 2026-27
O001666,B01346,S02,2026-06-05,Dice,Normal,2,34.0,1.9,68.0,ORBITE 2026-27
O001667,B01347,S02,2026-06-05,Dice,Normal,2,34.0,2.36,68.0,ORBITE 2026-27
O001668,B01348,S02,2026-06-05,Fnac Spectacles,Normal,1,34.0,2.67,34.0,ORBITE 2026-27
O001669,B01349,S02,2026-06-05,Site officiel,Normal,2,34.0,0.0,68.0,ORBITE 2026-27
O001670,B00747,S02,2026-06-05,Site officiel,Normal,2,34.0,0.0,68.0,ORBITE 2026-27
O001671,B01350,S02,2026-06-05,Dice,Normal,2,34.0,2.8,68.0,ORBITE 2026-27
O001672,B01351,S02,2026-06-05,Site officiel,Normal,2,34.0,0.0,68.0,ORBITE 2026-27
O001673,B01352,S02,2026-06-05,Ticketmaster,Normal,1,34.0,2.59,34.0,ORBITE 2026-27
O001674,B01353,S02,2026-06-05,Fnac Spectacles,Normal,2,34.0,2.16,68.0,ORBITE 2026-27
O001675,B01354,S02,2026-06-05,Dice,Prévente,2,29.92,1.95,59.84,ORBITE 2026-27
O001676,B01355,S02,2026-06-05,Shotgun,Normal,2,34.0,3.37,68.0,ORBITE 2026-27
O001677,B01356,S02,2026-06-05,Ticketmaster,Normal,1,34.0,2.2,34.0,ORBITE 2026-27
O001678,B01357,S02,2026-06-05,Site officiel,Normal,2,34.0,0.0,68.0,ORBITE 2026-27
O001679,B01358,S02,2026-06-05,Site officiel,Normal,1,34.0,0.0,34.0,ORBITE 2026-27
O001680,B01359,S02,2026-06-05,Shotgun,Normal,1,34.0,3.24,34.0,ORBITE 2026-27
O001681,B01360,S02,2026-06-05,Site officiel,Prévente,2,29.92,0.0,59.84,ORBITE 2026-27
O001682,B01361,S02,2026-06-05,Ticketmaster,Normal,1,34.0,2.68,34.0,ORBITE 2026-27
O001683,B01362,S02,2026-06-05,Dice,Normal,1,34.0,2.68,34.0,ORBITE 2026-27
O001684,B01363,S02,2026-06-05,Dice,Normal,2,34.0,2.3,68.0,ORBITE 2026-27
O001685,B01364,S02,2026-06-05,Fnac Spectacles,Normal,1,34.0,2.31,34.0,ORBITE 2026-27
O001686,B00864,S02,2026-06-05,Site officiel,Normal,3,34.0,0.0,102.0,ORBITE 2026-27
O001687,B01365,S02,2026-06-05,Fnac Spectacles,Prévente,1,29.92,3.39,29.92,ORBITE 2026-27
O001688,B01366,S02,2026-06-05,Shotgun,Normal,2,34.0,3.37,68.0,ORBITE 2026-27
O001689,B01367,S02,2026-06-06,Shotgun,Normal,3,34.0,3.04,102.0,ORBITE 2026-27
O001690,B01292,S02,2026-06-06,Fnac Spectacles,Normal,2,34.0,2.02,68.0,ORBITE 2026-27
O001691,B01368,S02,2026-06-06,Site officiel,Prévente,1,29.92,0.0,29.92,ORBITE 2026-27
O001692,B01369,S02,2026-06-06,Ticketmaster,Prévente,2,29.92,2.25,59.84,ORBITE 2026-27
O001693,B01370,S02,2026-06-06,Site officiel,Normal,2,34.0,0.0,68.0,ORBITE 2026-27
O001694,B01371,S02,2026-06-06,Shotgun,Normal,2,34.0,2.11,68.0,ORBITE 2026-27
O001695,B01118,S02,2026-06-06,Ticketmaster,Normal,2,34.0,3.2,68.0,ORBITE 2026-27
O001696,B01372,S02,2026-06-06,Fnac Spectacles,Normal,1,34.0,2.52,34.0,ORBITE 2026-27
O001697,B01181,S02,2026-06-06,Dice,Normal,2,34.0,3.02,68.0,ORBITE 2026-27
O001698,B01373,S02,2026-06-06,Dice,Normal,1,34.0,3.14,34.0,ORBITE 2026-27
O001699,B01374,S02,2026-06-06,Ticketmaster,Prévente,2,29.92,2.96,59.84,ORBITE 2026-27
O001700,B01375,S02,2026-06-06,Dice,Normal,1,34.0,2.24,34.0,ORBITE 2026-27
O001701,B01376,S02,2026-06-06,Ticketmaster,Normal,3,34.0,2.48,102.0,ORBITE 2026-27
O001702,B01377,S02,2026-06-06,Dice,Normal,2,34.0,3.05,68.0,ORBITE 2026-27
O001703,B01378,S02,2026-06-06,Dice,Prévente,1,29.92,2.5,29.92,ORBITE 2026-27
O001704,B00377,S02,2026-06-06,Fnac Spectacles,Normal,1,34.0,2.53,34.0,ORBITE 2026-27
O001705,B00559,S02,2026-06-06,Dice,Normal,4,34.0,2.98,136.0,ORBITE 2026-27
O001706,B01379,S02,2026-06-06,Dice,Normal,2,34.0,2.16,68.0,ORBITE 2026-27
O001707,B01380,S02,2026-06-06,Dice,Normal,2,34.0,2.23,68.0,ORBITE 2026-27
O001708,B01381,S02,2026-06-06,Fnac Spectacles,Normal,3,34.0,2.88,102.0,ORBITE 2026-27
O001709,B01382,S02,2026-06-06,Dice,Prévente,2,29.92,2.49,59.84,ORBITE 2026-27
O001710,B01383,S02,2026-06-06,Site officiel,Normal,1,34.0,0.0,34.0,ORBITE 2026-27
O001711,B01384,S02,2026-06-07,Dice,Normal,2,34.0,2.59,68.0,ORBITE 2026-27
O001712,B00635,S02,2026-06-07,Ticketmaster,Normal,2,34.0,2.76,68.0,ORBITE 2026-27
O001713,B01385,S02,2026-06-07,Dice,Normal,1,34.0,2.1,34.0,ORBITE 2026-27
O001714,B01386,S02,2026-06-07,Ticketmaster,Normal,1,34.0,2.28,34.0,ORBITE 2026-27
O001715,B00417,S02,2026-06-07,Ticketmaster,Normal,1,34.0,3.09,34.0,ORBITE 2026-27
O001716,B01387,S02,2026-06-07,Shotgun,Normal,2,34.0,3.16,68.0,ORBITE 2026-27
O001717,B01388,S02,2026-06-07,Shotgun,Normal,2,34.0,3.22,68.0,ORBITE 2026-27
O001718,B01293,S02,2026-06-07,Site officiel,Normal,1,34.0,0.0,34.0,ORBITE 2026-27
O001719,B01389,S02,2026-06-07,Site officiel,Normal,2,34.0,0.0,68.0,ORBITE 2026-27
O001720,B01112,S02,2026-06-07,Ticketmaster,Normal,2,34.0,1.94,68.0,ORBITE 2026-27
O001721,B01390,S02,2026-06-07,Ticketmaster,Normal,1,34.0,1.96,34.0,ORBITE 2026-27
O001722,B01391,S02,2026-06-07,Dice,Normal,4,34.0,2.77,136.0,ORBITE 2026-27
O001723,B01392,S02,2026-06-07,Shotgun,Normal,1,34.0,2.61,34.0,ORBITE 2026-27
O001724,B01311,S02,2026-06-07,Shotgun,Normal,2,34.0,2.79,68.0,ORBITE 2026-27
O001725,B01181,S02,2026-06-07,Fnac Spectacles,Normal,2,34.0,3.05,68.0,ORBITE 2026-27
O001726,B01393,S02,2026-06-07,Site officiel,Normal,2,34.0,0.0,68.0,ORBITE 2026-27
O001727,B01394,S02,2026-06-07,Fnac Spectacles,Normal,2,34.0,2.39,68.0,ORBITE 2026-27
O001728,B01395,S02,2026-06-07,Dice,Normal,2,34.0,2.77,68.0,ORBITE 2026-27
O001729,B01396,S02,2026-06-07,Fnac Spectacles,Normal,2,34.0,2.03,68.0,ORBITE 2026-27
O001730,B01397,S02,2026-06-07,Dice,Prévente,1,29.92,2.94,29.92,ORBITE 2026-27
O001731,B01398,S02,2026-06-07,Shotgun,Prévente,1,29.92,3.29,29.92,ORBITE 2026-27
O001732,B01399,S02,2026-06-07,Dice,Prévente,2,29.92,3.11,59.84,ORBITE 2026-27
O001733,B01400,S02,2026-06-07,Dice,Normal,2,34.0,2.55,68.0,ORBITE 2026-27
O001734,B01401,S02,2026-06-07,Dice,Normal,2,34.0,2.09,68.0,ORBITE 2026-27
O001735,B01402,S02,2026-06-07,Shotgun,Normal,4,34.0,2.85,136.0,ORBITE 2026-27
O001736,B01403,S02,2026-06-07,Fnac Spectacles,Normal,3,34.0,3.1,102.0,ORBITE 2026-27
O001737,B01404,S02,2026-06-07,Shotgun,Normal,2,34.0,2.89,68.0,ORBITE 2026-27
O001738,B01405,S02,2026-06-07,Ticketmaster,Prévente,1,29.92,2.48,29.92,ORBITE 2026-27
O001739,B01406,S02,2026-06-07,Shotgun,Carré or,1,49.3,3.13,49.3,ORBITE 2026-27
O001740,B01407,S02,2026-06-08,Shotgun,Carré or,2,49.3,3.11,98.6,ORBITE 2026-27
O001741,B01408,S02,2026-06-08,Fnac Spectacles,Normal,2,34.0,2.41,68.0,ORBITE 2026-27
O001742,B01409,S02,2026-06-08,Ticketmaster,Normal,4,34.0,2.33,136.0,ORBITE 2026-27
O001743,B01410,S02,2026-06-08,Dice,Normal,2,34.0,2.06,68.0,ORBITE 2026-27
O001744,B01411,S02,2026-06-08,Dice,Normal,1,34.0,2.01,34.0,ORBITE 2026-27
O001745,B01412,S02,2026-06-08,Fnac Spectacles,Normal,1,34.0,2.41,34.0,ORBITE 2026-27
O001746,B01413,S02,2026-06-08,Site officiel,Normal,2,34.0,0.0,68.0,ORBITE 2026-27
O001747,B01060,S02,2026-06-08,Shotgun,Prévente,2,29.92,2.21,59.84,ORBITE 2026-27
O001748,B01097,S02,2026-06-08,Site officiel,Prévente,2,29.92,0.0,59.84,ORBITE 2026-27
O001749,B01414,S02,2026-06-08,Fnac Spectacles,Normal,2,34.0,2.21,68.0,ORBITE 2026-27
O001750,B01415,S02,2026-06-08,Ticketmaster,Carré or,2,49.3,2.65,98.6,ORBITE 2026-27
O001751,B01416,S02,2026-06-08,Site officiel,Normal,2,34.0,0.0,68.0,ORBITE 2026-27
O001752,B01417,S02,2026-06-08,Dice,Normal,2,34.0,2.49,68.0,ORBITE 2026-27
O001753,B01418,S02,2026-06-08,Site officiel,Normal,1,34.0,0.0,34.0,ORBITE 2026-27
O001754,B01419,S02,2026-06-08,Dice,Normal,2,34.0,2.41,68.0,ORBITE 2026-27
O001755,B01420,S02,2026-06-08,Site officiel,Prévente,1,29.92,0.0,29.92,ORBITE 2026-27
O001756,B01421,S02,2026-06-08,Site officiel,Normal,1,34.0,0.0,34.0,ORBITE 2026-27
O001757,B00164,S02,2026-06-08,Shotgun,Normal,2,34.0,3.05,68.0,ORBITE 2026-27
O001758,B01422,S02,2026-06-08,Site officiel,Normal,2,34.0,0.0,68.0,ORBITE 2026-27
O001759,B00298,S02,2026-06-08,Site officiel,Prévente,2,29.92,0.0,59.84,ORBITE 2026-27
O001760,B01423,S02,2026-06-08,Dice,Prévente,1,29.92,2.96,29.92,ORBITE 2026-27
O001761,B01424,S02,2026-06-08,Dice,Normal,2,34.0,1.99,68.0,ORBITE 2026-27
O001762,B01425,S02,2026-06-08,Ticketmaster,Normal,1,34.0,2.65,34.0,ORBITE 2026-27
O001763,B01426,S02,2026-06-08,Ticketmaster,Normal,1,34.0,2.51,34.0,ORBITE 2026-27
O001764,B01427,S02,2026-06-08,Shotgun,Normal,2,34.0,2.63,68.0,ORBITE 2026-27
O001765,B01428,S02,2026-06-08,Dice,Normal,1,34.0,2.62,34.0,ORBITE 2026-27
O001766,B01429,S02,2026-06-08,Dice,Prévente,2,29.92,3.0,59.84,ORBITE 2026-27
O001767,B01430,S02,2026-06-08,Shotgun,Prévente,2,29.92,3.08,59.84,ORBITE 2026-27
O001768,B01431,S02,2026-06-08,Fnac Spectacles,Normal,2,34.0,2.87,68.0,ORBITE 2026-27
O001769,B01432,S02,2026-06-09,Dice,Normal,2,34.0,3.26,68.0,ORBITE 2026-27
O001770,B01433,S02,2026-06-09,Site officiel,Normal,2,34.0,0.0,68.0,ORBITE 2026-27
O001771,B01204,S02,2026-06-09,Dice,Prévente,2,29.92,2.72,59.84,ORBITE 2026-27
O001772,B01434,S02,2026-06-09,Site officiel,Normal,2,34.0,0.0,68.0,ORBITE 2026-27
O001773,B01435,S02,2026-06-09,Dice,Normal,2,34.0,3.28,68.0,ORBITE 2026-27
O001774,B01436,S02,2026-06-09,Site officiel,Normal,2,34.0,0.0,68.0,ORBITE 2026-27
O001775,B01437,S02,2026-06-09,Dice,Normal,2,34.0,2.86,68.0,ORBITE 2026-27
O001776,B01438,S02,2026-06-09,Dice,Normal,2,34.0,2.22,68.0,ORBITE 2026-27
O001777,B01439,S02,2026-06-09,Site officiel,Normal,3,34.0,0.0,102.0,ORBITE 2026-27
O001778,B01440,S02,2026-06-09,Shotgun,Normal,2,34.0,2.99,68.0,ORBITE 2026-27
O001779,B01441,S02,2026-06-09,Fnac Spectacles,Prévente,3,29.92,2.54,89.76,ORBITE 2026-27
O001780,B01442,S02,2026-06-09,Site officiel,Normal,2,34.0,0.0,68.0,ORBITE 2026-27
O001781,B01443,S02,2026-06-09,Site officiel,Normal,2,34.0,0.0,68.0,ORBITE 2026-27
O001782,B01444,S02,2026-06-09,Site officiel,Normal,2,34.0,0.0,68.0,ORBITE 2026-27
O001783,B01445,S02,2026-06-10,Dice,Normal,2,34.0,2.44,68.0,ORBITE 2026-27
O001784,B01446,S02,2026-06-10,Shotgun,Normal,2,34.0,2.25,68.0,ORBITE 2026-27
O001785,B01447,S02,2026-06-10,Site officiel,Carré or,2,49.3,0.0,98.6,ORBITE 2026-27
O001786,B00894,S02,2026-06-10,Dice,Normal,2,34.0,2.02,68.0,ORBITE 2026-27
O001787,B01448,S02,2026-06-10,Site officiel,Normal,2,34.0,0.0,68.0,ORBITE 2026-27
O001788,B01449,S02,2026-06-10,Site officiel,Normal,2,34.0,0.0,68.0,ORBITE 2026-27
O001789,B00886,S02,2026-06-10,Site officiel,Normal,1,34.0,0.0,34.0,ORBITE 2026-27
O001790,B01450,S02,2026-06-10,Site officiel,Normal,2,34.0,0.0,68.0,ORBITE 2026-27
O001791,B01451,S02,2026-06-10,Dice,Normal,2,34.0,2.7,68.0,ORBITE 2026-27
O001792,B01452,S02,2026-06-10,Site officiel,Prévente,2,29.92,0.0,59.84,ORBITE 2026-27
O001793,B01453,S02,2026-06-10,Ticketmaster,Normal,1,34.0,3.14,34.0,ORBITE 2026-27
O001794,B01454,S02,2026-06-10,Site officiel,Normal,2,34.0,0.0,68.0,ORBITE 2026-27
O001795,B01455,S02,2026-06-10,Site officiel,Normal,1,34.0,0.0,34.0,ORBITE 2026-27
O001796,B01456,S02,2026-06-10,Site officiel,Carré or,2,49.3,0.0,98.6,ORBITE 2026-27
O001797,B01457,S02,2026-06-10,Dice,Normal,1,34.0,3.01,34.0,ORBITE 2026-27
O001798,B01458,S02,2026-06-10,Dice,Normal,2,34.0,3.13,68.0,ORBITE 2026-27
O001799,B01459,S02,2026-06-11,Site officiel,Normal,2,34.0,0.0,68.0,ORBITE 2026-27
O001800,B01460,S02,2026-06-11,Ticketmaster,Normal,2,34.0,2.67,68.0,ORBITE 2026-27
O001801,B01461,S02,2026-06-11,Shotgun,Carré or,2,49.3,3.29,98.6,ORBITE 2026-27
O001802,B01093,S02,2026-06-11,Site officiel,Normal,2,34.0,0.0,68.0,ORBITE 2026-27
O001803,B01462,S02,2026-06-11,Shotgun,Normal,2,34.0,3.16,68.0,ORBITE 2026-27
O001804,B01463,S02,2026-06-11,Site officiel,Carré or,1,49.3,0.0,49.3,ORBITE 2026-27
O001805,B01464,S02,2026-06-11,Ticketmaster,Normal,2,34.0,2.94,68.0,ORBITE 2026-27
O001806,B01465,S02,2026-06-11,Fnac Spectacles,Normal,2,34.0,3.14,68.0,ORBITE 2026-27
O001807,B01466,S02,2026-06-11,Site officiel,Normal,2,34.0,0.0,68.0,ORBITE 2026-27
O001808,B01467,S02,2026-06-11,Site officiel,Normal,2,34.0,0.0,68.0,ORBITE 2026-27
O001809,B01468,S02,2026-06-11,Site officiel,Normal,2,34.0,0.0,68.0,ORBITE 2026-27
O001810,B01469,S02,2026-06-11,Dice,Normal,1,34.0,2.33,34.0,ORBITE 2026-27
O001811,B01470,S02,2026-06-11,Dice,Normal,2,34.0,2.75,68.0,ORBITE 2026-27
O001812,B01471,S02,2026-06-11,Site officiel,Normal,2,34.0,0.0,68.0,ORBITE 2026-27
O001813,B01472,S02,2026-06-11,Dice,Carré or,2,49.3,2.39,98.6,ORBITE 2026-27
O001814,B01473,S02,2026-06-11,Dice,Normal,2,34.0,2.31,68.0,ORBITE 2026-27
O001815,B00307,S02,2026-06-12,Dice,Normal,2,34.0,2.79,68.0,ORBITE 2026-27
O001816,B01474,S02,2026-06-12,Fnac Spectacles,Carré or,2,49.3,1.91,98.6,ORBITE 2026-27
O001817,B01475,S02,2026-06-12,Dice,Normal,2,34.0,2.56,68.0,ORBITE 2026-27
O001818,B01476,S02,2026-06-12,Site officiel,Normal,3,34.0,0.0,102.0,ORBITE 2026-27
O001819,B01477,S02,2026-06-12,Dice,Normal,1,34.0,2.51,34.0,ORBITE 2026-27
O001820,B01478,S02,2026-06-12,Site officiel,Normal,1,34.0,0.0,34.0,ORBITE 2026-27
O001821,B01479,S02,2026-06-12,Site officiel,Normal,1,34.0,0.0,34.0,ORBITE 2026-27
O001822,B01480,S02,2026-06-12,Site officiel,Normal,2,34.0,0.0,68.0,ORBITE 2026-27
O001823,B01481,S02,2026-06-12,Shotgun,Normal,2,34.0,2.59,68.0,ORBITE 2026-27
O001824,B01482,S02,2026-06-12,Ticketmaster,Normal,3,34.0,1.91,102.0,ORBITE 2026-27
O001825,B01483,S02,2026-06-12,Dice,Normal,3,34.0,2.99,102.0,ORBITE 2026-27
O001826,B01484,S02,2026-06-12,Fnac Spectacles,Normal,2,34.0,2.39,68.0,ORBITE 2026-27
O001827,B01485,S02,2026-06-12,Site officiel,Normal,2,34.0,0.0,68.0,ORBITE 2026-27
O001828,B01486,S02,2026-06-13,Site officiel,Normal,1,34.0,0.0,34.0,ORBITE 2026-27
O001829,B01487,S02,2026-06-13,Ticketmaster,Carré or,1,49.3,3.31,49.3,ORBITE 2026-27
O001830,B01488,S02,2026-06-13,Site officiel,Normal,2,34.0,0.0,68.0,ORBITE 2026-27
O001831,B01489,S02,2026-06-13,Shotgun,Normal,2,34.0,3.29,68.0,ORBITE 2026-27
O001832,B01490,S02,2026-06-13,Site officiel,Prévente,1,29.92,0.0,29.92,ORBITE 2026-27
O001833,B01491,S02,2026-06-13,Site officiel,Carré or,2,49.3,0.0,98.6,ORBITE 2026-27
O001834,B01492,S02,2026-06-13,Ticketmaster,Normal,4,34.0,3.25,136.0,ORBITE 2026-27
O001835,B01493,S02,2026-06-13,Dice,Normal,1,34.0,2.46,34.0,ORBITE 2026-27
O001836,B01448,S02,2026-06-13,Fnac Spectacles,Normal,2,34.0,3.06,68.0,ORBITE 2026-27
O001837,B01494,S02,2026-06-13,Ticketmaster,Normal,2,34.0,2.81,68.0,ORBITE 2026-27
O001838,B01495,S02,2026-06-13,Dice,Normal,2,34.0,2.89,68.0,ORBITE 2026-27
O001839,B01496,S02,2026-06-13,Fnac Spectacles,Normal,1,34.0,2.75,34.0,ORBITE 2026-27
O001840,B01497,S02,2026-06-13,Dice,Normal,2,34.0,2.62,68.0,ORBITE 2026-27
O001841,B01498,S02,2026-06-14,Ticketmaster,Normal,1,34.0,3.29,34.0,ORBITE 2026-27
O001842,B01499,S02,2026-06-14,Dice,Normal,1,34.0,2.32,34.0,ORBITE 2026-27
O001843,B01500,S02,2026-06-14,Dice,Carré or,2,49.3,3.4,98.6,ORBITE 2026-27
O001844,B01501,S02,2026-06-14,Fnac Spectacles,Normal,1,34.0,3.08,34.0,ORBITE 2026-27
O001845,B01502,S02,2026-06-15,Site officiel,Normal,2,34.0,0.0,68.0,ORBITE 2026-27
O001846,B01503,S02,2026-06-15,Shotgun,Normal,2,34.0,2.68,68.0,ORBITE 2026-27
O001847,B01191,S02,2026-06-15,Fnac Spectacles,Normal,4,34.0,2.65,136.0,ORBITE 2026-27
O001848,B01032,S02,2026-06-15,Ticketmaster,Normal,1,34.0,2.02,34.0,ORBITE 2026-27
O001849,B01504,S02,2026-06-15,Shotgun,Normal,2,34.0,2.25,68.0,ORBITE 2026-27
O001850,B01505,S02,2026-06-15,Shotgun,Normal,2,34.0,2.29,68.0,ORBITE 2026-27
O001851,B01325,S02,2026-06-15,Ticketmaster,Normal,2,34.0,1.94,68.0,ORBITE 2026-27
O001852,B01506,S02,2026-06-15,Site officiel,Carré or,3,49.3,0.0,147.9,ORBITE 2026-27
O001853,B01507,S02,2026-06-15,Shotgun,Normal,1,34.0,3.19,34.0,ORBITE 2026-27
O001854,B01508,S02,2026-06-15,Fnac Spectacles,Normal,2,34.0,2.15,68.0,ORBITE 2026-27
O001855,B01509,S02,2026-06-15,Shotgun,Normal,2,34.0,2.83,68.0,ORBITE 2026-27
O001856,B01510,S02,2026-06-16,Fnac Spectacles,Normal,2,34.0,2.73,68.0,ORBITE 2026-27
O001857,B01511,S02,2026-06-16,Shotgun,Normal,2,34.0,3.23,68.0,ORBITE 2026-27
O001858,B01512,S02,2026-06-16,Dice,Normal,1,34.0,2.61,34.0,ORBITE 2026-27
O001859,B01513,S02,2026-06-16,Site officiel,Normal,2,34.0,0.0,68.0,ORBITE 2026-27
O001860,B01514,S02,2026-06-16,Fnac Spectacles,Carré or,2,49.3,2.07,98.6,ORBITE 2026-27
O001861,B01515,S02,2026-06-16,Fnac Spectacles,Normal,2,34.0,2.77,68.0,ORBITE 2026-27
O001862,B01516,S02,2026-06-16,Fnac Spectacles,Normal,2,34.0,2.1,68.0,ORBITE 2026-27
O001863,B00332,S02,2026-06-16,Site officiel,Normal,2,34.0,0.0,68.0,ORBITE 2026-27
O001864,B01517,S02,2026-06-16,Fnac Spectacles,Normal,2,34.0,1.95,68.0,ORBITE 2026-27
O001865,B01518,S02,2026-06-16,Site officiel,Normal,1,34.0,0.0,34.0,ORBITE 2026-27
O001866,B01519,S02,2026-06-16,Fnac Spectacles,Normal,1,34.0,2.76,34.0,ORBITE 2026-27
O001867,B01520,S02,2026-06-16,Shotgun,Prévente,2,29.92,2.91,59.84,ORBITE 2026-27
O001868,B01521,S02,2026-06-16,Site officiel,Carré or,2,49.3,0.0,98.6,ORBITE 2026-27
O001869,B01522,S02,2026-06-16,Fnac Spectacles,Normal,1,34.0,2.79,34.0,ORBITE 2026-27
O001870,B01523,S02,2026-06-17,Site officiel,Normal,2,34.0,0.0,68.0,ORBITE 2026-27
O001871,B01524,S02,2026-06-17,Site officiel,Normal,2,34.0,0.0,68.0,ORBITE 2026-27
O001872,B00750,S02,2026-06-17,Site officiel,Normal,1,34.0,0.0,34.0,ORBITE 2026-27
O001873,B01525,S02,2026-06-17,Dice,Normal,2,34.0,2.39,68.0,ORBITE 2026-27
O001874,B01526,S02,2026-06-18,Site officiel,Normal,3,34.0,0.0,102.0,ORBITE 2026-27
O001875,B01527,S02,2026-06-18,Site officiel,Prévente,2,29.92,0.0,59.84,ORBITE 2026-27
O001876,B01528,S02,2026-06-18,Fnac Spectacles,Normal,1,34.0,2.14,34.0,ORBITE 2026-27
O001877,B01529,S02,2026-06-18,Shotgun,Normal,2,34.0,2.72,68.0,ORBITE 2026-27
O001878,B01530,S02,2026-06-18,Site officiel,Normal,2,34.0,0.0,68.0,ORBITE 2026-27
O001879,B01531,S02,2026-06-18,Ticketmaster,Normal,1,34.0,2.42,34.0,ORBITE 2026-27
O001880,B01532,S02,2026-06-18,Site officiel,Normal,1,34.0,0.0,34.0,ORBITE 2026-27
O001881,B01533,S02,2026-06-18,Site officiel,Normal,2,34.0,0.0,68.0,ORBITE 2026-27
O001882,B01534,S02,2026-06-18,Fnac Spectacles,Normal,1,34.0,3.22,34.0,ORBITE 2026-27
O001883,B01535,S02,2026-06-18,Ticketmaster,Normal,2,34.0,2.28,68.0,ORBITE 2026-27
O001884,B01536,S02,2026-06-18,Dice,Normal,2,34.0,2.33,68.0,ORBITE 2026-27
O001885,B01537,S02,2026-06-18,Ticketmaster,Normal,2,34.0,2.7,68.0,ORBITE 2026-27
O001886,B01538,S02,2026-06-19,Dice,Normal,1,34.0,3.19,34.0,ORBITE 2026-27
O001887,B01539,S02,2026-06-19,Shotgun,Normal,2,34.0,2.01,68.0,ORBITE 2026-27
O001888,B01540,S02,2026-06-19,Shotgun,Normal,2,34.0,2.24,68.0,ORBITE 2026-27
O001889,B01541,S02,2026-06-19,Site officiel,Normal,2,34.0,0.0,68.0,ORBITE 2026-27
O001890,B01165,S02,2026-06-19,Site officiel,Normal,2,34.0,0.0,68.0,ORBITE 2026-27
O001891,B01542,S02,2026-06-19,Site officiel,Normal,2,34.0,0.0,68.0,ORBITE 2026-27
O001892,B01543,S02,2026-06-19,Site officiel,Normal,3,34.0,0.0,102.0,ORBITE 2026-27
O001893,B01544,S02,2026-06-20,Site officiel,Normal,2,34.0,0.0,68.0,ORBITE 2026-27
O001894,B01545,S02,2026-06-20,Dice,Normal,2,34.0,3.4,68.0,ORBITE 2026-27
O001895,B01546,S02,2026-06-20,Site officiel,Normal,2,34.0,0.0,68.0,ORBITE 2026-27
O001896,B01547,S02,2026-06-20,Site officiel,Normal,2,34.0,0.0,68.0,ORBITE 2026-27
O001897,B01548,S02,2026-06-20,Shotgun,Normal,2,34.0,2.22,68.0,ORBITE 2026-27
O001898,B01549,S02,2026-06-21,Dice,Carré or,2,49.3,2.34,98.6,ORBITE 2026-27
O001899,B01550,S02,2026-06-21,Shotgun,Normal,2,34.0,2.1,68.0,ORBITE 2026-27
O001900,B01551,S02,2026-06-21,Shotgun,Normal,2,34.0,2.39,68.0,ORBITE 2026-27
O001901,B01552,S02,2026-06-21,Fnac Spectacles,Normal,1,34.0,3.1,34.0,ORBITE 2026-27
O001902,B01553,S02,2026-06-21,Dice,Normal,2,34.0,3.28,68.0,ORBITE 2026-27
O001903,B01554,S02,2026-06-22,Dice,Normal,2,34.0,2.83,68.0,ORBITE 2026-27
O001904,B01555,S02,2026-06-22,Ticketmaster,Normal,2,34.0,2.26,68.0,ORBITE 2026-27
O001905,B01556,S02,2026-06-22,Site officiel,Normal,1,34.0,0.0,34.0,ORBITE 2026-27
O001906,B01557,S02,2026-06-22,Fnac Spectacles,Normal,1,34.0,2.51,34.0,ORBITE 2026-27
O001907,B00851,S02,2026-06-22,Shotgun,Normal,1,34.0,3.37,34.0,ORBITE 2026-27
O001908,B01558,S02,2026-06-22,Site officiel,Normal,4,34.0,0.0,136.0,ORBITE 2026-27
O001909,B01559,S02,2026-06-22,Fnac Spectacles,Normal,2,34.0,3.32,68.0,ORBITE 2026-27
O001910,B01530,S02,2026-06-22,Dice,Normal,2,34.0,2.42,68.0,ORBITE 2026-27
O001911,B01560,S02,2026-06-23,Site officiel,Normal,2,34.0,0.0,68.0,ORBITE 2026-27
O001912,B01561,S02,2026-06-23,Site officiel,Normal,1,34.0,0.0,34.0,ORBITE 2026-27
O001913,B01562,S02,2026-06-23,Site officiel,Normal,2,34.0,0.0,68.0,ORBITE 2026-27
O001914,B01563,S02,2026-06-23,Ticketmaster,Normal,1,34.0,2.24,34.0,ORBITE 2026-27
O001915,B01564,S02,2026-06-23,Site officiel,Normal,3,34.0,0.0,102.0,ORBITE 2026-27
O001916,B01565,S02,2026-06-24,Site officiel,Normal,3,34.0,0.0,102.0,ORBITE 2026-27
O001917,B01566,S02,2026-06-24,Dice,Prévente,1,29.92,2.08,29.92,ORBITE 2026-27
O001918,B01567,S02,2026-06-24,Shotgun,Normal,1,34.0,2.14,34.0,ORBITE 2026-27
O001919,B01568,S02,2026-06-24,Site officiel,Normal,2,34.0,0.0,68.0,ORBITE 2026-27
O001920,B01307,S02,2026-06-25,Dice,Normal,2,34.0,3.12,68.0,ORBITE 2026-27
O001921,B01569,S02,2026-06-25,Site officiel,Normal,1,34.0,0.0,34.0,ORBITE 2026-27
O001922,B01570,S02,2026-06-25,Dice,Normal,1,34.0,3.36,34.0,ORBITE 2026-27
O001923,B01571,S02,2026-06-25,Ticketmaster,Normal,2,34.0,3.23,68.0,ORBITE 2026-27
O001924,B01572,S02,2026-06-25,Ticketmaster,Normal,3,34.0,3.13,102.0,ORBITE 2026-27
O001925,B01573,S02,2026-06-25,Dice,Normal,2,34.0,1.91,68.0,ORBITE 2026-27
O001926,B00713,S02,2026-06-26,Site officiel,Normal,3,34.0,0.0,102.0,ORBITE 2026-27
O001927,B01574,S02,2026-06-26,Ticketmaster,Normal,1,34.0,2.5,34.0,ORBITE 2026-27
O001928,B01575,S02,2026-06-27,Site officiel,Normal,2,34.0,0.0,68.0,ORBITE 2026-27
O001929,B01576,S02,2026-06-27,Dice,Normal,2,34.0,2.49,68.0,ORBITE 2026-27
O001930,B01577,S02,2026-06-27,Dice,Normal,2,34.0,2.2,68.0,ORBITE 2026-27
O001931,B01578,S02,2026-06-27,Ticketmaster,Normal,2,34.0,2.13,68.0,ORBITE 2026-27
O001932,B01579,S02,2026-06-27,Fnac Spectacles,Normal,2,34.0,3.3,68.0,ORBITE 2026-27
O001933,B01039,S02,2026-06-28,Fnac Spectacles,Normal,1,34.0,2.02,34.0,ORBITE 2026-27
O001934,B01580,S02,2026-06-28,Fnac Spectacles,Normal,1,34.0,2.33,34.0,ORBITE 2026-27
O001935,B01581,S02,2026-06-28,Fnac Spectacles,Normal,2,34.0,2.37,68.0,ORBITE 2026-27
O001936,B01582,S02,2026-06-28,Ticketmaster,Normal,2,34.0,2.07,68.0,ORBITE 2026-27
O001937,B01583,S02,2026-06-28,Ticketmaster,Normal,2,34.0,1.94,68.0,ORBITE 2026-27
O001938,B01584,S02,2026-06-28,Site officiel,Normal,2,34.0,0.0,68.0,ORBITE 2026-27
O001939,B01585,S02,2026-06-29,Ticketmaster,Normal,2,34.0,2.41,68.0,ORBITE 2026-27
O001940,B01586,S02,2026-06-29,Fnac Spectacles,Normal,1,34.0,2.39,34.0,ORBITE 2026-27
O001941,B01587,S02,2026-06-29,Site officiel,Normal,3,34.0,0.0,102.0,ORBITE 2026-27
O001942,B01588,S02,2026-06-29,Site officiel,Carré or,1,49.3,0.0,49.3,ORBITE 2026-27
O001943,B01589,S02,2026-06-29,Dice,Carré or,2,49.3,3.12,98.6,ORBITE 2026-27
O001944,B01590,S02,2026-06-29,Ticketmaster,Normal,1,34.0,2.48,34.0,ORBITE 2026-27
O001945,B01591,S02,2026-06-29,Fnac Spectacles,Normal,1,34.0,2.84,34.0,ORBITE 2026-27
O001946,B01592,S02,2026-06-30,Fnac Spectacles,Normal,1,34.0,2.21,34.0,ORBITE 2026-27
O001947,B01593,S02,2026-06-30,Shotgun,Normal,2,34.0,3.15,68.0,ORBITE 2026-27
O001948,B01594,S02,2026-06-30,Shotgun,Normal,2,34.0,3.05,68.0,ORBITE 2026-27
O001949,B01595,S02,2026-06-30,Shotgun,Normal,2,34.0,2.09,68.0,ORBITE 2026-27
O001950,B01596,S02,2026-06-30,Fnac Spectacles,Normal,1,34.0,3.01,34.0,ORBITE 2026-27
O001951,B01597,S02,2026-07-01,Shotgun,Normal,3,34.0,3.34,102.0,ORBITE 2026-27
O001952,B01010,S02,2026-07-01,Site officiel,Normal,1,34.0,0.0,34.0,ORBITE 2026-27
O001953,B01598,S02,2026-07-01,Site officiel,Normal,3,34.0,0.0,102.0,ORBITE 2026-27
O001954,B01599,S02,2026-07-01,Fnac Spectacles,Normal,2,34.0,3.14,68.0,ORBITE 2026-27
O001955,B01600,S02,2026-07-01,Site officiel,Normal,2,34.0,0.0,68.0,ORBITE 2026-27
O001956,B01601,S02,2026-07-01,Fnac Spectacles,Normal,2,34.0,3.12,68.0,ORBITE 2026-27
O001957,B01009,S02,2026-07-01,Fnac Spectacles,Normal,2,34.0,2.07,68.0,ORBITE 2026-27
O001958,B01602,S02,2026-07-02,Ticketmaster,Normal,1,34.0,2.25,34.0,ORBITE 2026-27
O001959,B01603,S02,2026-07-02,Dice,Normal,2,34.0,2.65,68.0,ORBITE 2026-27
O001960,B01604,S02,2026-07-02,Shotgun,Normal,2,34.0,2.05,68.0,ORBITE 2026-27
O001961,B01034,S02,2026-07-02,Fnac Spectacles,Normal,2,34.0,3.08,68.0,ORBITE 2026-27
O001962,B01605,S02,2026-07-02,Dice,Normal,2,34.0,3.39,68.0,ORBITE 2026-27
O001963,B01606,S02,2026-07-02,Site officiel,Normal,2,34.0,0.0,68.0,ORBITE 2026-27
O001964,B01607,S02,2026-07-03,Fnac Spectacles,Normal,2,34.0,2.56,68.0,ORBITE 2026-27
O001965,B01608,S02,2026-07-03,Site officiel,Normal,2,34.0,0.0,68.0,ORBITE 2026-27
O001966,B01609,S02,2026-07-03,Dice,Normal,2,34.0,2.35,68.0,ORBITE 2026-27
O001967,B01068,S02,2026-07-03,Dice,Normal,1,34.0,3.08,34.0,ORBITE 2026-27
O001968,B01610,S02,2026-07-03,Ticketmaster,Normal,2,34.0,2.19,68.0,ORBITE 2026-27
O001969,B01611,S02,2026-07-03,Site officiel,Normal,3,34.0,0.0,102.0,ORBITE 2026-27
O001970,B01612,S02,2026-07-03,Shotgun,Normal,2,34.0,2.29,68.0,ORBITE 2026-27
O001971,B01613,S02,2026-07-04,Ticketmaster,Normal,2,34.0,2.22,68.0,ORBITE 2026-27
O001972,B01614,S02,2026-07-04,Shotgun,Normal,1,34.0,2.52,34.0,ORBITE 2026-27
O001973,B01615,S02,2026-07-04,Site officiel,Normal,2,34.0,0.0,68.0,ORBITE 2026-27
O001974,B01616,S02,2026-07-05,Dice,Normal,2,34.0,2.04,68.0,ORBITE 2026-27
O001975,B01617,S02,2026-07-05,Fnac Spectacles,Normal,2,34.0,3.18,68.0,ORBITE 2026-27
O001976,B01618,S02,2026-07-05,Fnac Spectacles,Normal,2,34.0,3.35,68.0,ORBITE 2026-27
O001977,B01619,S02,2026-07-05,Dice,Normal,2,34.0,2.53,68.0,ORBITE 2026-27
O001978,B01620,S02,2026-07-05,Dice,Normal,2,34.0,2.77,68.0,ORBITE 2026-27
O001979,B01621,S02,2026-07-06,Fnac Spectacles,Carré or,1,49.3,2.93,49.3,ORBITE 2026-27
O001980,B01622,S02,2026-07-06,Site officiel,Normal,2,34.0,0.0,68.0,ORBITE 2026-27
O001981,B01623,S02,2026-07-06,Ticketmaster,Normal,3,34.0,2.41,102.0,ORBITE 2026-27
O001982,B01624,S02,2026-07-06,Site officiel,Normal,2,34.0,0.0,68.0,ORBITE 2026-27
O001983,B01625,S02,2026-07-06,Ticketmaster,Normal,1,34.0,2.78,34.0,ORBITE 2026-27
O001984,B01626,S02,2026-07-07,Dice,Normal,2,34.0,2.01,68.0,ORBITE 2026-27
O001985,B01627,S02,2026-07-07,Fnac Spectacles,Normal,2,34.0,2.86,68.0,ORBITE 2026-27
O001986,B01628,S02,2026-07-07,Shotgun,Normal,3,34.0,2.27,102.0,ORBITE 2026-27
O001987,B01629,S02,2026-07-07,Shotgun,Normal,1,34.0,3.12,34.0,ORBITE 2026-27
O001988,B01630,S02,2026-07-08,Dice,Normal,2,34.0,3.29,68.0,ORBITE 2026-27
O001989,B01631,S02,2026-07-08,Ticketmaster,Normal,2,34.0,2.39,68.0,ORBITE 2026-27
O001990,B00970,S02,2026-07-08,Site officiel,Normal,2,34.0,0.0,68.0,ORBITE 2026-27
O001991,B01632,S02,2026-07-08,Fnac Spectacles,Normal,2,34.0,3.35,68.0,ORBITE 2026-27
O001992,B01633,S02,2026-07-08,Shotgun,Normal,3,34.0,3.08,102.0,ORBITE 2026-27
O001993,B01634,S02,2026-07-09,Ticketmaster,Prévente,2,29.92,2.36,59.84,ORBITE 2026-27
O001994,B01635,S02,2026-07-09,Site officiel,Normal,2,34.0,0.0,68.0,ORBITE 2026-27
O001995,B00614,S02,2026-07-09,Fnac Spectacles,Normal,2,34.0,3.19,68.0,ORBITE 2026-27
O001996,B01636,S02,2026-07-09,Site officiel,Normal,2,34.0,0.0,68.0,ORBITE 2026-27
O001997,B01312,S02,2026-07-09,Ticketmaster,Normal,2,34.0,2.31,68.0,ORBITE 2026-27
O001998,B01637,S02,2026-07-09,Dice,Normal,2,34.0,2.7,68.0,ORBITE 2026-27
O001999,B01638,S02,2026-07-09,Dice,Carré or,2,49.3,2.0,98.6,ORBITE 2026-27
O002000,B00194,S02,2026-07-10,Dice,Normal,2,34.0,2.18,68.0,ORBITE 2026-27
O002001,B01639,S02,2026-07-10,Ticketmaster,Normal,2,34.0,2.53,68.0,ORBITE 2026-27
O002002,B01640,S02,2026-07-10,Site officiel,Normal,1,34.0,0.0,34.0,ORBITE 2026-27
O002003,B00674,S02,2026-07-11,Fnac Spectacles,Normal,2,34.0,2.48,68.0,ORBITE 2026-27
O002004,B01641,S02,2026-07-11,Site officiel,Normal,2,34.0,0.0,68.0,ORBITE 2026-27
O002005,B01642,S02,2026-07-11,Shotgun,Normal,2,34.0,2.58,68.0,ORBITE 2026-27
O002006,B01643,S02,2026-07-11,Site officiel,Normal,1,34.0,0.0,34.0,ORBITE 2026-27
O002007,B01644,S02,2026-07-11,Site officiel,Normal,2,34.0,0.0,68.0,ORBITE 2026-27
O002008,B01645,S02,2026-07-12,Site officiel,Normal,2,34.0,0.0,68.0,ORBITE 2026-27
O002009,B01646,S02,2026-07-12,Ticketmaster,Normal,2,34.0,2.9,68.0,ORBITE 2026-27
O002010,B01647,S02,2026-07-12,Dice,Normal,2,34.0,2.66,68.0,ORBITE 2026-27
O002011,B01648,S02,2026-07-12,Site officiel,Normal,1,34.0,0.0,34.0,ORBITE 2026-27
O002012,B01649,S02,2026-07-12,Ticketmaster,Normal,2,34.0,2.96,68.0,ORBITE 2026-27
O002013,B01650,S02,2026-07-12,Ticketmaster,Normal,2,34.0,3.31,68.0,ORBITE 2026-27
O002014,B01651,S02,2026-07-12,Shotgun,Normal,3,34.0,3.05,102.0,ORBITE 2026-27
O002015,B01652,S02,2026-07-13,Ticketmaster,Normal,2,34.0,3.18,68.0,ORBITE 2026-27
O002016,B01653,S02,2026-07-13,Shotgun,Normal,2,34.0,1.94,68.0,ORBITE 2026-27
O002017,B01654,S02,2026-07-13,Ticketmaster,Carré or,3,49.3,2.0,147.9,ORBITE 2026-27
O002018,B01655,S02,2026-07-13,Dice,Normal,2,34.0,2.24,68.0,ORBITE 2026-27
O002019,B01656,S02,2026-07-13,Site officiel,Normal,2,34.0,0.0,68.0,ORBITE 2026-27
O002020,B01139,S02,2026-07-14,Ticketmaster,Normal,2,34.0,1.99,68.0,ORBITE 2026-27
O002021,B01657,S02,2026-07-14,Dice,Normal,2,34.0,3.1,68.0,ORBITE 2026-27
O002022,B01658,S02,2026-07-14,Fnac Spectacles,Normal,1,34.0,2.25,34.0,ORBITE 2026-27
O002023,B01659,S02,2026-07-14,Ticketmaster,Carré or,2,49.3,3.25,98.6,ORBITE 2026-27
O002024,B01660,S02,2026-07-14,Shotgun,Normal,2,34.0,2.3,68.0,ORBITE 2026-27
O002025,B01661,S02,2026-07-14,Fnac Spectacles,Normal,2,34.0,2.45,68.0,ORBITE 2026-27
O002026,B01662,S02,2026-07-14,Site officiel,Normal,2,34.0,0.0,68.0,ORBITE 2026-27
O002027,B01663,S02,2026-07-14,Shotgun,Normal,2,34.0,2.8,68.0,ORBITE 2026-27
O002028,B01664,S02,2026-07-14,Site officiel,Normal,1,34.0,0.0,34.0,ORBITE 2026-27
O002029,B01665,S02,2026-07-15,Fnac Spectacles,Normal,1,34.0,2.63,34.0,ORBITE 2026-27
O002030,B01666,S02,2026-07-15,Fnac Spectacles,Normal,2,34.0,2.23,68.0,ORBITE 2026-27
O002031,B01667,S02,2026-07-15,Fnac Spectacles,Normal,2,34.0,2.43,68.0,ORBITE 2026-27
O002032,B01668,S02,2026-07-15,Site officiel,Normal,2,34.0,0.0,68.0,ORBITE 2026-27
O002033,B01669,S02,2026-07-15,Fnac Spectacles,Normal,1,34.0,2.37,34.0,ORBITE 2026-27
O002034,B00590,S02,2026-07-15,Ticketmaster,Normal,1,34.0,3.33,34.0,ORBITE 2026-27
O002035,B01670,S02,2026-07-15,Dice,Normal,3,34.0,2.04,102.0,ORBITE 2026-27
O002036,B01671,S02,2026-07-15,Site officiel,Carré or,2,49.3,0.0,98.6,ORBITE 2026-27
O002037,B01672,S02,2026-07-16,Ticketmaster,Normal,2,34.0,2.37,68.0,ORBITE 2026-27
O002038,B01673,S02,2026-07-16,Ticketmaster,Normal,1,34.0,3.23,34.0,ORBITE 2026-27
O002039,B01674,S02,2026-07-16,Fnac Spectacles,Normal,1,34.0,2.92,34.0,ORBITE 2026-27
O002040,B01675,S02,2026-07-16,Shotgun,Normal,2,34.0,3.09,68.0,ORBITE 2026-27
O002041,B01676,S02,2026-07-16,Dice,Normal,2,34.0,2.39,68.0,ORBITE 2026-27
O002042,B01677,S02,2026-07-17,Fnac Spectacles,Normal,3,34.0,2.27,102.0,ORBITE 2026-27
O002043,B01678,S02,2026-07-17,Site officiel,Normal,2,34.0,0.0,68.0,ORBITE 2026-27
O002044,B01679,S02,2026-07-17,Shotgun,Normal,1,34.0,2.96,34.0,ORBITE 2026-27
O002045,B01680,S02,2026-07-17,Dice,Normal,1,34.0,2.5,34.0,ORBITE 2026-27
O002046,B01681,S02,2026-07-17,Site officiel,Normal,2,34.0,0.0,68.0,ORBITE 2026-27
O002047,B01682,S02,2026-07-17,Site officiel,Normal,1,34.0,0.0,34.0,ORBITE 2026-27
O002048,B01683,S02,2026-07-18,Site officiel,Normal,1,34.0,0.0,34.0,ORBITE 2026-27
O002049,B01684,S02,2026-07-18,Dice,Normal,1,34.0,2.39,34.0,ORBITE 2026-27
O002050,B01586,S02,2026-07-18,Shotgun,Normal,1,34.0,3.11,34.0,ORBITE 2026-27
O002051,B01685,S02,2026-07-18,Shotgun,Normal,3,34.0,2.48,102.0,ORBITE 2026-27
O002052,B01686,S02,2026-07-18,Fnac Spectacles,Normal,2,34.0,2.49,68.0,ORBITE 2026-27
O002053,B01687,S02,2026-07-18,Fnac Spectacles,Normal,2,34.0,1.95,68.0,ORBITE 2026-27
O002054,B01688,S02,2026-07-19,Shotgun,Normal,2,34.0,3.39,68.0,ORBITE 2026-27
O002055,B01689,S02,2026-07-19,Shotgun,Normal,2,34.0,2.39,68.0,ORBITE 2026-27
O002056,B01690,S02,2026-07-19,Shotgun,Normal,2,34.0,2.27,68.0,ORBITE 2026-27
O002057,B01691,S02,2026-07-19,Site officiel,Normal,2,34.0,0.0,68.0,ORBITE 2026-27
O002058,B01692,S02,2026-07-19,Dice,Carré or,2,49.3,2.2,98.6,ORBITE 2026-27
O002059,B01693,S02,2026-07-20,Dice,Normal,1,34.0,2.57,34.0,ORBITE 2026-27
O002060,B01098,S02,2026-07-20,Ticketmaster,Normal,2,34.0,2.58,68.0,ORBITE 2026-27
O002061,B00928,S02,2026-07-20,Dice,Normal,2,34.0,2.35,68.0,ORBITE 2026-27
O002062,B01694,S02,2026-07-20,Site officiel,Normal,2,34.0,0.0,68.0,ORBITE 2026-27
O002063,B01695,S02,2026-07-20,Shotgun,Normal,1,34.0,2.02,34.0,ORBITE 2026-27
O002064,B01696,S02,2026-07-20,Fnac Spectacles,Normal,3,34.0,3.25,102.0,ORBITE 2026-27
O002065,B01697,S02,2026-07-20,Fnac Spectacles,Normal,2,34.0,3.08,68.0,ORBITE 2026-27
O002066,B01698,S02,2026-07-20,Shotgun,Carré or,2,49.3,2.56,98.6,ORBITE 2026-27
O002067,B01699,S02,2026-07-21,Dice,Normal,2,34.0,2.39,68.0,ORBITE 2026-27
O002068,B01700,S02,2026-07-21,Dice,Normal,2,34.0,3.13,68.0,ORBITE 2026-27
O002069,B01701,S02,2026-07-21,Shotgun,Normal,2,34.0,2.27,68.0,ORBITE 2026-27
O002070,B01702,S02,2026-07-21,Site officiel,Normal,2,34.0,0.0,68.0,ORBITE 2026-27
O002071,B01703,S02,2026-07-21,Ticketmaster,Prévente,2,29.92,2.37,59.84,ORBITE 2026-27
O002072,B01704,S02,2026-07-21,Dice,Normal,2,34.0,3.26,68.0,ORBITE 2026-27
O002073,B01705,S02,2026-07-21,Site officiel,Normal,2,34.0,0.0,68.0,ORBITE 2026-27
O002074,B01706,S02,2026-07-21,Site officiel,Normal,2,34.0,0.0,68.0,ORBITE 2026-27
O002075,B01707,S02,2026-07-21,Site officiel,Normal,1,34.0,0.0,34.0,ORBITE 2026-27
O002076,B01708,S02,2026-07-22,Site officiel,Normal,1,34.0,0.0,34.0,ORBITE 2026-27
O002077,B01709,S02,2026-07-22,Site officiel,Normal,2,34.0,0.0,68.0,ORBITE 2026-27
O002078,B01710,S02,2026-07-22,Dice,Normal,2,34.0,2.81,68.0,ORBITE 2026-27
O002079,B01711,S02,2026-07-22,Site officiel,Normal,2,34.0,0.0,68.0,ORBITE 2026-27
O002080,B00723,S02,2026-07-22,Ticketmaster,Normal,2,34.0,2.49,68.0,ORBITE 2026-27
O002081,B01712,S02,2026-07-22,Dice,Normal,2,34.0,1.98,68.0,ORBITE 2026-27
O002082,B01713,S02,2026-07-23,Shotgun,Normal,1,34.0,1.94,34.0,ORBITE 2026-27
O002083,B01714,S02,2026-07-23,Ticketmaster,Normal,2,34.0,3.0,68.0,ORBITE 2026-27
O002084,B01715,S02,2026-07-23,Shotgun,Normal,2,34.0,3.13,68.0,ORBITE 2026-27
O002085,B01716,S02,2026-07-23,Shotgun,Normal,2,34.0,3.35,68.0,ORBITE 2026-27
O002086,B01717,S02,2026-07-23,Site officiel,Normal,1,34.0,0.0,34.0,ORBITE 2026-27
O002087,B01718,S02,2026-07-23,Dice,Normal,2,34.0,3.2,68.0,ORBITE 2026-27
O002088,B01719,S02,2026-07-23,Site officiel,Normal,2,34.0,0.0,68.0,ORBITE 2026-27
O002089,B01720,S02,2026-07-23,Fnac Spectacles,Normal,3,34.0,3.21,102.0,ORBITE 2026-27
O002090,B01721,S02,2026-07-23,Ticketmaster,Normal,2,34.0,3.25,68.0,ORBITE 2026-27
O002091,B01722,S02,2026-07-24,Ticketmaster,Normal,2,34.0,2.69,68.0,ORBITE 2026-27
O002092,B01723,S02,2026-07-24,Fnac Spectacles,Carré or,2,49.3,2.15,98.6,ORBITE 2026-27
O002093,B01724,S02,2026-07-24,Ticketmaster,Normal,1,34.0,3.14,34.0,ORBITE 2026-27
O002094,B01725,S02,2026-07-24,Dice,Normal,1,34.0,1.96,34.0,ORBITE 2026-27
O002095,B01726,S02,2026-07-24,Fnac Spectacles,Normal,2,34.0,2.16,68.0,ORBITE 2026-27
O002096,B01727,S02,2026-07-25,Shotgun,Normal,1,34.0,3.21,34.0,ORBITE 2026-27
O002097,B01728,S02,2026-07-25,Shotgun,Normal,2,34.0,1.97,68.0,ORBITE 2026-27
O002098,B01729,S02,2026-07-25,Shotgun,Normal,2,34.0,3.12,68.0,ORBITE 2026-27
O002099,B01730,S02,2026-07-25,Site officiel,Normal,4,34.0,0.0,136.0,ORBITE 2026-27
O002100,B01731,S02,2026-07-25,Ticketmaster,Normal,1,34.0,2.66,34.0,ORBITE 2026-27
O002101,B00890,S02,2026-07-25,Dice,Normal,2,34.0,3.17,68.0,ORBITE 2026-27
O002102,B01438,S02,2026-07-25,Site officiel,Normal,1,34.0,0.0,34.0,ORBITE 2026-27
O002103,B01732,S02,2026-07-26,Shotgun,Normal,1,34.0,2.96,34.0,ORBITE 2026-27
O002104,B01733,S02,2026-07-26,Shotgun,Normal,2,34.0,3.34,68.0,ORBITE 2026-27
O002105,B01734,S02,2026-07-26,Shotgun,Normal,2,34.0,3.14,68.0,ORBITE 2026-27
O002106,B01735,S02,2026-07-27,Ticketmaster,Normal,2,34.0,3.32,68.0,ORBITE 2026-27
O002107,B01736,S02,2026-07-27,Shotgun,Normal,1,34.0,3.21,34.0,ORBITE 2026-27
O002108,B00998,S02,2026-07-27,Site officiel,Normal,2,34.0,0.0,68.0,ORBITE 2026-27
O002109,B01737,S02,2026-07-27,Ticketmaster,Normal,1,34.0,2.91,34.0,ORBITE 2026-27
O002110,B01738,S02,2026-07-27,Shotgun,Normal,1,34.0,2.82,34.0,ORBITE 2026-27
O002111,B01739,S02,2026-07-27,Ticketmaster,Normal,1,34.0,2.41,34.0,ORBITE 2026-27
O002112,B01740,S02,2026-07-27,Ticketmaster,Normal,2,34.0,2.99,68.0,ORBITE 2026-27
O002113,B01741,S02,2026-07-28,Site officiel,Normal,2,34.0,0.0,68.0,ORBITE 2026-27
O002114,B01742,S02,2026-07-28,Site officiel,Normal,2,34.0,0.0,68.0,ORBITE 2026-27
O002115,B01743,S02,2026-07-28,Ticketmaster,Normal,4,34.0,2.91,136.0,ORBITE 2026-27
O002116,B01744,S02,2026-07-28,Shotgun,Normal,1,34.0,2.08,34.0,ORBITE 2026-27
O002117,B01745,S02,2026-07-28,Fnac Spectacles,Normal,2,34.0,2.1,68.0,ORBITE 2026-27
O002118,B01746,S02,2026-07-28,Dice,Normal,2,34.0,2.97,68.0,ORBITE 2026-27
O002119,B01747,S02,2026-07-28,Fnac Spectacles,Normal,3,34.0,3.38,102.0,ORBITE 2026-27
O002120,B01748,S02,2026-07-28,Shotgun,Normal,1,34.0,1.93,34.0,ORBITE 2026-27
O002121,B01749,S02,2026-07-28,Fnac Spectacles,Normal,1,34.0,2.38,34.0,ORBITE 2026-27
O002122,B01750,S02,2026-07-28,Fnac Spectacles,Normal,2,34.0,2.19,68.0,ORBITE 2026-27
O002123,B01751,S02,2026-07-28,Dice,Normal,2,34.0,2.3,68.0,ORBITE 2026-27
O002124,B01752,S02,2026-07-28,Site officiel,Normal,2,34.0,0.0,68.0,ORBITE 2026-27
O002125,B01753,S02,2026-07-29,Ticketmaster,Normal,1,34.0,3.34,34.0,ORBITE 2026-27
O002126,B01754,S02,2026-07-29,Shotgun,Normal,2,34.0,2.58,68.0,ORBITE 2026-27
O002127,B01755,S02,2026-07-29,Dice,Normal,4,34.0,3.12,136.0,ORBITE 2026-27
O002128,B01756,S02,2026-07-29,Dice,Normal,4,34.0,3.09,136.0,ORBITE 2026-27
O002129,B01757,S02,2026-07-29,Ticketmaster,Normal,1,34.0,2.52,34.0,ORBITE 2026-27
O002130,B01758,S02,2026-07-30,Site officiel,Normal,1,34.0,0.0,34.0,ORBITE 2026-27
O002131,B01650,S02,2026-07-30,Dice,Normal,2,34.0,2.05,68.0,ORBITE 2026-27
O002132,B01759,S02,2026-07-30,Fnac Spectacles,Normal,2,34.0,2.85,68.0,ORBITE 2026-27
O002133,B01760,S02,2026-07-30,Shotgun,Normal,2,34.0,3.39,68.0,ORBITE 2026-27
O002134,B01761,S02,2026-07-30,Site officiel,Carré or,2,49.3,0.0,98.6,ORBITE 2026-27
O002135,B01762,S02,2026-07-30,Site officiel,Normal,1,34.0,0.0,34.0,ORBITE 2026-27
O002136,B01763,S02,2026-07-31,Fnac Spectacles,Normal,2,34.0,2.35,68.0,ORBITE 2026-27
O002137,B01764,S02,2026-07-31,Fnac Spectacles,Normal,2,34.0,2.36,68.0,ORBITE 2026-27
O002138,B01765,S02,2026-07-31,Shotgun,Normal,1,34.0,3.26,34.0,ORBITE 2026-27
O002139,B01766,S02,2026-08-01,Dice,Carré or,1,49.3,2.22,49.3,ORBITE 2026-27
O002140,B01767,S02,2026-08-01,Dice,Normal,2,34.0,2.6,68.0,ORBITE 2026-27
O002141,B01768,S02,2026-08-01,Site officiel,Normal,2,34.0,0.0,68.0,ORBITE 2026-27
O002142,B01769,S02,2026-08-01,Dice,Carré or,3,49.3,2.57,147.9,ORBITE 2026-27
O002143,B01770,S02,2026-08-01,Site officiel,Normal,2,34.0,0.0,68.0,ORBITE 2026-27
O002144,B01771,S02,2026-08-01,Fnac Spectacles,Normal,2,34.0,1.94,68.0,ORBITE 2026-27
O002145,B01772,S02,2026-08-01,Fnac Spectacles,Normal,1,34.0,1.97,34.0,ORBITE 2026-27
O002146,B01773,S02,2026-08-02,Ticketmaster,Normal,2,34.0,2.31,68.0,ORBITE 2026-27
O002147,B01774,S02,2026-08-02,Fnac Spectacles,Carré or,2,49.3,2.49,98.6,ORBITE 2026-27
O002148,B01775,S02,2026-08-02,Fnac Spectacles,Normal,1,34.0,2.59,34.0,ORBITE 2026-27
O002149,B01776,S02,2026-08-02,Site officiel,Normal,4,34.0,0.0,136.0,ORBITE 2026-27
O002150,B01777,S02,2026-08-02,Dice,Normal,2,34.0,3.01,68.0,ORBITE 2026-27
O002151,B01688,S02,2026-08-02,Fnac Spectacles,Normal,3,34.0,3.04,102.0,ORBITE 2026-27
O002152,B01778,S02,2026-08-02,Fnac Spectacles,Normal,2,34.0,2.46,68.0,ORBITE 2026-27
O002153,B01779,S02,2026-08-02,Dice,Normal,2,34.0,2.33,68.0,ORBITE 2026-27
O002154,B01780,S02,2026-08-03,Shotgun,Normal,3,34.0,2.33,102.0,ORBITE 2026-27
O002155,B01709,S02,2026-08-03,Site officiel,Normal,2,34.0,0.0,68.0,ORBITE 2026-27
O002156,B01781,S02,2026-08-03,Dice,Normal,3,34.0,2.72,102.0,ORBITE 2026-27
O002157,B01782,S02,2026-08-03,Shotgun,Normal,1,34.0,2.07,34.0,ORBITE 2026-27
O002158,B01783,S02,2026-08-04,Shotgun,Normal,2,34.0,2.29,68.0,ORBITE 2026-27
O002159,B01784,S02,2026-08-04,Ticketmaster,Normal,2,34.0,3.04,68.0,ORBITE 2026-27
O002160,B01785,S02,2026-08-04,Fnac Spectacles,Normal,2,34.0,3.08,68.0,ORBITE 2026-27
O002161,B01786,S02,2026-08-04,Dice,Normal,2,34.0,3.02,68.0,ORBITE 2026-27
O002162,B01787,S02,2026-08-04,Dice,Normal,3,34.0,3.15,102.0,ORBITE 2026-27
O002163,B01788,S02,2026-08-04,Fnac Spectacles,Normal,2,34.0,2.05,68.0,ORBITE 2026-27
O002164,B01437,S02,2026-08-04,Ticketmaster,Normal,2,34.0,2.06,68.0,ORBITE 2026-27
O002165,B01789,S02,2026-08-04,Site officiel,Normal,1,34.0,0.0,34.0,ORBITE 2026-27
O002166,B01790,S02,2026-08-04,Site officiel,Normal,2,34.0,0.0,68.0,ORBITE 2026-27
O002167,B01791,S02,2026-08-04,Site officiel,Normal,2,34.0,0.0,68.0,ORBITE 2026-27
O002168,B01792,S03,2026-06-09,Fnac Spectacles,Normal,2,30.0,3.07,60.0,ORBITE 2026-27
O002169,B01793,S03,2026-06-09,Fnac Spectacles,Normal,2,30.0,2.59,60.0,ORBITE 2026-27
O002170,B01794,S03,2026-06-09,Ticketmaster,Normal,2,30.0,2.37,60.0,ORBITE 2026-27
O002171,B01795,S03,2026-06-09,Fnac Spectacles,Prévente,2,26.4,2.59,52.8,ORBITE 2026-27
O002172,B01796,S03,2026-06-09,Fnac Spectacles,Normal,2,30.0,1.92,60.0,ORBITE 2026-27
O002173,B01797,S03,2026-06-09,Shotgun,Prévente,2,26.4,2.54,52.8,ORBITE 2026-27
O002174,B01798,S03,2026-06-09,Site officiel,Normal,2,30.0,0.0,60.0,ORBITE 2026-27
O002175,B01799,S03,2026-06-09,Dice,Normal,1,30.0,2.82,30.0,ORBITE 2026-27
O002176,B01800,S03,2026-06-09,Site officiel,Normal,1,30.0,0.0,30.0,ORBITE 2026-27
O002177,B00266,S03,2026-06-09,Ticketmaster,Normal,2,30.0,2.17,60.0,ORBITE 2026-27
O002178,B01801,S03,2026-06-09,Fnac Spectacles,Normal,2,30.0,3.24,60.0,ORBITE 2026-27
O002179,B01802,S03,2026-06-09,Dice,Carré or,2,43.5,3.09,87.0,ORBITE 2026-27
O002180,B01803,S03,2026-06-09,Ticketmaster,Normal,2,30.0,3.35,60.0,ORBITE 2026-27
O002181,B01804,S03,2026-06-09,Shotgun,Normal,2,30.0,2.27,60.0,ORBITE 2026-27
O002182,B01805,S03,2026-06-09,Dice,Normal,2,30.0,2.07,60.0,ORBITE 2026-27
O002183,B01806,S03,2026-06-09,Site officiel,Carré or,2,43.5,0.0,87.0,ORBITE 2026-27
O002184,B00257,S03,2026-06-09,Site officiel,Normal,2,30.0,0.0,60.0,ORBITE 2026-27
O002185,B00324,S03,2026-06-09,Dice,Normal,1,30.0,2.26,30.0,ORBITE 2026-27
O002186,B01807,S03,2026-06-09,Ticketmaster,Prévente,2,26.4,2.67,52.8,ORBITE 2026-27
O002187,B01808,S03,2026-06-09,Ticketmaster,Normal,2,30.0,1.92,60.0,ORBITE 2026-27
O002188,B01809,S03,2026-06-09,Shotgun,Normal,2,30.0,2.2,60.0,ORBITE 2026-27
O002189,B01810,S03,2026-06-09,Ticketmaster,Carré or,2,43.5,3.27,87.0,ORBITE 2026-27
O002190,B00852,S03,2026-06-09,Fnac Spectacles,Normal,1,30.0,2.75,30.0,ORBITE 2026-27
O002191,B01811,S03,2026-06-09,Fnac Spectacles,Normal,4,30.0,2.82,120.0,ORBITE 2026-27
O002192,B01812,S03,2026-06-09,Site officiel,Normal,2,30.0,0.0,60.0,ORBITE 2026-27
O002193,B01813,S03,2026-06-09,Site officiel,Prévente,1,26.4,0.0,26.4,ORBITE 2026-27
O002194,B01814,S03,2026-06-09,Ticketmaster,Normal,2,30.0,3.3,60.0,ORBITE 2026-27
O002195,B01781,S03,2026-06-09,Dice,Normal,2,30.0,2.33,60.0,ORBITE 2026-27
O002196,B01815,S03,2026-06-09,Site officiel,Normal,2,30.0,0.0,60.0,ORBITE 2026-27
O002197,B01816,S03,2026-06-09,Ticketmaster,Normal,2,30.0,3.0,60.0,ORBITE 2026-27
O002198,B01817,S03,2026-06-09,Site officiel,Normal,2,30.0,0.0,60.0,ORBITE 2026-27
O002199,B00821,S03,2026-06-09,Site officiel,Normal,3,30.0,0.0,90.0,ORBITE 2026-27
O002200,B01818,S03,2026-06-09,Fnac Spectacles,Normal,2,30.0,1.97,60.0,ORBITE 2026-27
O002201,B01819,S03,2026-06-09,Fnac Spectacles,Normal,2,30.0,2.09,60.0,ORBITE 2026-27
O002202,B01820,S03,2026-06-09,Site officiel,Normal,3,30.0,0.0,90.0,ORBITE 2026-27
O002203,B00045,S03,2026-06-09,Ticketmaster,Normal,1,30.0,2.42,30.0,ORBITE 2026-27
O002204,B01821,S03,2026-06-09,Shotgun,Prévente,2,26.4,2.71,52.8,ORBITE 2026-27
O002205,B01822,S03,2026-06-09,Fnac Spectacles,Normal,3,30.0,2.16,90.0,ORBITE 2026-27
O002206,B00263,S03,2026-06-09,Dice,Normal,1,30.0,2.78,30.0,ORBITE 2026-27
O002207,B01823,S03,2026-06-09,Ticketmaster,Normal,1,30.0,2.48,30.0,ORBITE 2026-27
O002208,B01824,S03,2026-06-09,Site officiel,Prévente,2,26.4,0.0,52.8,ORBITE 2026-27
O002209,B01825,S03,2026-06-09,Fnac Spectacles,Prévente,1,26.4,2.71,26.4,ORBITE 2026-27
O002210,B01826,S03,2026-06-09,Site officiel,Normal,2,30.0,0.0,60.0,ORBITE 2026-27
O002211,B01827,S03,2026-06-09,Site officiel,Normal,2,30.0,0.0,60.0,ORBITE 2026-27
O002212,B01828,S03,2026-06-09,Ticketmaster,Prévente,4,26.4,2.58,105.6,ORBITE 2026-27
O002213,B01829,S03,2026-06-09,Site officiel,Carré or,2,43.5,0.0,87.0,ORBITE 2026-27
O002214,B01830,S03,2026-06-09,Dice,Prévente,2,26.4,2.69,52.8,ORBITE 2026-27
O002215,B01831,S03,2026-06-09,Ticketmaster,Carré or,4,43.5,2.54,174.0,ORBITE 2026-27
O002216,B00584,S03,2026-06-09,Ticketmaster,Prévente,2,26.4,3.18,52.8,ORBITE 2026-27
O002217,B00547,S03,2026-06-09,Fnac Spectacles,Normal,2,30.0,3.19,60.0,ORBITE 2026-27
O002218,B01832,S03,2026-06-09,Fnac Spectacles,Normal,1,30.0,3.04,30.0,ORBITE 2026-27
O002219,B01833,S03,2026-06-09,Fnac Spectacles,Normal,1,30.0,3.23,30.0,ORBITE 2026-27
O002220,B01834,S03,2026-06-09,Site officiel,Normal,2,30.0,0.0,60.0,ORBITE 2026-27
O002221,B01638,S03,2026-06-09,Shotgun,Normal,3,30.0,2.22,90.0,ORBITE 2026-27
O002222,B01638,S03,2026-06-09,Site officiel,Normal,1,30.0,0.0,30.0,ORBITE 2026-27
O002223,B01835,S03,2026-06-09,Fnac Spectacles,Normal,3,30.0,2.66,90.0,ORBITE 2026-27
O002224,B01836,S03,2026-06-09,Shotgun,Normal,2,30.0,3.13,60.0,ORBITE 2026-27
O002225,B00986,S03,2026-06-09,Fnac Spectacles,Normal,2,30.0,2.11,60.0,ORBITE 2026-27
O002226,B01837,S03,2026-06-09,Fnac Spectacles,Normal,2,30.0,2.52,60.0,ORBITE 2026-27
O002227,B01838,S03,2026-06-09,Dice,Normal,2,30.0,3.2,60.0,ORBITE 2026-27
O002228,B00291,S03,2026-06-09,Ticketmaster,Prévente,1,26.4,2.1,26.4,ORBITE 2026-27
O002229,B01839,S03,2026-06-09,Site officiel,Normal,2,30.0,0.0,60.0,ORBITE 2026-27
O002230,B01840,S03,2026-06-09,Dice,Normal,2,30.0,3.17,60.0,ORBITE 2026-27
O002231,B01841,S03,2026-06-09,Shotgun,Normal,2,30.0,1.97,60.0,ORBITE 2026-27
O002232,B00717,S03,2026-06-09,Site officiel,Prévente,1,26.4,0.0,26.4,ORBITE 2026-27
O002233,B00678,S03,2026-06-09,Site officiel,Normal,2,30.0,0.0,60.0,ORBITE 2026-27
O002234,B00023,S03,2026-06-09,Fnac Spectacles,Prévente,2,26.4,3.23,52.8,ORBITE 2026-27
O002235,B01842,S03,2026-06-09,Ticketmaster,Normal,2,30.0,2.64,60.0,ORBITE 2026-27
O002236,B01843,S03,2026-06-09,Dice,Normal,2,30.0,2.39,60.0,ORBITE 2026-27
O002237,B01844,S03,2026-06-09,Shotgun,Normal,1,30.0,2.02,30.0,ORBITE 2026-27
O002238,B01845,S03,2026-06-09,Ticketmaster,Normal,2,30.0,2.91,60.0,ORBITE 2026-27
O002239,B01846,S03,2026-06-09,Ticketmaster,Prévente,1,26.4,2.12,26.4,ORBITE 2026-27
O002240,B01847,S03,2026-06-09,Fnac Spectacles,Normal,1,30.0,2.48,30.0,ORBITE 2026-27
O002241,B01848,S03,2026-06-09,Shotgun,Normal,4,30.0,3.19,120.0,ORBITE 2026-27
O002242,B01849,S03,2026-06-09,Fnac Spectacles,Normal,2,30.0,2.96,60.0,ORBITE 2026-27
O002243,B00076,S03,2026-06-09,Dice,Normal,2,30.0,2.69,60.0,ORBITE 2026-27
O002244,B01850,S03,2026-06-09,Fnac Spectacles,Carré or,1,43.5,3.12,43.5,ORBITE 2026-27
O002245,B01792,S03,2026-06-09,Fnac Spectacles,Normal,2,30.0,3.29,60.0,ORBITE 2026-27
O002246,B01851,S03,2026-06-09,Fnac Spectacles,Carré or,2,43.5,3.25,87.0,ORBITE 2026-27
O002247,B01852,S03,2026-06-09,Fnac Spectacles,Normal,2,30.0,2.31,60.0,ORBITE 2026-27
O002248,B01853,S03,2026-06-09,Dice,Normal,1,30.0,1.98,30.0,ORBITE 2026-27
O002249,B01854,S03,2026-06-09,Ticketmaster,Normal,2,30.0,1.99,60.0,ORBITE 2026-27
O002250,B00770,S03,2026-06-09,Fnac Spectacles,Prévente,1,26.4,1.97,26.4,ORBITE 2026-27
O002251,B01855,S03,2026-06-09,Dice,Normal,2,30.0,2.68,60.0,ORBITE 2026-27
O002252,B01856,S03,2026-06-09,Ticketmaster,Prévente,1,26.4,3.36,26.4,ORBITE 2026-27
O002253,B00863,S03,2026-06-10,Site officiel,Normal,2,30.0,0.0,60.0,ORBITE 2026-27
O002254,B01857,S03,2026-06-10,Ticketmaster,Normal,2,30.0,3.23,60.0,ORBITE 2026-27
O002255,B01858,S03,2026-06-10,Fnac Spectacles,Normal,1,30.0,2.5,30.0,ORBITE 2026-27
O002256,B01859,S03,2026-06-10,Fnac Spectacles,Normal,2,30.0,2.89,60.0,ORBITE 2026-27
O002257,B01860,S03,2026-06-10,Dice,Normal,1,30.0,2.54,30.0,ORBITE 2026-27
O002258,B01861,S03,2026-06-10,Ticketmaster,Normal,2,30.0,2.44,60.0,ORBITE 2026-27
O002259,B01860,S03,2026-06-10,Ticketmaster,Carré or,3,43.5,2.16,130.5,ORBITE 2026-27
O002260,B01710,S03,2026-06-10,Fnac Spectacles,Normal,1,30.0,2.22,30.0,ORBITE 2026-27
O002261,B01862,S03,2026-06-10,Dice,Normal,1,30.0,2.47,30.0,ORBITE 2026-27
O002262,B00624,S03,2026-06-10,Ticketmaster,Normal,2,30.0,2.65,60.0,ORBITE 2026-27
O002263,B01863,S03,2026-06-10,Fnac Spectacles,Prévente,1,26.4,2.57,26.4,ORBITE 2026-27
O002264,B01864,S03,2026-06-10,Ticketmaster,Prévente,3,26.4,2.26,79.2,ORBITE 2026-27
O002265,B01865,S03,2026-06-10,Shotgun,Normal,1,30.0,3.3,30.0,ORBITE 2026-27
O002266,B01866,S03,2026-06-10,Site officiel,Normal,3,30.0,0.0,90.0,ORBITE 2026-27
O002267,B01867,S03,2026-06-10,Fnac Spectacles,Normal,2,30.0,2.3,60.0,ORBITE 2026-27
O002268,B01868,S03,2026-06-10,Ticketmaster,Normal,3,30.0,2.9,90.0,ORBITE 2026-27
O002269,B01869,S03,2026-06-10,Fnac Spectacles,Normal,2,30.0,3.0,60.0,ORBITE 2026-27
O002270,B01870,S03,2026-06-10,Site officiel,Normal,2,30.0,0.0,60.0,ORBITE 2026-27
O002271,B01871,S03,2026-06-10,Site officiel,Normal,2,30.0,0.0,60.0,ORBITE 2026-27
O002272,B01872,S03,2026-06-10,Fnac Spectacles,Normal,2,30.0,3.25,60.0,ORBITE 2026-27
O002273,B01873,S03,2026-06-10,Shotgun,Normal,2,30.0,2.5,60.0,ORBITE 2026-27
O002274,B00165,S03,2026-06-10,Dice,Normal,3,30.0,2.81,90.0,ORBITE 2026-27
O002275,B01874,S03,2026-06-10,Site officiel,Prévente,2,26.4,0.0,52.8,ORBITE 2026-27
O002276,B01875,S03,2026-06-10,Site officiel,Carré or,2,43.5,0.0,87.0,ORBITE 2026-27
O002277,B01876,S03,2026-06-10,Site officiel,Normal,2,30.0,0.0,60.0,ORBITE 2026-27
O002278,B01877,S03,2026-06-10,Shotgun,Normal,1,30.0,2.24,30.0,ORBITE 2026-27
O002279,B01878,S03,2026-06-10,Shotgun,Prévente,2,26.4,2.8,52.8,ORBITE 2026-27
O002280,B00720,S03,2026-06-10,Dice,Normal,2,30.0,3.4,60.0,ORBITE 2026-27
O002281,B01879,S03,2026-06-10,Site officiel,Normal,2,30.0,0.0,60.0,ORBITE 2026-27
O002282,B01880,S03,2026-06-10,Ticketmaster,Normal,2,30.0,2.05,60.0,ORBITE 2026-27
O002283,B01881,S03,2026-06-10,Shotgun,Prévente,2,26.4,2.67,52.8,ORBITE 2026-27
O002284,B01882,S03,2026-06-10,Dice,Normal,1,30.0,2.65,30.0,ORBITE 2026-27
O002285,B01883,S03,2026-06-10,Fnac Spectacles,Normal,2,30.0,2.84,60.0,ORBITE 2026-27
O002286,B01884,S03,2026-06-10,Site officiel,Carré or,4,43.5,0.0,174.0,ORBITE 2026-27
O002287,B00215,S03,2026-06-10,Shotgun,Normal,2,30.0,3.01,60.0,ORBITE 2026-27
O002288,B01885,S03,2026-06-10,Fnac Spectacles,Prévente,2,26.4,2.96,52.8,ORBITE 2026-27
O002289,B00054,S03,2026-06-10,Shotgun,Prévente,2,26.4,3.28,52.8,ORBITE 2026-27
O002290,B01886,S03,2026-06-10,Site officiel,Normal,2,30.0,0.0,60.0,ORBITE 2026-27
O002291,B01887,S03,2026-06-10,Dice,Normal,1,30.0,2.17,30.0,ORBITE 2026-27
O002292,B00819,S03,2026-06-10,Fnac Spectacles,Normal,2,30.0,2.57,60.0,ORBITE 2026-27
O002293,B01888,S03,2026-06-10,Shotgun,Normal,2,30.0,2.25,60.0,ORBITE 2026-27
O002294,B01889,S03,2026-06-10,Fnac Spectacles,Prévente,2,26.4,3.21,52.8,ORBITE 2026-27
O002295,B01890,S03,2026-06-10,Fnac Spectacles,Normal,2,30.0,3.34,60.0,ORBITE 2026-27
O002296,B01891,S03,2026-06-10,Site officiel,Prévente,1,26.4,0.0,26.4,ORBITE 2026-27
O002297,B01776,S03,2026-06-10,Site officiel,Prévente,4,26.4,0.0,105.6,ORBITE 2026-27
O002298,B00280,S03,2026-06-10,Ticketmaster,Normal,2,30.0,2.1,60.0,ORBITE 2026-27
O002299,B01892,S03,2026-06-10,Fnac Spectacles,Normal,3,30.0,2.74,90.0,ORBITE 2026-27
O002300,B01893,S03,2026-06-10,Fnac Spectacles,Prévente,2,26.4,2.81,52.8,ORBITE 2026-27
O002301,B01894,S03,2026-06-10,Ticketmaster,Normal,2,30.0,1.97,60.0,ORBITE 2026-27
O002302,B01895,S03,2026-06-10,Site officiel,Carré or,3,43.5,0.0,130.5,ORBITE 2026-27
O002303,B01896,S03,2026-06-10,Site officiel,Normal,1,30.0,0.0,30.0,ORBITE 2026-27
O002304,B01036,S03,2026-06-10,Dice,Carré or,2,43.5,2.25,87.0,ORBITE 2026-27
O002305,B01452,S03,2026-06-10,Site officiel,Normal,2,30.0,0.0,60.0,ORBITE 2026-27
O002306,B01897,S03,2026-06-10,Dice,Normal,2,30.0,2.96,60.0,ORBITE 2026-27
O002307,B01898,S03,2026-06-10,Site officiel,Prévente,2,26.4,0.0,52.8,ORBITE 2026-27
O002308,B01828,S03,2026-06-10,Site officiel,Normal,2,30.0,0.0,60.0,ORBITE 2026-27
O002309,B01899,S03,2026-06-10,Shotgun,Normal,2,30.0,3.38,60.0,ORBITE 2026-27
O002310,B01900,S03,2026-06-10,Dice,Carré or,2,43.5,2.44,87.0,ORBITE 2026-27
O002311,B01901,S03,2026-06-10,Shotgun,Normal,1,30.0,2.9,30.0,ORBITE 2026-27
O002312,B01696,S03,2026-06-10,Fnac Spectacles,Normal,2,30.0,2.06,60.0,ORBITE 2026-27
O002313,B01902,S03,2026-06-10,Ticketmaster,Normal,2,30.0,2.53,60.0,ORBITE 2026-27
O002314,B01903,S03,2026-06-10,Fnac Spectacles,Normal,3,30.0,2.29,90.0,ORBITE 2026-27
O002315,B01904,S03,2026-06-10,Fnac Spectacles,Normal,2,30.0,3.17,60.0,ORBITE 2026-27
O002316,B01905,S03,2026-06-10,Fnac Spectacles,Normal,1,30.0,2.89,30.0,ORBITE 2026-27
O002317,B01906,S03,2026-06-10,Site officiel,Normal,2,30.0,0.0,60.0,ORBITE 2026-27
O002318,B01907,S03,2026-06-10,Fnac Spectacles,Normal,2,30.0,3.24,60.0,ORBITE 2026-27
O002319,B00337,S03,2026-06-10,Shotgun,Prévente,2,26.4,2.86,52.8,ORBITE 2026-27
O002320,B01908,S03,2026-06-10,Fnac Spectacles,Normal,3,30.0,3.26,90.0,ORBITE 2026-27
O002321,B01909,S03,2026-06-10,Shotgun,Prévente,2,26.4,1.92,52.8,ORBITE 2026-27
O002322,B01910,S03,2026-06-10,Site officiel,Normal,2,30.0,0.0,60.0,ORBITE 2026-27
O002323,B01911,S03,2026-06-10,Ticketmaster,Carré or,2,43.5,2.57,87.0,ORBITE 2026-27
O002324,B01912,S03,2026-06-10,Fnac Spectacles,Prévente,1,26.4,2.49,26.4,ORBITE 2026-27
O002325,B01787,S03,2026-06-10,Dice,Normal,2,30.0,3.28,60.0,ORBITE 2026-27
O002326,B01913,S03,2026-06-10,Dice,Normal,1,30.0,2.46,30.0,ORBITE 2026-27
O002327,B01914,S03,2026-06-10,Site officiel,Normal,2,30.0,0.0,60.0,ORBITE 2026-27
O002328,B01915,S03,2026-06-11,Site officiel,Normal,2,30.0,0.0,60.0,ORBITE 2026-27
O002329,B01916,S03,2026-06-11,Shotgun,Normal,4,30.0,2.65,120.0,ORBITE 2026-27
O002330,B01917,S03,2026-06-11,Site officiel,Prévente,2,26.4,0.0,52.8,ORBITE 2026-27
O002331,B01918,S03,2026-06-11,Fnac Spectacles,Normal,1,30.0,2.13,30.0,ORBITE 2026-27
O002332,B01919,S03,2026-06-11,Fnac Spectacles,Normal,1,30.0,2.72,30.0,ORBITE 2026-27
O002333,B00394,S03,2026-06-11,Dice,Normal,2,30.0,2.14,60.0,ORBITE 2026-27
O002334,B01920,S03,2026-06-11,Fnac Spectacles,Normal,2,30.0,2.04,60.0,ORBITE 2026-27
O002335,B01921,S03,2026-06-11,Dice,Normal,2,30.0,2.82,60.0,ORBITE 2026-27
O002336,B01922,S03,2026-06-11,Fnac Spectacles,Normal,1,30.0,2.08,30.0,ORBITE 2026-27
O002337,B01923,S03,2026-06-11,Shotgun,Normal,2,30.0,3.36,60.0,ORBITE 2026-27
O002338,B01924,S03,2026-06-11,Site officiel,Normal,2,30.0,0.0,60.0,ORBITE 2026-27
O002339,B01925,S03,2026-06-11,Shotgun,Normal,2,30.0,2.44,60.0,ORBITE 2026-27
O002340,B01646,S03,2026-06-11,Ticketmaster,Normal,1,30.0,2.75,30.0,ORBITE 2026-27
O002341,B01926,S03,2026-06-11,Dice,Normal,2,30.0,2.1,60.0,ORBITE 2026-27
O002342,B00370,S03,2026-06-11,Site officiel,Prévente,2,26.4,0.0,52.8,ORBITE 2026-27
O002343,B01927,S03,2026-06-11,Dice,Normal,2,30.0,1.91,60.0,ORBITE 2026-27
O002344,B01928,S03,2026-06-11,Fnac Spectacles,Normal,1,30.0,3.33,30.0,ORBITE 2026-27
O002345,B01929,S03,2026-06-11,Site officiel,Normal,2,30.0,0.0,60.0,ORBITE 2026-27
O002346,B00843,S03,2026-06-11,Dice,Prévente,3,26.4,2.46,79.2,ORBITE 2026-27
O002347,B01930,S03,2026-06-11,Fnac Spectacles,Normal,2,30.0,2.6,60.0,ORBITE 2026-27
O002348,B00244,S03,2026-06-11,Shotgun,Prévente,2,26.4,2.84,52.8,ORBITE 2026-27
O002349,B01931,S03,2026-06-11,Fnac Spectacles,Normal,2,30.0,2.14,60.0,ORBITE 2026-27
O002350,B01932,S03,2026-06-11,Shotgun,Prévente,2,26.4,2.27,52.8,ORBITE 2026-27
O002351,B01933,S03,2026-06-11,Shotgun,Normal,1,30.0,2.17,30.0,ORBITE 2026-27
O002352,B01934,S03,2026-06-11,Fnac Spectacles,Normal,2,30.0,2.78,60.0,ORBITE 2026-27
O002353,B01935,S03,2026-06-11,Fnac Spectacles,Normal,2,30.0,3.25,60.0,ORBITE 2026-27
O002354,B01936,S03,2026-06-11,Site officiel,Normal,3,30.0,0.0,90.0,ORBITE 2026-27
O002355,B01937,S03,2026-06-11,Site officiel,Normal,2,30.0,0.0,60.0,ORBITE 2026-27
O002356,B01741,S03,2026-06-11,Ticketmaster,Normal,4,30.0,2.69,120.0,ORBITE 2026-27
O002357,B01938,S03,2026-06-11,Fnac Spectacles,Normal,2,30.0,2.7,60.0,ORBITE 2026-27
O002358,B01939,S03,2026-06-11,Ticketmaster,Normal,2,30.0,3.12,60.0,ORBITE 2026-27
O002359,B01940,S03,2026-06-11,Fnac Spectacles,Normal,2,30.0,2.24,60.0,ORBITE 2026-27
O002360,B01414,S03,2026-06-11,Dice,Normal,1,30.0,3.01,30.0,ORBITE 2026-27
O002361,B01941,S03,2026-06-11,Ticketmaster,Prévente,2,26.4,2.11,52.8,ORBITE 2026-27
O002362,B01942,S03,2026-06-11,Shotgun,Normal,1,30.0,3.24,30.0,ORBITE 2026-27
O002363,B01943,S03,2026-06-11,Fnac Spectacles,Normal,2,30.0,1.94,60.0,ORBITE 2026-27
O002364,B01944,S03,2026-06-11,Ticketmaster,Normal,2,30.0,2.57,60.0,ORBITE 2026-27
O002365,B01945,S03,2026-06-11,Site officiel,Normal,3,30.0,0.0,90.0,ORBITE 2026-27
O002366,B01946,S03,2026-06-11,Fnac Spectacles,Normal,2,30.0,2.98,60.0,ORBITE 2026-27
O002367,B01947,S03,2026-06-11,Shotgun,Normal,2,30.0,1.98,60.0,ORBITE 2026-27
O002368,B00222,S03,2026-06-11,Ticketmaster,Normal,2,30.0,2.7,60.0,ORBITE 2026-27
O002369,B01948,S03,2026-06-11,Shotgun,Prévente,2,26.4,2.23,52.8,ORBITE 2026-27
O002370,B01949,S03,2026-06-11,Fnac Spectacles,Normal,2,30.0,2.95,60.0,ORBITE 2026-27
O002371,B01950,S03,2026-06-11,Shotgun,Prévente,2,26.4,3.21,52.8,ORBITE 2026-27
O002372,B00266,S03,2026-06-11,Fnac Spectacles,Normal,2,30.0,2.86,60.0,ORBITE 2026-27
O002373,B01951,S03,2026-06-11,Site officiel,Normal,2,30.0,0.0,60.0,ORBITE 2026-27
O002374,B01952,S03,2026-06-11,Shotgun,Normal,3,30.0,2.77,90.0,ORBITE 2026-27
O002375,B01953,S03,2026-06-11,Ticketmaster,Normal,2,30.0,3.16,60.0,ORBITE 2026-27
O002376,B01764,S03,2026-06-11,Ticketmaster,Carré or,2,43.5,2.44,87.0,ORBITE 2026-27
O002377,B01954,S03,2026-06-11,Ticketmaster,Normal,3,30.0,2.69,90.0,ORBITE 2026-27
O002378,B01955,S03,2026-06-11,Fnac Spectacles,Normal,2,30.0,2.03,60.0,ORBITE 2026-27
O002379,B01956,S03,2026-06-11,Dice,Normal,2,30.0,1.9,60.0,ORBITE 2026-27
O002380,B01355,S03,2026-06-11,Fnac Spectacles,Normal,2,30.0,2.5,60.0,ORBITE 2026-27
O002381,B01957,S03,2026-06-11,Ticketmaster,Normal,2,30.0,3.28,60.0,ORBITE 2026-27
O002382,B01958,S03,2026-06-11,Fnac Spectacles,Normal,2,30.0,3.11,60.0,ORBITE 2026-27
O002383,B01959,S03,2026-06-11,Ticketmaster,Normal,1,30.0,2.5,30.0,ORBITE 2026-27
O002384,B01960,S03,2026-06-11,Fnac Spectacles,Normal,2,30.0,2.37,60.0,ORBITE 2026-27
O002385,B01961,S03,2026-06-11,Shotgun,Normal,1,30.0,2.45,30.0,ORBITE 2026-27
O002386,B01962,S03,2026-06-11,Ticketmaster,Prévente,2,26.4,2.03,52.8,ORBITE 2026-27
O002387,B01216,S03,2026-06-11,Dice,Normal,1,30.0,1.92,30.0,ORBITE 2026-27
O002388,B01963,S03,2026-06-11,Shotgun,Normal,2,30.0,3.0,60.0,ORBITE 2026-27
O002389,B01964,S03,2026-06-11,Site officiel,Normal,1,30.0,0.0,30.0,ORBITE 2026-27
O002390,B01965,S03,2026-06-11,Fnac Spectacles,Normal,2,30.0,2.38,60.0,ORBITE 2026-27
O002391,B01966,S03,2026-06-11,Site officiel,Carré or,2,43.5,0.0,87.0,ORBITE 2026-27
O002392,B01967,S03,2026-06-11,Fnac Spectacles,Prévente,2,26.4,2.46,52.8,ORBITE 2026-27
O002393,B01968,S03,2026-06-11,Site officiel,Normal,2,30.0,0.0,60.0,ORBITE 2026-27
O002394,B01792,S03,2026-06-11,Fnac Spectacles,Normal,2,30.0,2.37,60.0,ORBITE 2026-27
O002395,B01969,S03,2026-06-12,Ticketmaster,Normal,2,30.0,2.08,60.0,ORBITE 2026-27
O002396,B01970,S03,2026-06-12,Fnac Spectacles,Normal,2,30.0,2.83,60.0,ORBITE 2026-27
O002397,B01971,S03,2026-06-12,Shotgun,Normal,2,30.0,3.2,60.0,ORBITE 2026-27
O002398,B01972,S03,2026-06-12,Fnac Spectacles,Prévente,2,26.4,2.05,52.8,ORBITE 2026-27
O002399,B01973,S03,2026-06-12,Ticketmaster,Prévente,2,26.4,2.02,52.8,ORBITE 2026-27
O002400,B01974,S03,2026-06-12,Ticketmaster,Normal,2,30.0,2.33,60.0,ORBITE 2026-27
O002401,B01975,S03,2026-06-12,Dice,Normal,2,30.0,2.51,60.0,ORBITE 2026-27
O002402,B01976,S03,2026-06-12,Fnac Spectacles,Normal,2,30.0,2.53,60.0,ORBITE 2026-27
O002403,B01146,S03,2026-06-12,Site officiel,Normal,2,30.0,0.0,60.0,ORBITE 2026-27
O002404,B01690,S03,2026-06-12,Fnac Spectacles,Normal,1,30.0,2.17,30.0,ORBITE 2026-27
O002405,B01977,S03,2026-06-12,Fnac Spectacles,Normal,3,30.0,3.35,90.0,ORBITE 2026-27
O002406,B01978,S03,2026-06-12,Fnac Spectacles,Normal,2,30.0,2.79,60.0,ORBITE 2026-27
O002407,B01979,S03,2026-06-12,Fnac Spectacles,Normal,1,30.0,2.97,30.0,ORBITE 2026-27
O002408,B01980,S03,2026-06-12,Site officiel,Prévente,1,26.4,0.0,26.4,ORBITE 2026-27
O002409,B01981,S03,2026-06-12,Site officiel,Normal,1,30.0,0.0,30.0,ORBITE 2026-27
O002410,B01982,S03,2026-06-12,Fnac Spectacles,Carré or,2,43.5,2.05,87.0,ORBITE 2026-27
O002411,B01983,S03,2026-06-12,Fnac Spectacles,Normal,2,30.0,3.38,60.0,ORBITE 2026-27
O002412,B01984,S03,2026-06-12,Fnac Spectacles,Normal,4,30.0,3.01,120.0,ORBITE 2026-27
O002413,B01985,S03,2026-06-12,Site officiel,Normal,1,30.0,0.0,30.0,ORBITE 2026-27
O002414,B01200,S03,2026-06-12,Shotgun,Normal,2,30.0,2.19,60.0,ORBITE 2026-27
O002415,B01986,S03,2026-06-12,Ticketmaster,Prévente,2,26.4,2.03,52.8,ORBITE 2026-27
O002416,B01987,S03,2026-06-12,Site officiel,Normal,1,30.0,0.0,30.0,ORBITE 2026-27
O002417,B01988,S03,2026-06-12,Ticketmaster,Normal,1,30.0,3.17,30.0,ORBITE 2026-27
O002418,B01989,S03,2026-06-12,Dice,Prévente,2,26.4,3.16,52.8,ORBITE 2026-27
O002419,B00705,S03,2026-06-12,Ticketmaster,Normal,2,30.0,3.17,60.0,ORBITE 2026-27
O002420,B01990,S03,2026-06-12,Site officiel,Normal,2,30.0,0.0,60.0,ORBITE 2026-27
O002421,B01991,S03,2026-06-12,Shotgun,Prévente,1,26.4,1.98,26.4,ORBITE 2026-27
O002422,B01992,S03,2026-06-12,Fnac Spectacles,Prévente,4,26.4,2.92,105.6,ORBITE 2026-27
O002423,B01993,S03,2026-06-12,Site officiel,Normal,2,30.0,0.0,60.0,ORBITE 2026-27
O002424,B01994,S03,2026-06-12,Fnac Spectacles,Normal,2,30.0,2.29,60.0,ORBITE 2026-27
O002425,B01995,S03,2026-06-12,Site officiel,Normal,2,30.0,0.0,60.0,ORBITE 2026-27
O002426,B01996,S03,2026-06-12,Site officiel,Carré or,2,43.5,0.0,87.0,ORBITE 2026-27
O002427,B01997,S03,2026-06-12,Fnac Spectacles,Normal,2,30.0,3.04,60.0,ORBITE 2026-27
O002428,B01998,S03,2026-06-12,Dice,Normal,3,30.0,2.2,90.0,ORBITE 2026-27
O002429,B01615,S03,2026-06-12,Fnac Spectacles,Normal,2,30.0,3.27,60.0,ORBITE 2026-27
O002430,B01999,S03,2026-06-12,Shotgun,Normal,2,30.0,2.97,60.0,ORBITE 2026-27
O002431,B00440,S03,2026-06-12,Fnac Spectacles,Normal,2,30.0,2.33,60.0,ORBITE 2026-27
O002432,B02000,S03,2026-06-12,Shotgun,Normal,1,30.0,2.1,30.0,ORBITE 2026-27
O002433,B02001,S03,2026-06-12,Site officiel,Prévente,2,26.4,0.0,52.8,ORBITE 2026-27
O002434,B02002,S03,2026-06-12,Ticketmaster,Prévente,2,26.4,2.16,52.8,ORBITE 2026-27
O002435,B02003,S03,2026-06-12,Fnac Spectacles,Normal,2,30.0,2.26,60.0,ORBITE 2026-27
O002436,B02004,S03,2026-06-12,Ticketmaster,Normal,2,30.0,2.89,60.0,ORBITE 2026-27
O002437,B02005,S03,2026-06-12,Shotgun,Normal,2,30.0,3.25,60.0,ORBITE 2026-27
O002438,B01421,S03,2026-06-12,Fnac Spectacles,Normal,2,30.0,2.65,60.0,ORBITE 2026-27
O002439,B02006,S03,2026-06-12,Fnac Spectacles,Normal,1,30.0,2.99,30.0,ORBITE 2026-27
O002440,B02007,S03,2026-06-12,Site officiel,Normal,1,30.0,0.0,30.0,ORBITE 2026-27
O002441,B02008,S03,2026-06-12,Shotgun,Prévente,2,26.4,3.24,52.8,ORBITE 2026-27
O002442,B02009,S03,2026-06-12,Fnac Spectacles,Prévente,2,26.4,1.92,52.8,ORBITE 2026-27
O002443,B02010,S03,2026-06-12,Fnac Spectacles,Carré or,2,43.5,2.36,87.0,ORBITE 2026-27
O002444,B02011,S03,2026-06-12,Site officiel,Normal,1,30.0,0.0,30.0,ORBITE 2026-27
O002445,B02012,S03,2026-06-12,Fnac Spectacles,Prévente,4,26.4,2.92,105.6,ORBITE 2026-27
O002446,B02013,S03,2026-06-12,Fnac Spectacles,Prévente,2,26.4,2.06,52.8,ORBITE 2026-27
O002447,B02014,S03,2026-06-12,Fnac Spectacles,Normal,2,30.0,2.62,60.0,ORBITE 2026-27
O002448,B02015,S03,2026-06-12,Ticketmaster,Prévente,1,26.4,2.59,26.4,ORBITE 2026-27
O002449,B02016,S03,2026-06-12,Site officiel,Normal,1,30.0,0.0,30.0,ORBITE 2026-27
O002450,B02017,S03,2026-06-12,Fnac Spectacles,Normal,2,30.0,2.63,60.0,ORBITE 2026-27
O002451,B02018,S03,2026-06-12,Fnac Spectacles,Normal,4,30.0,2.78,120.0,ORBITE 2026-27
O002452,B01478,S03,2026-06-12,Site officiel,Prévente,2,26.4,0.0,52.8,ORBITE 2026-27
O002453,B02019,S03,2026-06-13,Ticketmaster,Normal,2,30.0,1.91,60.0,ORBITE 2026-27
O002454,B02020,S03,2026-06-13,Dice,Normal,2,30.0,2.06,60.0,ORBITE 2026-27
O002455,B02021,S03,2026-06-13,Fnac Spectacles,Normal,1,30.0,2.17,30.0,ORBITE 2026-27
O002456,B02022,S03,2026-06-13,Site officiel,Normal,1,30.0,0.0,30.0,ORBITE 2026-27
O002457,B00299,S03,2026-06-13,Dice,Normal,2,30.0,2.62,60.0,ORBITE 2026-27
O002458,B02023,S03,2026-06-13,Site officiel,Normal,2,30.0,0.0,60.0,ORBITE 2026-27
O002459,B02024,S03,2026-06-13,Ticketmaster,Normal,1,30.0,1.94,30.0,ORBITE 2026-27
O002460,B02025,S03,2026-06-13,Dice,Normal,1,30.0,2.16,30.0,ORBITE 2026-27
O002461,B02026,S03,2026-06-13,Fnac Spectacles,Normal,1,30.0,2.38,30.0,ORBITE 2026-27
O002462,B02027,S03,2026-06-13,Dice,Normal,2,30.0,2.79,60.0,ORBITE 2026-27
O002463,B02028,S03,2026-06-13,Site officiel,Normal,2,30.0,0.0,60.0,ORBITE 2026-27
O002464,B00079,S03,2026-06-13,Shotgun,Prévente,2,26.4,2.37,52.8,ORBITE 2026-27
O002465,B02029,S03,2026-06-13,Fnac Spectacles,Prévente,1,26.4,3.14,26.4,ORBITE 2026-27
O002466,B02030,S03,2026-06-13,Dice,Normal,2,30.0,2.75,60.0,ORBITE 2026-27
O002467,B02031,S03,2026-06-13,Fnac Spectacles,Normal,2,30.0,2.83,60.0,ORBITE 2026-27
O002468,B00692,S03,2026-06-13,Site officiel,Prévente,2,26.4,0.0,52.8,ORBITE 2026-27
O002469,B02032,S03,2026-06-13,Shotgun,Prévente,1,26.4,2.91,26.4,ORBITE 2026-27
O002470,B01345,S03,2026-06-13,Fnac Spectacles,Normal,2,30.0,2.76,60.0,ORBITE 2026-27
O002471,B02033,S03,2026-06-13,Site officiel,Prévente,2,26.4,0.0,52.8,ORBITE 2026-27
O002472,B00597,S03,2026-06-13,Dice,Normal,3,30.0,2.23,90.0,ORBITE 2026-27
O002473,B02034,S03,2026-06-13,Fnac Spectacles,Normal,2,30.0,2.14,60.0,ORBITE 2026-27
O002474,B02035,S03,2026-06-13,Dice,Normal,2,30.0,2.27,60.0,ORBITE 2026-27
O002475,B02036,S03,2026-06-13,Dice,Normal,2,30.0,2.74,60.0,ORBITE 2026-27
O002476,B02037,S03,2026-06-13,Fnac Spectacles,Normal,1,30.0,3.26,30.0,ORBITE 2026-27
O002477,B02038,S03,2026-06-13,Fnac Spectacles,Normal,2,30.0,3.3,60.0,ORBITE 2026-27
O002478,B02039,S03,2026-06-13,Dice,Normal,2,30.0,2.32,60.0,ORBITE 2026-27
O002479,B02040,S03,2026-06-13,Ticketmaster,Normal,2,30.0,2.33,60.0,ORBITE 2026-27
O002480,B02041,S03,2026-06-13,Site officiel,Normal,2,30.0,0.0,60.0,ORBITE 2026-27
O002481,B02042,S03,2026-06-13,Dice,Normal,1,30.0,2.17,30.0,ORBITE 2026-27
O002482,B02043,S03,2026-06-13,Site officiel,Normal,2,30.0,0.0,60.0,ORBITE 2026-27
O002483,B02044,S03,2026-06-13,Fnac Spectacles,Normal,2,30.0,3.11,60.0,ORBITE 2026-27
O002484,B02045,S03,2026-06-13,Fnac Spectacles,Prévente,1,26.4,3.18,26.4,ORBITE 2026-27
O002485,B02046,S03,2026-06-14,Shotgun,Carré or,2,43.5,3.22,87.0,ORBITE 2026-27
O002486,B00749,S03,2026-06-14,Dice,Normal,1,30.0,2.45,30.0,ORBITE 2026-27
O002487,B02047,S03,2026-06-14,Shotgun,Normal,1,30.0,2.07,30.0,ORBITE 2026-27
O002488,B02048,S03,2026-06-14,Site officiel,Prévente,1,26.4,0.0,26.4,ORBITE 2026-27
O002489,B02049,S03,2026-06-14,Dice,Prévente,2,26.4,2.41,52.8,ORBITE 2026-27
O002490,B00331,S03,2026-06-14,Site officiel,Normal,2,30.0,0.0,60.0,ORBITE 2026-27
O002491,B02050,S03,2026-06-14,Ticketmaster,Normal,3,30.0,2.6,90.0,ORBITE 2026-27
O002492,B02051,S03,2026-06-14,Site officiel,Prévente,1,26.4,0.0,26.4,ORBITE 2026-27
O002493,B00851,S03,2026-06-14,Dice,Carré or,2,43.5,2.1,87.0,ORBITE 2026-27
O002494,B00495,S03,2026-06-14,Fnac Spectacles,Normal,2,30.0,3.37,60.0,ORBITE 2026-27
O002495,B02052,S03,2026-06-14,Ticketmaster,Normal,2,30.0,3.18,60.0,ORBITE 2026-27
O002496,B02053,S03,2026-06-14,Fnac Spectacles,Prévente,2,26.4,2.35,52.8,ORBITE 2026-27
O002497,B02054,S03,2026-06-14,Site officiel,Normal,2,30.0,0.0,60.0,ORBITE 2026-27
O002498,B02055,S03,2026-06-14,Site officiel,Normal,1,30.0,0.0,30.0,ORBITE 2026-27
O002499,B02056,S03,2026-06-14,Ticketmaster,Prévente,1,26.4,2.87,26.4,ORBITE 2026-27
O002500,B02057,S03,2026-06-14,Dice,Normal,1,30.0,2.81,30.0,ORBITE 2026-27
O002501,B02058,S03,2026-06-14,Site officiel,Normal,2,30.0,0.0,60.0,ORBITE 2026-27
O002502,B02059,S03,2026-06-14,Dice,Prévente,1,26.4,2.08,26.4,ORBITE 2026-27
O002503,B01580,S03,2026-06-14,Fnac Spectacles,Normal,2,30.0,2.73,60.0,ORBITE 2026-27
O002504,B02060,S03,2026-06-14,Dice,Normal,4,30.0,2.3,120.0,ORBITE 2026-27
O002505,B02061,S03,2026-06-14,Ticketmaster,Normal,2,30.0,3.29,60.0,ORBITE 2026-27
O002506,B02062,S03,2026-06-14,Site officiel,Normal,1,30.0,0.0,30.0,ORBITE 2026-27
O002507,B02063,S03,2026-06-14,Dice,Normal,1,30.0,2.68,30.0,ORBITE 2026-27
O002508,B02064,S03,2026-06-14,Fnac Spectacles,Carré or,2,43.5,3.35,87.0,ORBITE 2026-27
O002509,B02065,S03,2026-06-14,Fnac Spectacles,Prévente,2,26.4,3.15,52.8,ORBITE 2026-27
O002510,B02066,S03,2026-06-14,Fnac Spectacles,Normal,2,30.0,1.99,60.0,ORBITE 2026-27
O002511,B02067,S03,2026-06-14,Fnac Spectacles,Normal,2,30.0,1.92,60.0,ORBITE 2026-27
O002512,B02068,S03,2026-06-14,Ticketmaster,Normal,2,30.0,2.34,60.0,ORBITE 2026-27
O002513,B02069,S03,2026-06-15,Site officiel,Normal,2,30.0,0.0,60.0,ORBITE 2026-27
O002514,B02070,S03,2026-06-15,Ticketmaster,Normal,2,30.0,2.21,60.0,ORBITE 2026-27
O002515,B02071,S03,2026-06-15,Dice,Normal,2,30.0,3.34,60.0,ORBITE 2026-27
O002516,B01953,S03,2026-06-15,Fnac Spectacles,Normal,2,30.0,1.93,60.0,ORBITE 2026-27
O002517,B02072,S03,2026-06-15,Dice,Normal,2,30.0,2.57,60.0,ORBITE 2026-27
O002518,B02073,S03,2026-06-15,Fnac Spectacles,Normal,2,30.0,2.16,60.0,ORBITE 2026-27
O002519,B00411,S03,2026-06-15,Site officiel,Normal,2,30.0,0.0,60.0,ORBITE 2026-27
O002520,B02074,S03,2026-06-15,Dice,Normal,2,30.0,2.6,60.0,ORBITE 2026-27
O002521,B02075,S03,2026-06-15,Shotgun,Normal,1,30.0,2.6,30.0,ORBITE 2026-27
O002522,B02076,S03,2026-06-15,Dice,Normal,2,30.0,2.94,60.0,ORBITE 2026-27
O002523,B02077,S03,2026-06-15,Site officiel,Normal,1,30.0,0.0,30.0,ORBITE 2026-27
O002524,B02078,S03,2026-06-15,Fnac Spectacles,Normal,2,30.0,2.13,60.0,ORBITE 2026-27
O002525,B02079,S03,2026-06-15,Ticketmaster,Normal,2,30.0,3.36,60.0,ORBITE 2026-27
O002526,B02080,S03,2026-06-15,Fnac Spectacles,Normal,4,30.0,2.93,120.0,ORBITE 2026-27
O002527,B02081,S03,2026-06-15,Site officiel,Normal,2,30.0,0.0,60.0,ORBITE 2026-27
O002528,B02082,S03,2026-06-15,Shotgun,Normal,2,30.0,2.11,60.0,ORBITE 2026-27
O002529,B02083,S03,2026-06-15,Fnac Spectacles,Normal,2,30.0,2.77,60.0,ORBITE 2026-27
O002530,B02084,S03,2026-06-15,Site officiel,Normal,2,30.0,0.0,60.0,ORBITE 2026-27
O002531,B02085,S03,2026-06-15,Site officiel,Normal,2,30.0,0.0,60.0,ORBITE 2026-27
O002532,B02086,S03,2026-06-15,Site officiel,Normal,2,30.0,0.0,60.0,ORBITE 2026-27
O002533,B02087,S03,2026-06-15,Site officiel,Normal,2,30.0,0.0,60.0,ORBITE 2026-27
O002534,B02088,S03,2026-06-15,Site officiel,Normal,2,30.0,0.0,60.0,ORBITE 2026-27
O002535,B01897,S03,2026-06-15,Site officiel,Normal,2,30.0,0.0,60.0,ORBITE 2026-27
O002536,B02089,S03,2026-06-15,Shotgun,Normal,2,30.0,2.98,60.0,ORBITE 2026-27
O002537,B02090,S03,2026-06-15,Shotgun,Normal,1,30.0,2.16,30.0,ORBITE 2026-27
O002538,B02091,S03,2026-06-15,Ticketmaster,Normal,2,30.0,3.09,60.0,ORBITE 2026-27
O002539,B00362,S03,2026-06-15,Site officiel,Normal,2,30.0,0.0,60.0,ORBITE 2026-27
O002540,B02092,S03,2026-06-15,Dice,Normal,2,30.0,2.5,60.0,ORBITE 2026-27
O002541,B02093,S03,2026-06-16,Fnac Spectacles,Normal,4,30.0,2.85,120.0,ORBITE 2026-27
O002542,B02094,S03,2026-06-16,Fnac Spectacles,Normal,2,30.0,3.16,60.0,ORBITE 2026-27
O002543,B02095,S03,2026-06-16,Dice,Normal,2,30.0,2.54,60.0,ORBITE 2026-27
O002544,B02096,S03,2026-06-16,Fnac Spectacles,Normal,2,30.0,2.81,60.0,ORBITE 2026-27
O002545,B02097,S03,2026-06-16,Fnac Spectacles,Normal,3,30.0,1.92,90.0,ORBITE 2026-27
O002546,B02098,S03,2026-06-16,Ticketmaster,Carré or,2,43.5,3.18,87.0,ORBITE 2026-27
O002547,B02099,S03,2026-06-16,Fnac Spectacles,Normal,2,30.0,2.77,60.0,ORBITE 2026-27
O002548,B02100,S03,2026-06-16,Dice,Normal,2,30.0,2.81,60.0,ORBITE 2026-27
O002549,B02101,S03,2026-06-16,Fnac Spectacles,Normal,2,30.0,3.27,60.0,ORBITE 2026-27
O002550,B02102,S03,2026-06-16,Ticketmaster,Normal,2,30.0,2.76,60.0,ORBITE 2026-27
O002551,B02103,S03,2026-06-16,Site officiel,Normal,2,30.0,0.0,60.0,ORBITE 2026-27
O002552,B02104,S03,2026-06-16,Fnac Spectacles,Normal,1,30.0,2.58,30.0,ORBITE 2026-27
O002553,B02105,S03,2026-06-16,Fnac Spectacles,Normal,2,30.0,3.24,60.0,ORBITE 2026-27
O002554,B02106,S03,2026-06-16,Site officiel,Normal,2,30.0,0.0,60.0,ORBITE 2026-27
O002555,B02107,S03,2026-06-16,Shotgun,Normal,2,30.0,3.12,60.0,ORBITE 2026-27
O002556,B02108,S03,2026-06-16,Dice,Normal,1,30.0,3.27,30.0,ORBITE 2026-27
O002557,B02109,S03,2026-06-16,Site officiel,Normal,2,30.0,0.0,60.0,ORBITE 2026-27
O002558,B02110,S03,2026-06-16,Site officiel,Normal,1,30.0,0.0,30.0,ORBITE 2026-27
O002559,B02111,S03,2026-06-16,Ticketmaster,Normal,2,30.0,1.96,60.0,ORBITE 2026-27
O002560,B02112,S03,2026-06-16,Fnac Spectacles,Normal,4,30.0,2.34,120.0,ORBITE 2026-27
O002561,B01023,S03,2026-06-16,Site officiel,Normal,2,30.0,0.0,60.0,ORBITE 2026-27
O002562,B02113,S03,2026-06-16,Ticketmaster,Normal,2,30.0,2.29,60.0,ORBITE 2026-27
O002563,B02114,S03,2026-06-16,Site officiel,Normal,1,30.0,0.0,30.0,ORBITE 2026-27
O002564,B02115,S03,2026-06-16,Shotgun,Carré or,2,43.5,2.13,87.0,ORBITE 2026-27
O002565,B02116,S03,2026-06-16,Ticketmaster,Normal,2,30.0,2.97,60.0,ORBITE 2026-27
O002566,B02117,S03,2026-06-16,Fnac Spectacles,Normal,2,30.0,2.38,60.0,ORBITE 2026-27
O002567,B02118,S03,2026-06-16,Site officiel,Normal,2,30.0,0.0,60.0,ORBITE 2026-27
O002568,B00886,S03,2026-06-16,Fnac Spectacles,Normal,2,30.0,2.18,60.0,ORBITE 2026-27
O002569,B02119,S03,2026-06-16,Ticketmaster,Prévente,1,26.4,2.64,26.4,ORBITE 2026-27
O002570,B02120,S03,2026-06-16,Site officiel,Normal,2,30.0,0.0,60.0,ORBITE 2026-27
O002571,B02121,S03,2026-06-16,Site officiel,Normal,2,30.0,0.0,60.0,ORBITE 2026-27
O002572,B02122,S03,2026-06-17,Fnac Spectacles,Normal,1,30.0,3.31,30.0,ORBITE 2026-27
O002573,B02123,S03,2026-06-17,Site officiel,Carré or,2,43.5,0.0,87.0,ORBITE 2026-27
O002574,B02124,S03,2026-06-17,Dice,Normal,1,30.0,2.01,30.0,ORBITE 2026-27
O002575,B02125,S03,2026-06-17,Ticketmaster,Normal,3,30.0,2.13,90.0,ORBITE 2026-27
O002576,B02126,S03,2026-06-17,Shotgun,Normal,2,30.0,2.22,60.0,ORBITE 2026-27
O002577,B02127,S03,2026-06-17,Dice,Normal,2,30.0,2.66,60.0,ORBITE 2026-27
O002578,B02128,S03,2026-06-17,Ticketmaster,Prévente,2,26.4,2.26,52.8,ORBITE 2026-27
O002579,B02129,S03,2026-06-17,Site officiel,Normal,1,30.0,0.0,30.0,ORBITE 2026-27
O002580,B02130,S03,2026-06-17,Site officiel,Normal,2,30.0,0.0,60.0,ORBITE 2026-27
O002581,B02131,S03,2026-06-17,Shotgun,Carré or,2,43.5,2.08,87.0,ORBITE 2026-27
O002582,B00066,S03,2026-06-17,Ticketmaster,Normal,2,30.0,3.01,60.0,ORBITE 2026-27
O002583,B02132,S03,2026-06-17,Site officiel,Carré or,2,43.5,0.0,87.0,ORBITE 2026-27
O002584,B02133,S03,2026-06-17,Fnac Spectacles,Normal,1,30.0,2.57,30.0,ORBITE 2026-27
O002585,B02134,S03,2026-06-17,Site officiel,Normal,1,30.0,0.0,30.0,ORBITE 2026-27
O002586,B02135,S03,2026-06-17,Fnac Spectacles,Normal,2,30.0,2.64,60.0,ORBITE 2026-27
O002587,B02136,S03,2026-06-17,Fnac Spectacles,Normal,2,30.0,2.88,60.0,ORBITE 2026-27
O002588,B02137,S03,2026-06-17,Dice,Normal,2,30.0,2.08,60.0,ORBITE 2026-27
O002589,B02138,S03,2026-06-17,Dice,Normal,4,30.0,2.18,120.0,ORBITE 2026-27
O002590,B02139,S03,2026-06-17,Dice,Normal,2,30.0,2.95,60.0,ORBITE 2026-27
O002591,B02140,S03,2026-06-17,Dice,Normal,2,30.0,3.37,60.0,ORBITE 2026-27
O002592,B01388,S03,2026-06-17,Site officiel,Normal,1,30.0,0.0,30.0,ORBITE 2026-27
O002593,B02141,S03,2026-06-17,Fnac Spectacles,Normal,2,30.0,2.82,60.0,ORBITE 2026-27
O002594,B02142,S03,2026-06-17,Fnac Spectacles,Normal,2,30.0,1.96,60.0,ORBITE 2026-27
O002595,B00873,S03,2026-06-18,Fnac Spectacles,Normal,1,30.0,2.37,30.0,ORBITE 2026-27
O002596,B00628,S03,2026-06-18,Ticketmaster,Normal,2,30.0,2.99,60.0,ORBITE 2026-27
O002597,B02143,S03,2026-06-18,Dice,Normal,1,30.0,2.29,30.0,ORBITE 2026-27
O002598,B02144,S03,2026-06-18,Fnac Spectacles,Normal,2,30.0,2.55,60.0,ORBITE 2026-27
O002599,B02145,S03,2026-06-18,Ticketmaster,Normal,2,30.0,2.81,60.0,ORBITE 2026-27
O002600,B02146,S03,2026-06-18,Dice,Normal,2,30.0,3.21,60.0,ORBITE 2026-27
O002601,B02147,S03,2026-06-18,Fnac Spectacles,Normal,1,30.0,3.19,30.0,ORBITE 2026-27
O002602,B02148,S03,2026-06-18,Ticketmaster,Normal,2,30.0,3.35,60.0,ORBITE 2026-27
O002603,B02149,S03,2026-06-18,Ticketmaster,Normal,2,30.0,2.79,60.0,ORBITE 2026-27
O002604,B02150,S03,2026-06-18,Fnac Spectacles,Normal,1,30.0,2.74,30.0,ORBITE 2026-27
O002605,B02151,S03,2026-06-18,Dice,Normal,2,30.0,3.19,60.0,ORBITE 2026-27
O002606,B02152,S03,2026-06-18,Site officiel,Normal,2,30.0,0.0,60.0,ORBITE 2026-27
O002607,B02153,S03,2026-06-18,Dice,Normal,2,30.0,1.96,60.0,ORBITE 2026-27
O002608,B02154,S03,2026-06-18,Fnac Spectacles,Normal,2,30.0,2.68,60.0,ORBITE 2026-27
O002609,B02155,S03,2026-06-19,Ticketmaster,Normal,3,30.0,2.06,90.0,ORBITE 2026-27
O002610,B02156,S03,2026-06-19,Shotgun,Normal,3,30.0,2.74,90.0,ORBITE 2026-27
O002611,B02157,S03,2026-06-19,Site officiel,Normal,2,30.0,0.0,60.0,ORBITE 2026-27
O002612,B02158,S03,2026-06-19,Site officiel,Normal,1,30.0,0.0,30.0,ORBITE 2026-27
O002613,B02159,S03,2026-06-19,Ticketmaster,Normal,2,30.0,2.53,60.0,ORBITE 2026-27
O002614,B02160,S03,2026-06-19,Site officiel,Normal,2,30.0,0.0,60.0,ORBITE 2026-27
O002615,B02161,S03,2026-06-19,Fnac Spectacles,Normal,1,30.0,2.19,30.0,ORBITE 2026-27
O002616,B02162,S03,2026-06-19,Fnac Spectacles,Prévente,2,26.4,2.53,52.8,ORBITE 2026-27
O002617,B02163,S03,2026-06-20,Fnac Spectacles,Normal,2,30.0,3.19,60.0,ORBITE 2026-27
O002618,B02164,S03,2026-06-20,Site officiel,Normal,2,30.0,0.0,60.0,ORBITE 2026-27
O002619,B02165,S03,2026-06-20,Site officiel,Normal,1,30.0,0.0,30.0,ORBITE 2026-27
O002620,B02166,S03,2026-06-20,Dice,Normal,1,30.0,2.23,30.0,ORBITE 2026-27
O002621,B02167,S03,2026-06-20,Site officiel,Normal,2,30.0,0.0,60.0,ORBITE 2026-27
O002622,B02168,S03,2026-06-20,Dice,Normal,1,30.0,2.73,30.0,ORBITE 2026-27
O002623,B02169,S03,2026-06-20,Shotgun,Normal,2,30.0,3.31,60.0,ORBITE 2026-27
O002624,B02170,S03,2026-06-20,Dice,Normal,2,30.0,2.03,60.0,ORBITE 2026-27
O002625,B02171,S03,2026-06-20,Fnac Spectacles,Carré or,2,43.5,2.45,87.0,ORBITE 2026-27
O002626,B02172,S03,2026-06-20,Dice,Carré or,2,43.5,2.97,87.0,ORBITE 2026-27
O002627,B01182,S03,2026-06-20,Site officiel,Prévente,2,26.4,0.0,52.8,ORBITE 2026-27
O002628,B01843,S03,2026-06-20,Fnac Spectacles,Normal,2,30.0,2.02,60.0,ORBITE 2026-27
O002629,B02173,S03,2026-06-20,Fnac Spectacles,Normal,2,30.0,2.56,60.0,ORBITE 2026-27
O002630,B02174,S03,2026-06-20,Dice,Normal,1,30.0,2.96,30.0,ORBITE 2026-27
O002631,B02175,S03,2026-06-20,Shotgun,Carré or,2,43.5,2.23,87.0,ORBITE 2026-27
O002632,B01105,S03,2026-06-21,Site officiel,Normal,2,30.0,0.0,60.0,ORBITE 2026-27
O002633,B02176,S03,2026-06-21,Ticketmaster,Normal,3,30.0,3.17,90.0,ORBITE 2026-27
O002634,B02177,S03,2026-06-21,Site officiel,Normal,2,30.0,0.0,60.0,ORBITE 2026-27
O002635,B00818,S03,2026-06-21,Ticketmaster,Normal,2,30.0,3.13,60.0,ORBITE 2026-27
O002636,B02178,S03,2026-06-21,Fnac Spectacles,Normal,2,30.0,3.02,60.0,ORBITE 2026-27
O002637,B02179,S03,2026-06-21,Fnac Spectacles,Normal,3,30.0,2.27,90.0,ORBITE 2026-27
O002638,B02180,S03,2026-06-21,Site officiel,Carré or,2,43.5,0.0,87.0,ORBITE 2026-27
O002639,B02181,S03,2026-06-21,Dice,Normal,2,30.0,2.74,60.0,ORBITE 2026-27
O002640,B00811,S03,2026-06-21,Fnac Spectacles,Normal,2,30.0,2.42,60.0,ORBITE 2026-27
O002641,B02182,S03,2026-06-21,Fnac Spectacles,Normal,1,30.0,2.22,30.0,ORBITE 2026-27
O002642,B02183,S03,2026-06-21,Dice,Normal,2,30.0,2.96,60.0,ORBITE 2026-27
O002643,B02184,S03,2026-06-21,Shotgun,Normal,1,30.0,2.16,30.0,ORBITE 2026-27
O002644,B02185,S03,2026-06-21,Shotgun,Normal,2,30.0,1.99,60.0,ORBITE 2026-27
O002645,B02186,S03,2026-06-21,Fnac Spectacles,Normal,2,30.0,1.96,60.0,ORBITE 2026-27
O002646,B02187,S03,2026-06-22,Fnac Spectacles,Prévente,1,26.4,2.55,26.4,ORBITE 2026-27
O002647,B02188,S03,2026-06-22,Dice,Normal,2,30.0,3.21,60.0,ORBITE 2026-27
O002648,B02189,S03,2026-06-22,Shotgun,Carré or,2,43.5,2.38,87.0,ORBITE 2026-27
O002649,B02190,S03,2026-06-22,Ticketmaster,Normal,2,30.0,2.95,60.0,ORBITE 2026-27
O002650,B02191,S03,2026-06-22,Shotgun,Normal,1,30.0,2.34,30.0,ORBITE 2026-27
O002651,B02192,S03,2026-06-22,Shotgun,Normal,2,30.0,2.11,60.0,ORBITE 2026-27
O002652,B02193,S03,2026-06-22,Site officiel,Carré or,1,43.5,0.0,43.5,ORBITE 2026-27
O002653,B02194,S03,2026-06-22,Site officiel,Normal,2,30.0,0.0,60.0,ORBITE 2026-27
O002654,B00536,S03,2026-06-22,Site officiel,Normal,1,30.0,0.0,30.0,ORBITE 2026-27
O002655,B01166,S03,2026-06-22,Fnac Spectacles,Normal,2,30.0,3.36,60.0,ORBITE 2026-27
O002656,B02180,S03,2026-06-22,Ticketmaster,Normal,2,30.0,3.32,60.0,ORBITE 2026-27
O002657,B02195,S03,2026-06-22,Dice,Normal,3,30.0,2.69,90.0,ORBITE 2026-27
O002658,B02196,S03,2026-06-23,Ticketmaster,Normal,4,30.0,3.34,120.0,ORBITE 2026-27
O002659,B02197,S03,2026-06-23,Fnac Spectacles,Normal,3,30.0,2.78,90.0,ORBITE 2026-27
O002660,B02198,S03,2026-06-23,Fnac Spectacles,Normal,2,30.0,3.02,60.0,ORBITE 2026-27
O002661,B02199,S03,2026-06-23,Site officiel,Normal,2,30.0,0.0,60.0,ORBITE 2026-27
O002662,B02200,S03,2026-06-23,Site officiel,Carré or,2,43.5,0.0,87.0,ORBITE 2026-27
O002663,B01676,S03,2026-06-24,Fnac Spectacles,Normal,2,30.0,2.26,60.0,ORBITE 2026-27
O002664,B02201,S03,2026-06-24,Dice,Normal,2,30.0,3.39,60.0,ORBITE 2026-27
O002665,B02202,S03,2026-06-24,Site officiel,Carré or,2,43.5,0.0,87.0,ORBITE 2026-27
O002666,B02203,S03,2026-06-24,Site officiel,Normal,2,30.0,0.0,60.0,ORBITE 2026-27
O002667,B02204,S03,2026-06-24,Fnac Spectacles,Carré or,2,43.5,2.9,87.0,ORBITE 2026-27
O002668,B02205,S03,2026-06-25,Ticketmaster,Normal,2,30.0,3.22,60.0,ORBITE 2026-27
O002669,B02206,S03,2026-06-25,Fnac Spectacles,Normal,2,30.0,3.21,60.0,ORBITE 2026-27
O002670,B02207,S03,2026-06-25,Fnac Spectacles,Normal,2,30.0,2.11,60.0,ORBITE 2026-27
O002671,B02208,S03,2026-06-25,Dice,Normal,1,30.0,2.77,30.0,ORBITE 2026-27
O002672,B02209,S03,2026-06-25,Site officiel,Normal,1,30.0,0.0,30.0,ORBITE 2026-27
O002673,B02210,S03,2026-06-26,Fnac Spectacles,Normal,1,30.0,3.2,30.0,ORBITE 2026-27
O002674,B02211,S03,2026-06-26,Fnac Spectacles,Normal,2,30.0,2.34,60.0,ORBITE 2026-27
O002675,B02212,S03,2026-06-26,Site officiel,Normal,2,30.0,0.0,60.0,ORBITE 2026-27
O002676,B02213,S03,2026-06-26,Shotgun,Normal,2,30.0,2.49,60.0,ORBITE 2026-27
O002677,B02214,S03,2026-06-26,Site officiel,Normal,2,30.0,0.0,60.0,ORBITE 2026-27
O002678,B02215,S03,2026-06-26,Ticketmaster,Normal,2,30.0,3.03,60.0,ORBITE 2026-27
O002679,B02216,S03,2026-06-26,Shotgun,Normal,2,30.0,3.01,60.0,ORBITE 2026-27
O002680,B02217,S03,2026-06-26,Ticketmaster,Normal,2,30.0,2.9,60.0,ORBITE 2026-27
O002681,B00957,S03,2026-06-26,Site officiel,Normal,2,30.0,0.0,60.0,ORBITE 2026-27
O002682,B02218,S03,2026-06-26,Fnac Spectacles,Normal,2,30.0,2.63,60.0,ORBITE 2026-27
O002683,B02219,S03,2026-06-26,Site officiel,Normal,2,30.0,0.0,60.0,ORBITE 2026-27
O002684,B02220,S03,2026-06-27,Dice,Normal,1,30.0,2.21,30.0,ORBITE 2026-27
O002685,B02221,S03,2026-06-27,Fnac Spectacles,Normal,2,30.0,3.01,60.0,ORBITE 2026-27
O002686,B02222,S03,2026-06-27,Ticketmaster,Normal,1,30.0,2.71,30.0,ORBITE 2026-27
O002687,B02223,S03,2026-06-27,Ticketmaster,Normal,2,30.0,1.93,60.0,ORBITE 2026-27
O002688,B02224,S03,2026-06-27,Fnac Spectacles,Normal,2,30.0,2.79,60.0,ORBITE 2026-27
O002689,B02225,S03,2026-06-27,Ticketmaster,Normal,4,30.0,2.63,120.0,ORBITE 2026-27
O002690,B02226,S03,2026-06-27,Fnac Spectacles,Normal,2,30.0,2.82,60.0,ORBITE 2026-27
O002691,B02227,S03,2026-06-28,Ticketmaster,Normal,2,30.0,2.14,60.0,ORBITE 2026-27
O002692,B02228,S03,2026-06-28,Dice,Normal,2,30.0,2.73,60.0,ORBITE 2026-27
O002693,B02229,S03,2026-06-28,Fnac Spectacles,Normal,2,30.0,2.45,60.0,ORBITE 2026-27
O002694,B01934,S03,2026-06-28,Ticketmaster,Normal,2,30.0,2.86,60.0,ORBITE 2026-27
O002695,B02230,S03,2026-06-28,Site officiel,Normal,2,30.0,0.0,60.0,ORBITE 2026-27
O002696,B02231,S03,2026-06-29,Site officiel,Normal,2,30.0,0.0,60.0,ORBITE 2026-27
O002697,B02232,S03,2026-06-29,Site officiel,Normal,2,30.0,0.0,60.0,ORBITE 2026-27
O002698,B02233,S03,2026-06-29,Ticketmaster,Normal,2,30.0,2.56,60.0,ORBITE 2026-27
O002699,B02234,S03,2026-06-29,Site officiel,Normal,2,30.0,0.0,60.0,ORBITE 2026-27
O002700,B02235,S03,2026-06-29,Fnac Spectacles,Normal,2,30.0,3.16,60.0,ORBITE 2026-27
O002701,B02236,S03,2026-06-29,Fnac Spectacles,Normal,2,30.0,2.43,60.0,ORBITE 2026-27
O002702,B02237,S03,2026-06-30,Site officiel,Carré or,2,43.5,0.0,87.0,ORBITE 2026-27
O002703,B02238,S03,2026-06-30,Site officiel,Normal,2,30.0,0.0,60.0,ORBITE 2026-27
O002704,B02239,S03,2026-06-30,Fnac Spectacles,Carré or,3,43.5,2.86,130.5,ORBITE 2026-27
O002705,B02240,S03,2026-06-30,Shotgun,Normal,2,30.0,3.36,60.0,ORBITE 2026-27
O002706,B02241,S03,2026-06-30,Ticketmaster,Normal,4,30.0,2.97,120.0,ORBITE 2026-27
O002707,B02242,S03,2026-06-30,Fnac Spectacles,Normal,2,30.0,2.62,60.0,ORBITE 2026-27
O002708,B02243,S03,2026-07-01,Ticketmaster,Normal,2,30.0,2.15,60.0,ORBITE 2026-27
O002709,B02244,S03,2026-07-01,Site officiel,Normal,2,30.0,0.0,60.0,ORBITE 2026-27
O002710,B02245,S03,2026-07-01,Ticketmaster,Normal,1,30.0,3.22,30.0,ORBITE 2026-27
O002711,B02246,S03,2026-07-01,Site officiel,Normal,2,30.0,0.0,60.0,ORBITE 2026-27
O002712,B02247,S03,2026-07-01,Dice,Normal,1,30.0,3.22,30.0,ORBITE 2026-27
O002713,B02248,S03,2026-07-01,Fnac Spectacles,Normal,1,30.0,2.56,30.0,ORBITE 2026-27
O002714,B02249,S03,2026-07-01,Shotgun,Normal,2,30.0,2.95,60.0,ORBITE 2026-27
O002715,B02250,S03,2026-07-01,Fnac Spectacles,Carré or,2,43.5,3.27,87.0,ORBITE 2026-27
O002716,B02251,S03,2026-07-01,Shotgun,Normal,1,30.0,3.0,30.0,ORBITE 2026-27
O002717,B02252,S03,2026-07-01,Site officiel,Carré or,1,43.5,0.0,43.5,ORBITE 2026-27
O002718,B02253,S03,2026-07-01,Ticketmaster,Normal,2,30.0,2.63,60.0,ORBITE 2026-27
O002719,B01727,S03,2026-07-01,Site officiel,Normal,3,30.0,0.0,90.0,ORBITE 2026-27
O002720,B02254,S03,2026-07-02,Fnac Spectacles,Normal,1,30.0,3.06,30.0,ORBITE 2026-27
O002721,B02255,S03,2026-07-02,Ticketmaster,Normal,2,30.0,1.94,60.0,ORBITE 2026-27
O002722,B02256,S03,2026-07-02,Ticketmaster,Normal,1,30.0,2.7,30.0,ORBITE 2026-27
O002723,B02257,S03,2026-07-02,Ticketmaster,Normal,2,30.0,2.92,60.0,ORBITE 2026-27
O002724,B02258,S03,2026-07-02,Ticketmaster,Normal,1,30.0,2.04,30.0,ORBITE 2026-27
O002725,B02259,S03,2026-07-02,Site officiel,Prévente,1,26.4,0.0,26.4,ORBITE 2026-27
O002726,B02119,S03,2026-07-02,Ticketmaster,Normal,3,30.0,3.15,90.0,ORBITE 2026-27
O002727,B02260,S03,2026-07-03,Ticketmaster,Normal,3,30.0,2.36,90.0,ORBITE 2026-27
O002728,B02261,S03,2026-07-03,Site officiel,Normal,1,30.0,0.0,30.0,ORBITE 2026-27
O002729,B02262,S03,2026-07-03,Fnac Spectacles,Normal,2,30.0,3.33,60.0,ORBITE 2026-27
O002730,B00948,S03,2026-07-03,Dice,Normal,2,30.0,2.61,60.0,ORBITE 2026-27
O002731,B02263,S03,2026-07-04,Shotgun,Normal,2,30.0,2.02,60.0,ORBITE 2026-27
O002732,B02264,S03,2026-07-05,Fnac Spectacles,Normal,2,30.0,2.08,60.0,ORBITE 2026-27
O002733,B02265,S03,2026-07-05,Site officiel,Carré or,2,43.5,0.0,87.0,ORBITE 2026-27
O002734,B02266,S03,2026-07-05,Site officiel,Normal,4,30.0,0.0,120.0,ORBITE 2026-27
O002735,B02267,S03,2026-07-05,Site officiel,Normal,2,30.0,0.0,60.0,ORBITE 2026-27
O002736,B02268,S03,2026-07-05,Ticketmaster,Normal,2,30.0,2.71,60.0,ORBITE 2026-27
O002737,B02269,S03,2026-07-05,Ticketmaster,Normal,2,30.0,2.14,60.0,ORBITE 2026-27
O002738,B02270,S03,2026-07-05,Ticketmaster,Normal,2,30.0,2.24,60.0,ORBITE 2026-27
O002739,B02271,S03,2026-07-05,Site officiel,Prévente,1,26.4,0.0,26.4,ORBITE 2026-27
O002740,B02272,S03,2026-07-06,Ticketmaster,Normal,2,30.0,3.21,60.0,ORBITE 2026-27
O002741,B01424,S03,2026-07-06,Site officiel,Normal,2,30.0,0.0,60.0,ORBITE 2026-27
O002742,B02273,S03,2026-07-06,Site officiel,Normal,2,30.0,0.0,60.0,ORBITE 2026-27
O002743,B02274,S03,2026-07-06,Site officiel,Normal,2,30.0,0.0,60.0,ORBITE 2026-27
O002744,B01267,S03,2026-07-06,Fnac Spectacles,Normal,3,30.0,3.27,90.0,ORBITE 2026-27
O002745,B02275,S03,2026-07-06,Fnac Spectacles,Normal,2,30.0,2.05,60.0,ORBITE 2026-27
O002746,B02276,S03,2026-07-06,Shotgun,Normal,2,30.0,2.88,60.0,ORBITE 2026-27
O002747,B02277,S03,2026-07-06,Fnac Spectacles,Carré or,2,43.5,2.68,87.0,ORBITE 2026-27
O002748,B02278,S03,2026-07-06,Site officiel,Normal,2,30.0,0.0,60.0,ORBITE 2026-27
O002749,B02279,S03,2026-07-06,Ticketmaster,Carré or,2,43.5,3.37,87.0,ORBITE 2026-27
O002750,B02280,S03,2026-07-06,Shotgun,Normal,2,30.0,1.94,60.0,ORBITE 2026-27
O002751,B02281,S03,2026-07-06,Shotgun,Normal,1,30.0,2.29,30.0,ORBITE 2026-27
O002752,B02282,S03,2026-07-07,Site officiel,Normal,2,30.0,0.0,60.0,ORBITE 2026-27
O002753,B02283,S03,2026-07-07,Dice,Normal,2,30.0,1.91,60.0,ORBITE 2026-27
O002754,B02284,S03,2026-07-07,Fnac Spectacles,Normal,2,30.0,2.01,60.0,ORBITE 2026-27
O002755,B02285,S03,2026-07-07,Fnac Spectacles,Normal,2,30.0,2.72,60.0,ORBITE 2026-27
O002756,B02286,S03,2026-07-07,Fnac Spectacles,Normal,2,30.0,3.37,60.0,ORBITE 2026-27
O002757,B02287,S03,2026-07-07,Shotgun,Normal,2,30.0,3.16,60.0,ORBITE 2026-27
O002758,B02288,S03,2026-07-07,Fnac Spectacles,Normal,2,30.0,2.53,60.0,ORBITE 2026-27
O002759,B02289,S03,2026-07-07,Ticketmaster,Carré or,1,43.5,3.32,43.5,ORBITE 2026-27
O002760,B02290,S03,2026-07-08,Shotgun,Normal,2,30.0,2.05,60.0,ORBITE 2026-27
O002761,B02291,S03,2026-07-08,Fnac Spectacles,Normal,1,30.0,2.87,30.0,ORBITE 2026-27
O002762,B01132,S03,2026-07-08,Shotgun,Normal,1,30.0,2.51,30.0,ORBITE 2026-27
O002763,B02292,S03,2026-07-08,Fnac Spectacles,Normal,2,30.0,2.01,60.0,ORBITE 2026-27
O002764,B02293,S03,2026-07-08,Shotgun,Normal,1,30.0,1.97,30.0,ORBITE 2026-27
O002765,B02294,S03,2026-07-08,Fnac Spectacles,Normal,1,30.0,2.05,30.0,ORBITE 2026-27
O002766,B02295,S03,2026-07-08,Site officiel,Normal,2,30.0,0.0,60.0,ORBITE 2026-27
O002767,B02296,S03,2026-07-08,Dice,Normal,2,30.0,2.01,60.0,ORBITE 2026-27
O002768,B02297,S03,2026-07-09,Dice,Normal,2,30.0,1.94,60.0,ORBITE 2026-27
O002769,B02298,S03,2026-07-09,Fnac Spectacles,Normal,2,30.0,2.85,60.0,ORBITE 2026-27
O002770,B02199,S03,2026-07-09,Shotgun,Normal,2,30.0,3.39,60.0,ORBITE 2026-27
O002771,B02299,S03,2026-07-09,Shotgun,Normal,1,30.0,2.38,30.0,ORBITE 2026-27
O002772,B02300,S03,2026-07-09,Ticketmaster,Normal,2,30.0,3.27,60.0,ORBITE 2026-27
O002773,B02301,S03,2026-07-09,Ticketmaster,Normal,2,30.0,2.03,60.0,ORBITE 2026-27
O002774,B02302,S03,2026-07-09,Site officiel,Normal,1,30.0,0.0,30.0,ORBITE 2026-27
O002775,B02303,S03,2026-07-10,Fnac Spectacles,Carré or,2,43.5,1.99,87.0,ORBITE 2026-27
O002776,B02304,S03,2026-07-10,Ticketmaster,Normal,2,30.0,2.15,60.0,ORBITE 2026-27
O002777,B02305,S03,2026-07-10,Ticketmaster,Normal,2,30.0,2.51,60.0,ORBITE 2026-27
O002778,B02306,S03,2026-07-10,Dice,Normal,2,30.0,3.18,60.0,ORBITE 2026-27
O002779,B02307,S03,2026-07-10,Fnac Spectacles,Normal,4,30.0,2.36,120.0,ORBITE 2026-27
O002780,B02308,S03,2026-07-10,Fnac Spectacles,Normal,2,30.0,2.6,60.0,ORBITE 2026-27
O002781,B02309,S03,2026-07-10,Fnac Spectacles,Normal,2,30.0,3.39,60.0,ORBITE 2026-27
O002782,B02310,S03,2026-07-10,Dice,Normal,2,30.0,2.47,60.0,ORBITE 2026-27
O002783,B02311,S03,2026-07-10,Site officiel,Normal,2,30.0,0.0,60.0,ORBITE 2026-27
O002784,B02312,S03,2026-07-11,Site officiel,Normal,2,30.0,0.0,60.0,ORBITE 2026-27
O002785,B02313,S03,2026-07-11,Fnac Spectacles,Normal,3,30.0,2.84,90.0,ORBITE 2026-27
O002786,B01638,S03,2026-07-11,Fnac Spectacles,Normal,2,30.0,2.03,60.0,ORBITE 2026-27
O002787,B01357,S03,2026-07-11,Fnac Spectacles,Normal,1,30.0,2.43,30.0,ORBITE 2026-27
O002788,B02314,S03,2026-07-11,Fnac Spectacles,Normal,1,30.0,2.47,30.0,ORBITE 2026-27
O002789,B02315,S03,2026-07-11,Fnac Spectacles,Carré or,1,43.5,2.5,43.5,ORBITE 2026-27
O002790,B02316,S03,2026-07-12,Shotgun,Normal,1,30.0,2.01,30.0,ORBITE 2026-27
O002791,B02317,S03,2026-07-12,Shotgun,Normal,1,30.0,2.43,30.0,ORBITE 2026-27
O002792,B01511,S03,2026-07-12,Fnac Spectacles,Normal,2,30.0,2.89,60.0,ORBITE 2026-27
O002793,B02318,S03,2026-07-12,Shotgun,Normal,2,30.0,1.91,60.0,ORBITE 2026-27
O002794,B02319,S03,2026-07-12,Dice,Normal,1,30.0,3.34,30.0,ORBITE 2026-27
O002795,B02320,S03,2026-07-12,Fnac Spectacles,Normal,2,30.0,2.06,60.0,ORBITE 2026-27
O002796,B02321,S03,2026-07-12,Fnac Spectacles,Carré or,2,43.5,3.17,87.0,ORBITE 2026-27
O002797,B02322,S03,2026-07-12,Dice,Normal,2,30.0,3.15,60.0,ORBITE 2026-27
O002798,B02323,S03,2026-07-12,Ticketmaster,Normal,2,30.0,2.96,60.0,ORBITE 2026-27
O002799,B02324,S03,2026-07-12,Ticketmaster,Normal,1,30.0,2.36,30.0,ORBITE 2026-27
O002800,B02325,S03,2026-07-12,Site officiel,Normal,2,30.0,0.0,60.0,ORBITE 2026-27
O002801,B02326,S03,2026-07-13,Dice,Normal,3,30.0,1.98,90.0,ORBITE 2026-27
O002802,B02327,S03,2026-07-13,Dice,Normal,3,30.0,2.77,90.0,ORBITE 2026-27
O002803,B01977,S03,2026-07-13,Fnac Spectacles,Normal,2,30.0,3.2,60.0,ORBITE 2026-27
O002804,B02328,S03,2026-07-13,Ticketmaster,Normal,1,30.0,2.08,30.0,ORBITE 2026-27
O002805,B02329,S03,2026-07-13,Shotgun,Normal,2,30.0,2.97,60.0,ORBITE 2026-27
O002806,B02330,S03,2026-07-13,Site officiel,Normal,1,30.0,0.0,30.0,ORBITE 2026-27
O002807,B02331,S03,2026-07-14,Dice,Carré or,1,43.5,3.13,43.5,ORBITE 2026-27
O002808,B02332,S03,2026-07-14,Site officiel,Normal,3,30.0,0.0,90.0,ORBITE 2026-27
O002809,B02333,S03,2026-07-14,Ticketmaster,Normal,2,30.0,3.1,60.0,ORBITE 2026-27
O002810,B02334,S03,2026-07-14,Fnac Spectacles,Normal,2,30.0,3.22,60.0,ORBITE 2026-27
O002811,B02335,S03,2026-07-14,Ticketmaster,Normal,2,30.0,2.34,60.0,ORBITE 2026-27
O002812,B02336,S03,2026-07-14,Site officiel,Normal,2,30.0,0.0,60.0,ORBITE 2026-27
O002813,B02337,S03,2026-07-14,Fnac Spectacles,Normal,2,30.0,2.14,60.0,ORBITE 2026-27
O002814,B02338,S03,2026-07-14,Fnac Spectacles,Normal,2,30.0,2.21,60.0,ORBITE 2026-27
O002815,B02339,S03,2026-07-15,Fnac Spectacles,Normal,2,30.0,2.66,60.0,ORBITE 2026-27
O002816,B02340,S03,2026-07-15,Site officiel,Normal,1,30.0,0.0,30.0,ORBITE 2026-27
O002817,B02341,S03,2026-07-15,Dice,Normal,2,30.0,3.19,60.0,ORBITE 2026-27
O002818,B02342,S03,2026-07-15,Site officiel,Prévente,2,26.4,0.0,52.8,ORBITE 2026-27
O002819,B02343,S03,2026-07-15,Shotgun,Normal,2,30.0,3.15,60.0,ORBITE 2026-27
O002820,B02344,S03,2026-07-15,Site officiel,Normal,2,30.0,0.0,60.0,ORBITE 2026-27
O002821,B02345,S03,2026-07-16,Site officiel,Normal,2,30.0,0.0,60.0,ORBITE 2026-27
O002822,B02346,S03,2026-07-16,Site officiel,Normal,2,30.0,0.0,60.0,ORBITE 2026-27
O002823,B00338,S03,2026-07-16,Fnac Spectacles,Carré or,3,43.5,2.62,130.5,ORBITE 2026-27
O002824,B02347,S03,2026-07-16,Site officiel,Normal,1,30.0,0.0,30.0,ORBITE 2026-27
O002825,B02348,S03,2026-07-17,Fnac Spectacles,Normal,2,30.0,2.7,60.0,ORBITE 2026-27
O002826,B02349,S03,2026-07-17,Ticketmaster,Normal,2,30.0,2.45,60.0,ORBITE 2026-27
O002827,B02350,S03,2026-07-17,Ticketmaster,Normal,1,30.0,1.94,30.0,ORBITE 2026-27
O002828,B02351,S03,2026-07-17,Dice,Normal,2,30.0,2.91,60.0,ORBITE 2026-27
O002829,B02352,S03,2026-07-17,Fnac Spectacles,Carré or,2,43.5,3.03,87.0,ORBITE 2026-27
O002830,B02353,S03,2026-07-17,Fnac Spectacles,Normal,3,30.0,2.85,90.0,ORBITE 2026-27
O002831,B02354,S03,2026-07-17,Shotgun,Normal,3,30.0,2.56,90.0,ORBITE 2026-27
O002832,B02355,S03,2026-07-17,Ticketmaster,Normal,2,30.0,2.98,60.0,ORBITE 2026-27
O002833,B02356,S03,2026-07-17,Dice,Normal,2,30.0,2.3,60.0,ORBITE 2026-27
O002834,B02357,S03,2026-07-17,Site officiel,Carré or,2,43.5,0.0,87.0,ORBITE 2026-27
O002835,B02358,S03,2026-07-17,Ticketmaster,Carré or,2,43.5,2.81,87.0,ORBITE 2026-27
O002836,B02359,S03,2026-07-17,Ticketmaster,Normal,1,30.0,2.01,30.0,ORBITE 2026-27
O002837,B02360,S03,2026-07-18,Fnac Spectacles,Normal,2,30.0,2.22,60.0,ORBITE 2026-27
O002838,B01174,S03,2026-07-18,Fnac Spectacles,Normal,2,30.0,1.93,60.0,ORBITE 2026-27
O002839,B02361,S03,2026-07-18,Ticketmaster,Normal,2,30.0,2.35,60.0,ORBITE 2026-27
O002840,B02362,S03,2026-07-18,Shotgun,Normal,2,30.0,3.07,60.0,ORBITE 2026-27
O002841,B02363,S03,2026-07-18,Fnac Spectacles,Normal,2,30.0,3.18,60.0,ORBITE 2026-27
O002842,B02364,S03,2026-07-18,Fnac Spectacles,Carré or,4,43.5,3.22,174.0,ORBITE 2026-27
O002843,B01068,S03,2026-07-18,Fnac Spectacles,Normal,2,30.0,2.66,60.0,ORBITE 2026-27
O002844,B02365,S03,2026-07-18,Fnac Spectacles,Normal,2,30.0,2.48,60.0,ORBITE 2026-27
O002845,B02366,S03,2026-07-19,Shotgun,Normal,2,30.0,3.24,60.0,ORBITE 2026-27
O002846,B02367,S03,2026-07-19,Dice,Normal,2,30.0,2.98,60.0,ORBITE 2026-27
O002847,B02368,S03,2026-07-19,Fnac Spectacles,Normal,2,30.0,2.3,60.0,ORBITE 2026-27
O002848,B02369,S03,2026-07-19,Site officiel,Normal,2,30.0,0.0,60.0,ORBITE 2026-27
O002849,B02370,S03,2026-07-19,Site officiel,Normal,2,30.0,0.0,60.0,ORBITE 2026-27
O002850,B00650,S03,2026-07-20,Ticketmaster,Normal,2,30.0,2.79,60.0,ORBITE 2026-27
O002851,B02371,S03,2026-07-20,Fnac Spectacles,Carré or,1,43.5,1.98,43.5,ORBITE 2026-27
O002852,B02372,S03,2026-07-20,Ticketmaster,Normal,1,30.0,3.1,30.0,ORBITE 2026-27
O002853,B02373,S03,2026-07-20,Ticketmaster,Normal,2,30.0,2.57,60.0,ORBITE 2026-27
O002854,B02374,S03,2026-07-21,Site officiel,Carré or,2,43.5,0.0,87.0,ORBITE 2026-27
O002855,B02375,S03,2026-07-21,Ticketmaster,Normal,2,30.0,2.25,60.0,ORBITE 2026-27
O002856,B02376,S03,2026-07-21,Shotgun,Normal,2,30.0,3.12,60.0,ORBITE 2026-27
O002857,B02377,S03,2026-07-21,Ticketmaster,Normal,2,30.0,2.17,60.0,ORBITE 2026-27
O002858,B01150,S03,2026-07-21,Fnac Spectacles,Normal,1,30.0,2.51,30.0,ORBITE 2026-27
O002859,B02147,S03,2026-07-21,Site officiel,Normal,1,30.0,0.0,30.0,ORBITE 2026-27
O002860,B02378,S03,2026-07-22,Ticketmaster,Normal,1,30.0,2.87,30.0,ORBITE 2026-27
O002861,B00760,S03,2026-07-22,Fnac Spectacles,Normal,1,30.0,2.84,30.0,ORBITE 2026-27
O002862,B02379,S03,2026-07-22,Ticketmaster,Normal,1,30.0,2.24,30.0,ORBITE 2026-27
O002863,B02380,S03,2026-07-22,Site officiel,Normal,2,30.0,0.0,60.0,ORBITE 2026-27
O002864,B02381,S03,2026-07-22,Dice,Normal,2,30.0,2.87,60.0,ORBITE 2026-27
O002865,B01885,S03,2026-07-22,Dice,Normal,3,30.0,2.03,90.0,ORBITE 2026-27
O002866,B02382,S03,2026-07-22,Fnac Spectacles,Normal,2,30.0,2.66,60.0,ORBITE 2026-27
O002867,B02383,S03,2026-07-22,Ticketmaster,Normal,2,30.0,3.32,60.0,ORBITE 2026-27
O002868,B02384,S03,2026-07-22,Fnac Spectacles,Normal,2,30.0,2.54,60.0,ORBITE 2026-27
O002869,B01411,S03,2026-07-22,Site officiel,Carré or,1,43.5,0.0,43.5,ORBITE 2026-27
O002870,B02385,S03,2026-07-23,Fnac Spectacles,Normal,2,30.0,3.11,60.0,ORBITE 2026-27
O002871,B02386,S03,2026-07-23,Site officiel,Normal,2,30.0,0.0,60.0,ORBITE 2026-27
O002872,B02387,S03,2026-07-23,Fnac Spectacles,Normal,2,30.0,2.38,60.0,ORBITE 2026-27
O002873,B02388,S03,2026-07-23,Shotgun,Normal,2,30.0,2.97,60.0,ORBITE 2026-27
O002874,B02389,S03,2026-07-23,Dice,Normal,2,30.0,3.09,60.0,ORBITE 2026-27
O002875,B02390,S03,2026-07-23,Ticketmaster,Normal,2,30.0,3.36,60.0,ORBITE 2026-27
O002876,B02391,S03,2026-07-23,Dice,Normal,1,30.0,2.09,30.0,ORBITE 2026-27
O002877,B02299,S03,2026-07-23,Dice,Normal,2,30.0,2.01,60.0,ORBITE 2026-27
O002878,B02392,S03,2026-07-24,Site officiel,Normal,1,30.0,0.0,30.0,ORBITE 2026-27
O002879,B02393,S03,2026-07-24,Shotgun,Normal,2,30.0,2.84,60.0,ORBITE 2026-27
O002880,B02394,S03,2026-07-24,Ticketmaster,Normal,1,30.0,3.08,30.0,ORBITE 2026-27
O002881,B02395,S03,2026-07-24,Shotgun,Normal,1,30.0,2.29,30.0,ORBITE 2026-27
O002882,B01159,S03,2026-07-24,Shotgun,Normal,1,30.0,2.56,30.0,ORBITE 2026-27
O002883,B02396,S03,2026-07-25,Fnac Spectacles,Normal,2,30.0,1.93,60.0,ORBITE 2026-27
O002884,B02397,S03,2026-07-25,Shotgun,Normal,2,30.0,2.75,60.0,ORBITE 2026-27
O002885,B02398,S03,2026-07-25,Site officiel,Normal,2,30.0,0.0,60.0,ORBITE 2026-27
O002886,B00912,S03,2026-07-25,Site officiel,Normal,1,30.0,0.0,30.0,ORBITE 2026-27
O002887,B02399,S03,2026-07-25,Dice,Normal,2,30.0,3.14,60.0,ORBITE 2026-27
O002888,B02400,S03,2026-07-25,Shotgun,Normal,2,30.0,3.34,60.0,ORBITE 2026-27
O002889,B02401,S03,2026-07-25,Site officiel,Normal,1,30.0,0.0,30.0,ORBITE 2026-27
O002890,B02402,S03,2026-07-25,Shotgun,Normal,2,30.0,3.03,60.0,ORBITE 2026-27
O002891,B02403,S03,2026-07-26,Site officiel,Normal,2,30.0,0.0,60.0,ORBITE 2026-27
O002892,B02404,S03,2026-07-26,Fnac Spectacles,Normal,3,30.0,2.25,90.0,ORBITE 2026-27
O002893,B02405,S03,2026-07-26,Ticketmaster,Normal,2,30.0,1.95,60.0,ORBITE 2026-27
O002894,B02406,S03,2026-07-26,Ticketmaster,Normal,1,30.0,1.93,30.0,ORBITE 2026-27
O002895,B02407,S03,2026-07-26,Fnac Spectacles,Normal,1,30.0,3.25,30.0,ORBITE 2026-27
O002896,B02408,S03,2026-07-26,Fnac Spectacles,Normal,3,30.0,3.08,90.0,ORBITE 2026-27
O002897,B00599,S03,2026-07-26,Ticketmaster,Normal,2,30.0,2.75,60.0,ORBITE 2026-27
O002898,B00908,S03,2026-07-26,Ticketmaster,Normal,2,30.0,2.41,60.0,ORBITE 2026-27
O002899,B02409,S03,2026-07-26,Site officiel,Normal,2,30.0,0.0,60.0,ORBITE 2026-27
O002900,B02410,S03,2026-07-27,Shotgun,Normal,2,30.0,2.67,60.0,ORBITE 2026-27
O002901,B02411,S03,2026-07-27,Shotgun,Normal,2,30.0,3.34,60.0,ORBITE 2026-27
O002902,B02412,S03,2026-07-27,Ticketmaster,Normal,2,30.0,2.57,60.0,ORBITE 2026-27
O002903,B02413,S03,2026-07-27,Shotgun,Normal,2,30.0,3.11,60.0,ORBITE 2026-27
O002904,B02414,S03,2026-07-27,Site officiel,Normal,2,30.0,0.0,60.0,ORBITE 2026-27
O002905,B02415,S03,2026-07-27,Dice,Normal,1,30.0,3.13,30.0,ORBITE 2026-27
O002906,B02416,S03,2026-07-27,Dice,Normal,2,30.0,3.07,60.0,ORBITE 2026-27
O002907,B02417,S03,2026-07-27,Ticketmaster,Normal,2,30.0,2.7,60.0,ORBITE 2026-27
O002908,B01767,S03,2026-07-27,Ticketmaster,Normal,2,30.0,3.3,60.0,ORBITE 2026-27
O002909,B02418,S03,2026-07-27,Site officiel,Normal,2,30.0,0.0,60.0,ORBITE 2026-27
O002910,B02419,S03,2026-07-28,Site officiel,Carré or,1,43.5,0.0,43.5,ORBITE 2026-27
O002911,B02420,S03,2026-07-28,Dice,Normal,2,30.0,3.35,60.0,ORBITE 2026-27
O002912,B01558,S03,2026-07-28,Site officiel,Normal,1,30.0,0.0,30.0,ORBITE 2026-27
O002913,B02421,S03,2026-07-28,Site officiel,Carré or,1,43.5,0.0,43.5,ORBITE 2026-27
O002914,B01222,S03,2026-07-28,Shotgun,Normal,1,30.0,2.11,30.0,ORBITE 2026-27
O002915,B02422,S03,2026-07-29,Ticketmaster,Normal,2,30.0,3.16,60.0,ORBITE 2026-27
O002916,B02423,S03,2026-07-29,Site officiel,Normal,4,30.0,0.0,120.0,ORBITE 2026-27
O002917,B02424,S03,2026-07-29,Site officiel,Normal,2,30.0,0.0,60.0,ORBITE 2026-27
O002918,B02425,S03,2026-07-29,Fnac Spectacles,Normal,2,30.0,2.08,60.0,ORBITE 2026-27
O002919,B02426,S03,2026-07-29,Site officiel,Normal,1,30.0,0.0,30.0,ORBITE 2026-27
O002920,B02427,S03,2026-07-29,Site officiel,Normal,3,30.0,0.0,90.0,ORBITE 2026-27
O002921,B02428,S03,2026-07-29,Ticketmaster,Normal,2,30.0,1.99,60.0,ORBITE 2026-27
O002922,B02429,S03,2026-07-29,Site officiel,Normal,2,30.0,0.0,60.0,ORBITE 2026-27
O002923,B02430,S03,2026-07-29,Ticketmaster,Normal,2,30.0,2.83,60.0,ORBITE 2026-27
O002924,B00710,S03,2026-07-29,Dice,Normal,2,30.0,2.23,60.0,ORBITE 2026-27
O002925,B02431,S03,2026-07-29,Dice,Normal,2,30.0,2.26,60.0,ORBITE 2026-27
O002926,B02432,S03,2026-07-30,Site officiel,Normal,2,30.0,0.0,60.0,ORBITE 2026-27
O002927,B02433,S03,2026-07-30,Fnac Spectacles,Normal,2,30.0,1.98,60.0,ORBITE 2026-27
O002928,B02434,S03,2026-07-30,Site officiel,Carré or,2,43.5,0.0,87.0,ORBITE 2026-27
O002929,B02435,S03,2026-07-30,Ticketmaster,Carré or,2,43.5,2.94,87.0,ORBITE 2026-27
O002930,B02436,S03,2026-07-30,Dice,Normal,1,30.0,2.35,30.0,ORBITE 2026-27
O002931,B02437,S03,2026-07-30,Shotgun,Carré or,2,43.5,2.4,87.0,ORBITE 2026-27
O002932,B02438,S03,2026-07-31,Fnac Spectacles,Normal,3,30.0,2.32,90.0,ORBITE 2026-27
O002933,B02439,S03,2026-07-31,Shotgun,Normal,2,30.0,3.32,60.0,ORBITE 2026-27
O002934,B02440,S03,2026-07-31,Dice,Normal,1,30.0,3.18,30.0,ORBITE 2026-27
O002935,B01220,S03,2026-07-31,Ticketmaster,Normal,2,30.0,2.28,60.0,ORBITE 2026-27
O002936,B02441,S03,2026-07-31,Site officiel,Normal,3,30.0,0.0,90.0,ORBITE 2026-27
O002937,B02395,S03,2026-07-31,Site officiel,Normal,3,30.0,0.0,90.0,ORBITE 2026-27
O002938,B02442,S03,2026-07-31,Fnac Spectacles,Normal,1,30.0,1.96,30.0,ORBITE 2026-27
O002939,B02443,S03,2026-08-01,Site officiel,Normal,2,30.0,0.0,60.0,ORBITE 2026-27
O002940,B02444,S03,2026-08-01,Ticketmaster,Normal,2,30.0,2.61,60.0,ORBITE 2026-27
O002941,B02445,S03,2026-08-01,Fnac Spectacles,Normal,2,30.0,2.34,60.0,ORBITE 2026-27
O002942,B02446,S03,2026-08-01,Fnac Spectacles,Carré or,2,43.5,2.61,87.0,ORBITE 2026-27
O002943,B02447,S03,2026-08-01,Fnac Spectacles,Normal,1,30.0,2.54,30.0,ORBITE 2026-27
O002944,B02448,S03,2026-08-02,Dice,Normal,4,30.0,2.19,120.0,ORBITE 2026-27
O002945,B02449,S03,2026-08-02,Shotgun,Normal,1,30.0,2.38,30.0,ORBITE 2026-27
O002946,B02450,S03,2026-08-02,Site officiel,Normal,2,30.0,0.0,60.0,ORBITE 2026-27
O002947,B02451,S03,2026-08-02,Ticketmaster,Normal,2,30.0,2.69,60.0,ORBITE 2026-27
O002948,B02452,S03,2026-08-03,Ticketmaster,Normal,2,30.0,2.56,60.0,ORBITE 2026-27
O002949,B02453,S03,2026-08-03,Shotgun,Normal,2,30.0,2.92,60.0,ORBITE 2026-27
O002950,B02454,S03,2026-08-03,Ticketmaster,Normal,2,30.0,2.94,60.0,ORBITE 2026-27
O002951,B02455,S03,2026-08-03,Fnac Spectacles,Normal,2,30.0,2.46,60.0,ORBITE 2026-27
O002952,B02456,S03,2026-08-03,Shotgun,Normal,2,30.0,2.24,60.0,ORBITE 2026-27
O002953,B02457,S03,2026-08-03,Ticketmaster,Normal,2,30.0,2.51,60.0,ORBITE 2026-27
O002954,B02458,S03,2026-08-03,Site officiel,Normal,2,30.0,0.0,60.0,ORBITE 2026-27
O002955,B02459,S03,2026-08-04,Ticketmaster,Normal,2,30.0,2.36,60.0,ORBITE 2026-27
O002956,B02460,S03,2026-08-04,Ticketmaster,Normal,2,30.0,2.81,60.0,ORBITE 2026-27
O002957,B02461,S03,2026-08-04,Site officiel,Normal,2,30.0,0.0,60.0,ORBITE 2026-27
O002958,B02462,S03,2026-08-04,Site officiel,Carré or,2,43.5,0.0,87.0,ORBITE 2026-27
O002959,B02463,S04,2026-06-09,Ticketmaster,Prévente,2,23.76,3.25,47.52,ORBITE 2026-27
O002960,B02464,S04,2026-06-09,Dice,Carré or,2,39.15,2.62,78.3,ORBITE 2026-27
O002961,B02465,S04,2026-06-09,Site officiel,Normal,2,27.0,0.0,54.0,ORBITE 2026-27
O002962,B02466,S04,2026-06-09,Ticketmaster,Prévente,2,23.76,2.45,47.52,ORBITE 2026-27
O002963,B02467,S04,2026-06-09,Shotgun,Prévente,2,23.76,3.35,47.52,ORBITE 2026-27
O002964,B02068,S04,2026-06-09,Ticketmaster,Normal,2,27.0,2.2,54.0,ORBITE 2026-27
O002965,B02468,S04,2026-06-09,Shotgun,Normal,2,27.0,2.0,54.0,ORBITE 2026-27
O002966,B02469,S04,2026-06-09,Fnac Spectacles,Normal,2,27.0,2.01,54.0,ORBITE 2026-27
O002967,B02470,S04,2026-06-09,Fnac Spectacles,Normal,2,27.0,2.44,54.0,ORBITE 2026-27
O002968,B02471,S04,2026-06-09,Dice,Normal,2,27.0,3.21,54.0,ORBITE 2026-27
O002969,B02472,S04,2026-06-09,Shotgun,Normal,2,27.0,3.04,54.0,ORBITE 2026-27
O002970,B02473,S04,2026-06-09,Fnac Spectacles,Carré or,2,39.15,2.59,78.3,ORBITE 2026-27
O002971,B02474,S04,2026-06-09,Site officiel,Normal,2,27.0,0.0,54.0,ORBITE 2026-27
O002972,B02475,S04,2026-06-09,Dice,Normal,1,27.0,2.1,27.0,ORBITE 2026-27
O002973,B02476,S04,2026-06-09,Fnac Spectacles,Normal,1,27.0,3.01,27.0,ORBITE 2026-27
O002974,B02477,S04,2026-06-09,Dice,Prévente,2,23.76,2.56,47.52,ORBITE 2026-27
O002975,B02478,S04,2026-06-09,Fnac Spectacles,Normal,4,27.0,2.55,108.0,ORBITE 2026-27
O002976,B02479,S04,2026-06-09,Fnac Spectacles,Normal,2,27.0,2.39,54.0,ORBITE 2026-27
O002977,B02480,S04,2026-06-09,Fnac Spectacles,Normal,1,27.0,3.05,27.0,ORBITE 2026-27
O002978,B02481,S04,2026-06-09,Site officiel,Normal,2,27.0,0.0,54.0,ORBITE 2026-27
O002979,B00016,S04,2026-06-09,Dice,Normal,2,27.0,1.9,54.0,ORBITE 2026-27
O002980,B02482,S04,2026-06-09,Dice,Normal,1,27.0,2.3,27.0,ORBITE 2026-27
O002981,B02483,S04,2026-06-09,Site officiel,Normal,2,27.0,0.0,54.0,ORBITE 2026-27
O002982,B02484,S04,2026-06-09,Shotgun,Normal,3,27.0,2.22,81.0,ORBITE 2026-27
O002983,B02485,S04,2026-06-09,Ticketmaster,Prévente,1,23.76,2.1,23.76,ORBITE 2026-27
O002984,B02486,S04,2026-06-09,Site officiel,Normal,2,27.0,0.0,54.0,ORBITE 2026-27
O002985,B02487,S04,2026-06-09,Site officiel,Normal,2,27.0,0.0,54.0,ORBITE 2026-27
O002986,B01935,S04,2026-06-09,Ticketmaster,Normal,3,27.0,2.87,81.0,ORBITE 2026-27
O002987,B02488,S04,2026-06-10,Shotgun,Normal,3,27.0,2.78,81.0,ORBITE 2026-27
O002988,B02489,S04,2026-06-10,Dice,Normal,2,27.0,2.05,54.0,ORBITE 2026-27
O002989,B02490,S04,2026-06-10,Shotgun,Normal,2,27.0,2.67,54.0,ORBITE 2026-27
O002990,B02491,S04,2026-06-10,Dice,Normal,2,27.0,2.18,54.0,ORBITE 2026-27
O002991,B02492,S04,2026-06-10,Fnac Spectacles,Normal,3,27.0,3.17,81.0,ORBITE 2026-27
O002992,B02493,S04,2026-06-10,Site officiel,Normal,2,27.0,0.0,54.0,ORBITE 2026-27
O002993,B02494,S04,2026-06-10,Fnac Spectacles,Normal,1,27.0,2.05,27.0,ORBITE 2026-27
O002994,B02495,S04,2026-06-10,Site officiel,Normal,2,27.0,0.0,54.0,ORBITE 2026-27
O002995,B02496,S04,2026-06-10,Ticketmaster,Normal,2,27.0,2.18,54.0,ORBITE 2026-27
O002996,B02497,S04,2026-06-10,Site officiel,Carré or,3,39.15,0.0,117.45,ORBITE 2026-27
O002997,B02498,S04,2026-06-10,Dice,Prévente,1,23.76,3.31,23.76,ORBITE 2026-27
O002998,B02499,S04,2026-06-10,Shotgun,Prévente,2,23.76,2.4,47.52,ORBITE 2026-27
O002999,B02500,S04,2026-06-10,Fnac Spectacles,Normal,2,27.0,2.92,54.0,ORBITE 2026-27
O003000,B02067,S04,2026-06-10,Fnac Spectacles,Normal,2,27.0,2.7,54.0,ORBITE 2026-27
O003001,B02501,S04,2026-06-10,Dice,Normal,2,27.0,2.49,54.0,ORBITE 2026-27
O003002,B02502,S04,2026-06-10,Ticketmaster,Normal,2,27.0,3.18,54.0,ORBITE 2026-27
O003003,B02503,S04,2026-06-10,Shotgun,Normal,2,27.0,2.46,54.0,ORBITE 2026-27
O003004,B02504,S04,2026-06-10,Ticketmaster,Normal,2,27.0,2.06,54.0,ORBITE 2026-27
O003005,B02505,S04,2026-06-11,Ticketmaster,Normal,2,27.0,2.62,54.0,ORBITE 2026-27
O003006,B02506,S04,2026-06-11,Shotgun,Normal,2,27.0,2.01,54.0,ORBITE 2026-27
O003007,B02507,S04,2026-06-11,Dice,Normal,2,27.0,3.3,54.0,ORBITE 2026-27
O003008,B02508,S04,2026-06-11,Fnac Spectacles,Normal,2,27.0,2.72,54.0,ORBITE 2026-27
O003009,B02509,S04,2026-06-11,Ticketmaster,Normal,2,27.0,3.25,54.0,ORBITE 2026-27
O003010,B01507,S04,2026-06-11,Fnac Spectacles,Prévente,2,23.76,2.88,47.52,ORBITE 2026-27
O003011,B02510,S04,2026-06-11,Shotgun,Normal,1,27.0,2.48,27.0,ORBITE 2026-27
O003012,B02511,S04,2026-06-11,Dice,Prévente,4,23.76,2.66,95.04,ORBITE 2026-27
O003013,B02512,S04,2026-06-11,Site officiel,Normal,2,27.0,0.0,54.0,ORBITE 2026-27
O003014,B02513,S04,2026-06-11,Ticketmaster,Normal,2,27.0,2.51,54.0,ORBITE 2026-27
O003015,B00861,S04,2026-06-11,Ticketmaster,Carré or,2,39.15,2.59,78.3,ORBITE 2026-27
O003016,B02514,S04,2026-06-11,Fnac Spectacles,Normal,2,27.0,2.7,54.0,ORBITE 2026-27
O003017,B02515,S04,2026-06-11,Fnac Spectacles,Normal,2,27.0,2.47,54.0,ORBITE 2026-27
O003018,B02516,S04,2026-06-11,Ticketmaster,Normal,2,27.0,3.18,54.0,ORBITE 2026-27
O003019,B02517,S04,2026-06-11,Site officiel,Normal,2,27.0,0.0,54.0,ORBITE 2026-27
O003020,B02518,S04,2026-06-11,Dice,Normal,1,27.0,2.89,27.0,ORBITE 2026-27
O003021,B02519,S04,2026-06-11,Ticketmaster,Prévente,2,23.76,2.86,47.52,ORBITE 2026-27
O003022,B00470,S04,2026-06-11,Fnac Spectacles,Normal,2,27.0,3.2,54.0,ORBITE 2026-27
O003023,B02520,S04,2026-06-11,Site officiel,Normal,2,27.0,0.0,54.0,ORBITE 2026-27
O003024,B02521,S04,2026-06-11,Dice,Prévente,2,23.76,3.21,47.52,ORBITE 2026-27
O003025,B02522,S04,2026-06-11,Fnac Spectacles,Prévente,2,23.76,2.06,47.52,ORBITE 2026-27
O003026,B02523,S04,2026-06-11,Fnac Spectacles,Normal,1,27.0,2.92,27.0,ORBITE 2026-27
O003027,B02524,S04,2026-06-11,Site officiel,Normal,2,27.0,0.0,54.0,ORBITE 2026-27
O003028,B02525,S04,2026-06-11,Dice,Carré or,1,39.15,2.99,39.15,ORBITE 2026-27
O003029,B02526,S04,2026-06-12,Fnac Spectacles,Prévente,2,23.76,2.61,47.52,ORBITE 2026-27
O003030,B02527,S04,2026-06-12,Shotgun,Normal,1,27.0,1.92,27.0,ORBITE 2026-27
O003031,B02528,S04,2026-06-12,Fnac Spectacles,Normal,2,27.0,3.09,54.0,ORBITE 2026-27
O003032,B02529,S04,2026-06-12,Site officiel,Normal,2,27.0,0.0,54.0,ORBITE 2026-27
O003033,B00617,S04,2026-06-12,Site officiel,Normal,2,27.0,0.0,54.0,ORBITE 2026-27
O003034,B00688,S04,2026-06-12,Site officiel,Normal,2,27.0,0.0,54.0,ORBITE 2026-27
O003035,B02530,S04,2026-06-12,Dice,Normal,1,27.0,2.35,27.0,ORBITE 2026-27
O003036,B02531,S04,2026-06-12,Dice,Prévente,2,23.76,2.82,47.52,ORBITE 2026-27
O003037,B02532,S04,2026-06-12,Fnac Spectacles,Normal,2,27.0,2.12,54.0,ORBITE 2026-27
O003038,B02071,S04,2026-06-12,Dice,Carré or,2,39.15,2.06,78.3,ORBITE 2026-27
O003039,B02533,S04,2026-06-12,Ticketmaster,Normal,2,27.0,3.34,54.0,ORBITE 2026-27
O003040,B02534,S04,2026-06-12,Fnac Spectacles,Normal,2,27.0,2.49,54.0,ORBITE 2026-27
O003041,B00397,S04,2026-06-12,Shotgun,Normal,1,27.0,2.06,27.0,ORBITE 2026-27
O003042,B02535,S04,2026-06-13,Fnac Spectacles,Normal,3,27.0,3.15,81.0,ORBITE 2026-27
O003043,B01419,S04,2026-06-13,Shotgun,Normal,2,27.0,2.28,54.0,ORBITE 2026-27
O003044,B02536,S04,2026-06-13,Site officiel,Normal,2,27.0,0.0,54.0,ORBITE 2026-27
O003045,B02537,S04,2026-06-13,Fnac Spectacles,Normal,2,27.0,2.35,54.0,ORBITE 2026-27
O003046,B02538,S04,2026-06-13,Ticketmaster,Normal,2,27.0,2.7,54.0,ORBITE 2026-27
O003047,B02539,S04,2026-06-13,Shotgun,Normal,2,27.0,3.24,54.0,ORBITE 2026-27
O003048,B02540,S04,2026-06-13,Dice,Prévente,2,23.76,1.9,47.52,ORBITE 2026-27
O003049,B02541,S04,2026-06-13,Fnac Spectacles,Normal,1,27.0,2.0,27.0,ORBITE 2026-27
O003050,B02542,S04,2026-06-13,Dice,Normal,2,27.0,2.11,54.0,ORBITE 2026-27
O003051,B02543,S04,2026-06-13,Fnac Spectacles,Normal,2,27.0,2.68,54.0,ORBITE 2026-27
O003052,B02544,S04,2026-06-13,Ticketmaster,Normal,1,27.0,1.95,27.0,ORBITE 2026-27
O003053,B01567,S04,2026-06-13,Fnac Spectacles,Normal,1,27.0,3.4,27.0,ORBITE 2026-27
O003054,B02545,S04,2026-06-14,Fnac Spectacles,Normal,2,27.0,2.05,54.0,ORBITE 2026-27
O003055,B02546,S04,2026-06-14,Shotgun,Normal,1,27.0,2.37,27.0,ORBITE 2026-27
O003056,B02547,S04,2026-06-14,Shotgun,Prévente,1,23.76,2.64,23.76,ORBITE 2026-27
O003057,B02548,S04,2026-06-14,Fnac Spectacles,Normal,1,27.0,2.52,27.0,ORBITE 2026-27
O003058,B02549,S04,2026-06-14,Fnac Spectacles,Normal,2,27.0,3.12,54.0,ORBITE 2026-27
O003059,B02550,S04,2026-06-14,Site officiel,Prévente,2,23.76,0.0,47.52,ORBITE 2026-27
O003060,B02551,S04,2026-06-14,Dice,Normal,2,27.0,2.34,54.0,ORBITE 2026-27
O003061,B02552,S04,2026-06-14,Shotgun,Normal,2,27.0,2.64,54.0,ORBITE 2026-27
O003062,B02553,S04,2026-06-14,Ticketmaster,Prévente,1,23.76,3.3,23.76,ORBITE 2026-27
O003063,B00511,S04,2026-06-15,Site officiel,Normal,2,27.0,0.0,54.0,ORBITE 2026-27
O003064,B02554,S04,2026-06-15,Site officiel,Normal,1,27.0,0.0,27.0,ORBITE 2026-27
O003065,B02555,S04,2026-06-15,Shotgun,Prévente,2,23.76,2.72,47.52,ORBITE 2026-27
O003066,B02556,S04,2026-06-15,Dice,Normal,2,27.0,3.04,54.0,ORBITE 2026-27
O003067,B02557,S04,2026-06-15,Site officiel,Normal,1,27.0,0.0,27.0,ORBITE 2026-27
O003068,B02558,S04,2026-06-15,Site officiel,Normal,2,27.0,0.0,54.0,ORBITE 2026-27
O003069,B01467,S04,2026-06-15,Shotgun,Normal,2,27.0,2.03,54.0,ORBITE 2026-27
O003070,B00886,S04,2026-06-16,Fnac Spectacles,Normal,2,27.0,2.6,54.0,ORBITE 2026-27
O003071,B02559,S04,2026-06-16,Dice,Normal,2,27.0,2.3,54.0,ORBITE 2026-27
O003072,B02560,S04,2026-06-16,Ticketmaster,Carré or,1,39.15,2.69,39.15,ORBITE 2026-27
O003073,B02561,S04,2026-06-16,Shotgun,Normal,2,27.0,2.08,54.0,ORBITE 2026-27
O003074,B02562,S04,2026-06-17,Shotgun,Normal,1,27.0,2.74,27.0,ORBITE 2026-27
O003075,B01721,S04,2026-06-17,Site officiel,Normal,2,27.0,0.0,54.0,ORBITE 2026-27
O003076,B02563,S04,2026-06-17,Fnac Spectacles,Normal,2,27.0,3.03,54.0,ORBITE 2026-27
O003077,B02564,S04,2026-06-17,Ticketmaster,Normal,2,27.0,3.07,54.0,ORBITE 2026-27
O003078,B02565,S04,2026-06-17,Fnac Spectacles,Normal,2,27.0,2.96,54.0,ORBITE 2026-27
O003079,B02566,S04,2026-06-18,Fnac Spectacles,Normal,1,27.0,1.97,27.0,ORBITE 2026-27
O003080,B02265,S04,2026-06-18,Ticketmaster,Normal,2,27.0,2.38,54.0,ORBITE 2026-27
O003081,B02567,S04,2026-06-18,Fnac Spectacles,Normal,3,27.0,2.19,81.0,ORBITE 2026-27
O003082,B02568,S04,2026-06-18,Site officiel,Normal,2,27.0,0.0,54.0,ORBITE 2026-27
O003083,B02569,S04,2026-06-18,Dice,Normal,2,27.0,2.36,54.0,ORBITE 2026-27
O003084,B02570,S04,2026-06-19,Ticketmaster,Normal,2,27.0,2.65,54.0,ORBITE 2026-27
O003085,B01847,S04,2026-06-19,Ticketmaster,Normal,1,27.0,2.46,27.0,ORBITE 2026-27
O003086,B02571,S04,2026-06-19,Dice,Normal,1,27.0,2.81,27.0,ORBITE 2026-27
O003087,B02572,S04,2026-06-19,Ticketmaster,Normal,2,27.0,2.11,54.0,ORBITE 2026-27
O003088,B02409,S04,2026-06-19,Ticketmaster,Normal,2,27.0,1.91,54.0,ORBITE 2026-27
O003089,B02573,S04,2026-06-19,Fnac Spectacles,Normal,1,27.0,2.84,27.0,ORBITE 2026-27
O003090,B02574,S04,2026-06-19,Ticketmaster,Normal,1,27.0,3.38,27.0,ORBITE 2026-27
O003091,B02575,S04,2026-06-19,Dice,Normal,2,27.0,2.9,54.0,ORBITE 2026-27
O003092,B02576,S04,2026-06-20,Fnac Spectacles,Normal,1,27.0,2.19,27.0,ORBITE 2026-27
O003093,B02577,S04,2026-06-20,Fnac Spectacles,Prévente,2,23.76,2.2,47.52,ORBITE 2026-27
O003094,B01996,S04,2026-06-21,Ticketmaster,Normal,3,27.0,2.37,81.0,ORBITE 2026-27
O003095,B02578,S04,2026-06-21,Ticketmaster,Normal,1,27.0,3.19,27.0,ORBITE 2026-27
O003096,B02579,S04,2026-06-21,Ticketmaster,Normal,2,27.0,2.09,54.0,ORBITE 2026-27
O003097,B02580,S04,2026-06-21,Dice,Normal,2,27.0,3.12,54.0,ORBITE 2026-27
O003098,B02581,S04,2026-06-21,Ticketmaster,Normal,2,27.0,2.35,54.0,ORBITE 2026-27
O003099,B02582,S04,2026-06-22,Ticketmaster,Carré or,2,39.15,3.13,78.3,ORBITE 2026-27
O003100,B02583,S04,2026-06-22,Shotgun,Carré or,2,39.15,3.33,78.3,ORBITE 2026-27
O003101,B02584,S04,2026-06-22,Site officiel,Normal,1,27.0,0.0,27.0,ORBITE 2026-27
O003102,B02585,S04,2026-06-23,Shotgun,Normal,2,27.0,2.12,54.0,ORBITE 2026-27
O003103,B02586,S04,2026-06-23,Fnac Spectacles,Normal,2,27.0,2.4,54.0,ORBITE 2026-27
O003104,B02587,S04,2026-06-23,Site officiel,Normal,1,27.0,0.0,27.0,ORBITE 2026-27
O003105,B02588,S04,2026-06-23,Shotgun,Normal,2,27.0,1.96,54.0,ORBITE 2026-27
O003106,B02589,S04,2026-06-24,Dice,Normal,2,27.0,2.05,54.0,ORBITE 2026-27
O003107,B02196,S04,2026-06-24,Site officiel,Normal,1,27.0,0.0,27.0,ORBITE 2026-27
O003108,B02590,S04,2026-06-24,Fnac Spectacles,Normal,2,27.0,3.16,54.0,ORBITE 2026-27
O003109,B02591,S04,2026-06-25,Fnac Spectacles,Normal,1,27.0,2.45,27.0,ORBITE 2026-27
O003110,B00728,S04,2026-06-25,Dice,Normal,2,27.0,3.13,54.0,ORBITE 2026-27
O003111,B02592,S04,2026-06-26,Fnac Spectacles,Normal,2,27.0,2.93,54.0,ORBITE 2026-27
O003112,B02593,S04,2026-06-26,Fnac Spectacles,Normal,2,27.0,2.61,54.0,ORBITE 2026-27
O003113,B02594,S04,2026-06-26,Ticketmaster,Normal,2,27.0,2.5,54.0,ORBITE 2026-27
O003114,B02595,S04,2026-06-27,Site officiel,Normal,2,27.0,0.0,54.0,ORBITE 2026-27
O003115,B02596,S04,2026-06-27,Fnac Spectacles,Normal,2,27.0,3.38,54.0,ORBITE 2026-27
O003116,B02597,S04,2026-06-27,Ticketmaster,Normal,1,27.0,2.47,27.0,ORBITE 2026-27
O003117,B02598,S04,2026-06-28,Fnac Spectacles,Normal,2,27.0,2.46,54.0,ORBITE 2026-27
O003118,B02599,S04,2026-06-28,Fnac Spectacles,Normal,2,27.0,1.91,54.0,ORBITE 2026-27
O003119,B01130,S04,2026-06-29,Dice,Normal,1,27.0,3.3,27.0,ORBITE 2026-27
O003120,B02600,S04,2026-06-30,Dice,Normal,4,27.0,2.51,108.0,ORBITE 2026-27
O003121,B02601,S04,2026-06-30,Site officiel,Normal,2,27.0,0.0,54.0,ORBITE 2026-27
O003122,B02602,S04,2026-06-30,Ticketmaster,Normal,4,27.0,2.16,108.0,ORBITE 2026-27
O003123,B02603,S04,2026-06-30,Fnac Spectacles,Normal,2,27.0,3.14,54.0,ORBITE 2026-27
O003124,B02604,S04,2026-07-01,Site officiel,Carré or,3,39.15,0.0,117.45,ORBITE 2026-27
O003125,B02605,S04,2026-07-01,Ticketmaster,Normal,2,27.0,2.47,54.0,ORBITE 2026-27
O003126,B02606,S04,2026-07-01,Ticketmaster,Normal,1,27.0,3.11,27.0,ORBITE 2026-27
O003127,B02607,S04,2026-07-01,Site officiel,Normal,2,27.0,0.0,54.0,ORBITE 2026-27
O003128,B02608,S04,2026-07-01,Fnac Spectacles,Normal,1,27.0,2.56,27.0,ORBITE 2026-27
O003129,B02609,S04,2026-07-03,Fnac Spectacles,Carré or,2,39.15,2.28,78.3,ORBITE 2026-27
O003130,B00842,S04,2026-07-03,Shotgun,Normal,1,27.0,2.31,27.0,ORBITE 2026-27
O003131,B02610,S04,2026-07-04,Ticketmaster,Normal,2,27.0,2.77,54.0,ORBITE 2026-27
O003132,B02611,S04,2026-07-04,Fnac Spectacles,Normal,1,27.0,1.99,27.0,ORBITE 2026-27
O003133,B02612,S04,2026-07-05,Fnac Spectacles,Normal,2,27.0,2.84,54.0,ORBITE 2026-27
O003134,B01251,S04,2026-07-05,Shotgun,Normal,1,27.0,3.23,27.0,ORBITE 2026-27
O003135,B02613,S04,2026-07-05,Fnac Spectacles,Normal,2,27.0,2.28,54.0,ORBITE 2026-27
O003136,B02614,S04,2026-07-05,Ticketmaster,Normal,2,27.0,2.57,54.0,ORBITE 2026-27
O003137,B02615,S04,2026-07-05,Shotgun,Normal,2,27.0,2.74,54.0,ORBITE 2026-27
O003138,B02616,S04,2026-07-05,Fnac Spectacles,Normal,2,27.0,3.32,54.0,ORBITE 2026-27
O003139,B02617,S04,2026-07-06,Fnac Spectacles,Normal,3,27.0,3.06,81.0,ORBITE 2026-27
O003140,B02618,S04,2026-07-06,Ticketmaster,Normal,3,27.0,2.59,81.0,ORBITE 2026-27
O003141,B02619,S04,2026-07-06,Site officiel,Normal,1,27.0,0.0,27.0,ORBITE 2026-27
O003142,B02620,S04,2026-07-06,Fnac Spectacles,Normal,2,27.0,2.1,54.0,ORBITE 2026-27
O003143,B02621,S04,2026-07-07,Fnac Spectacles,Normal,1,27.0,2.74,27.0,ORBITE 2026-27
O003144,B02622,S04,2026-07-08,Fnac Spectacles,Normal,2,27.0,3.16,54.0,ORBITE 2026-27
O003145,B02623,S04,2026-07-08,Fnac Spectacles,Normal,2,27.0,2.66,54.0,ORBITE 2026-27
O003146,B02624,S04,2026-07-08,Dice,Normal,2,27.0,3.03,54.0,ORBITE 2026-27
O003147,B02625,S04,2026-07-09,Site officiel,Normal,1,27.0,0.0,27.0,ORBITE 2026-27
O003148,B00791,S04,2026-07-11,Ticketmaster,Normal,1,27.0,2.89,27.0,ORBITE 2026-27
O003149,B02626,S04,2026-07-12,Site officiel,Normal,2,27.0,0.0,54.0,ORBITE 2026-27
O003150,B02627,S04,2026-07-12,Ticketmaster,Normal,1,27.0,2.66,27.0,ORBITE 2026-27
O003151,B02628,S04,2026-07-13,Dice,Normal,1,27.0,3.13,27.0,ORBITE 2026-27
O003152,B02629,S04,2026-07-13,Fnac Spectacles,Normal,2,27.0,3.09,54.0,ORBITE 2026-27
O003153,B02630,S04,2026-07-14,Shotgun,Normal,2,27.0,3.37,54.0,ORBITE 2026-27
O003154,B01313,S04,2026-07-15,Dice,Normal,2,27.0,2.44,54.0,ORBITE 2026-27
O003155,B02631,S04,2026-07-16,Shotgun,Normal,1,27.0,3.08,27.0,ORBITE 2026-27
O003156,B02632,S04,2026-07-16,Dice,Normal,1,27.0,3.15,27.0,ORBITE 2026-27
O003157,B02633,S04,2026-07-17,Ticketmaster,Normal,2,27.0,3.26,54.0,ORBITE 2026-27
O003158,B02634,S04,2026-07-18,Fnac Spectacles,Normal,2,27.0,2.48,54.0,ORBITE 2026-27
O003159,B02635,S04,2026-07-18,Dice,Normal,2,27.0,3.09,54.0,ORBITE 2026-27
O003160,B02636,S04,2026-07-18,Ticketmaster,Normal,2,27.0,2.13,54.0,ORBITE 2026-27
O003161,B02637,S04,2026-07-19,Fnac Spectacles,Normal,1,27.0,2.5,27.0,ORBITE 2026-27
O003162,B02638,S04,2026-07-19,Fnac Spectacles,Normal,1,27.0,3.25,27.0,ORBITE 2026-27
O003163,B02639,S04,2026-07-20,Ticketmaster,Normal,1,27.0,2.71,27.0,ORBITE 2026-27
O003164,B02640,S04,2026-07-21,Dice,Normal,2,27.0,2.17,54.0,ORBITE 2026-27
O003165,B02641,S04,2026-07-21,Ticketmaster,Normal,2,27.0,2.92,54.0,ORBITE 2026-27
O003166,B02642,S04,2026-07-21,Site officiel,Normal,1,27.0,0.0,27.0,ORBITE 2026-27
O003167,B02643,S04,2026-07-22,Ticketmaster,Normal,2,27.0,3.05,54.0,ORBITE 2026-27
O003168,B02644,S04,2026-07-22,Site officiel,Carré or,2,39.15,0.0,78.3,ORBITE 2026-27
O003169,B01931,S04,2026-07-22,Ticketmaster,Normal,2,27.0,3.27,54.0,ORBITE 2026-27
O003170,B02645,S04,2026-07-23,Dice,Normal,1,27.0,2.26,27.0,ORBITE 2026-27
O003171,B02646,S04,2026-07-23,Fnac Spectacles,Normal,2,27.0,2.4,54.0,ORBITE 2026-27
O003172,B02647,S04,2026-07-23,Shotgun,Normal,1,27.0,2.33,27.0,ORBITE 2026-27
O003173,B02648,S04,2026-07-23,Ticketmaster,Normal,2,27.0,3.1,54.0,ORBITE 2026-27
O003174,B02649,S04,2026-07-24,Ticketmaster,Normal,2,27.0,2.19,54.0,ORBITE 2026-27
O003175,B01171,S04,2026-07-25,Shotgun,Normal,1,27.0,2.06,27.0,ORBITE 2026-27
O003176,B02650,S04,2026-07-25,Fnac Spectacles,Normal,2,27.0,3.24,54.0,ORBITE 2026-27
O003177,B02651,S04,2026-07-25,Fnac Spectacles,Normal,1,27.0,3.11,27.0,ORBITE 2026-27
O003178,B02652,S04,2026-07-25,Fnac Spectacles,Carré or,2,39.15,3.35,78.3,ORBITE 2026-27
O003179,B02653,S04,2026-07-26,Dice,Normal,2,27.0,2.43,54.0,ORBITE 2026-27
O003180,B02654,S04,2026-07-27,Site officiel,Normal,2,27.0,0.0,54.0,ORBITE 2026-27
O003181,B01780,S04,2026-07-28,Ticketmaster,Normal,2,27.0,2.27,54.0,ORBITE 2026-27
O003182,B02655,S04,2026-07-28,Site officiel,Normal,4,27.0,0.0,108.0,ORBITE 2026-27
O003183,B02656,S04,2026-07-29,Ticketmaster,Normal,2,27.0,2.76,54.0,ORBITE 2026-27
O003184,B02657,S04,2026-07-29,Site officiel,Normal,4,27.0,0.0,108.0,ORBITE 2026-27
O003185,B02658,S04,2026-07-29,Ticketmaster,Normal,2,27.0,3.26,54.0,ORBITE 2026-27
O003186,B02659,S04,2026-07-29,Dice,Normal,1,27.0,2.04,27.0,ORBITE 2026-27
O003187,B02660,S04,2026-07-30,Site officiel,Carré or,1,39.15,0.0,39.15,ORBITE 2026-27
O003188,B02216,S04,2026-07-31,Site officiel,Normal,1,27.0,0.0,27.0,ORBITE 2026-27
O003189,B02661,S04,2026-07-31,Site officiel,Carré or,2,39.15,0.0,78.3,ORBITE 2026-27
O003190,B02662,S04,2026-07-31,Fnac Spectacles,Normal,2,27.0,2.58,54.0,ORBITE 2026-27
O003191,B02663,S04,2026-07-31,Site officiel,Normal,3,27.0,0.0,81.0,ORBITE 2026-27
O003192,B02664,S04,2026-08-01,Fnac Spectacles,Normal,2,27.0,2.64,54.0,ORBITE 2026-27
O003193,B02665,S04,2026-08-01,Dice,Normal,3,27.0,3.08,81.0,ORBITE 2026-27
O003194,B01390,S04,2026-08-01,Fnac Spectacles,Normal,2,27.0,2.98,54.0,ORBITE 2026-27
O003195,B02666,S04,2026-08-02,Ticketmaster,Normal,1,27.0,2.61,27.0,ORBITE 2026-27
O003196,B02667,S04,2026-08-02,Site officiel,Normal,2,27.0,0.0,54.0,ORBITE 2026-27
O003197,B02668,S04,2026-08-02,Dice,Normal,3,27.0,3.39,81.0,ORBITE 2026-27
O003198,B02669,S04,2026-08-03,Dice,Normal,2,27.0,3.23,54.0,ORBITE 2026-27
O003199,B02670,S04,2026-08-03,Shotgun,Prévente,2,23.76,2.34,47.52,ORBITE 2026-27
O003200,B02671,S05,2026-06-09,Dice,Prévente,2,24.64,2.8,49.28,ORBITE 2026-27
O003201,B01810,S05,2026-06-09,Site officiel,Normal,2,28.0,0.0,56.0,ORBITE 2026-27
O003202,B02672,S05,2026-06-09,Fnac Spectacles,Prévente,2,24.64,2.28,49.28,ORBITE 2026-27
O003203,B02673,S05,2026-06-09,Fnac Spectacles,Prévente,2,24.64,3.17,49.28,ORBITE 2026-27
O003204,B02674,S05,2026-06-09,Fnac Spectacles,Carré or,2,40.6,3.24,81.2,ORBITE 2026-27
O003205,B02675,S05,2026-06-09,Dice,Prévente,2,24.64,3.24,49.28,ORBITE 2026-27
O003206,B02676,S05,2026-06-09,Ticketmaster,Normal,2,28.0,2.54,56.0,ORBITE 2026-27
O003207,B02279,S05,2026-06-09,Fnac Spectacles,Normal,1,28.0,3.16,28.0,ORBITE 2026-27
O003208,B02677,S05,2026-06-09,Ticketmaster,Prévente,1,24.64,2.31,24.64,ORBITE 2026-27
O003209,B02678,S05,2026-06-09,Ticketmaster,Normal,2,28.0,3.33,56.0,ORBITE 2026-27
O003210,B02679,S05,2026-06-09,Dice,Normal,2,28.0,2.97,56.0,ORBITE 2026-27
O003211,B02680,S05,2026-06-09,Fnac Spectacles,Prévente,2,24.64,2.66,49.28,ORBITE 2026-27
O003212,B02681,S05,2026-06-09,Fnac Spectacles,Normal,2,28.0,3.1,56.0,ORBITE 2026-27
O003213,B02682,S05,2026-06-09,Fnac Spectacles,Normal,1,28.0,2.47,28.0,ORBITE 2026-27
O003214,B00107,S05,2026-06-09,Fnac Spectacles,Normal,3,28.0,3.31,84.0,ORBITE 2026-27
O003215,B02683,S05,2026-06-09,Fnac Spectacles,Normal,1,28.0,1.9,28.0,ORBITE 2026-27
O003216,B02684,S05,2026-06-09,Site officiel,Carré or,2,40.6,0.0,81.2,ORBITE 2026-27
O003217,B02685,S05,2026-06-09,Site officiel,Normal,2,28.0,0.0,56.0,ORBITE 2026-27
O003218,B02686,S05,2026-06-09,Ticketmaster,Prévente,2,24.64,3.13,49.28,ORBITE 2026-27
O003219,B02687,S05,2026-06-09,Fnac Spectacles,Normal,2,28.0,2.84,56.0,ORBITE 2026-27
O003220,B00447,S05,2026-06-09,Fnac Spectacles,Normal,2,28.0,3.1,56.0,ORBITE 2026-27
O003221,B02688,S05,2026-06-09,Fnac Spectacles,Normal,2,28.0,2.11,56.0,ORBITE 2026-27
O003222,B02689,S05,2026-06-09,Fnac Spectacles,Normal,1,28.0,3.01,28.0,ORBITE 2026-27
O003223,B02690,S05,2026-06-09,Fnac Spectacles,Normal,2,28.0,3.36,56.0,ORBITE 2026-27
O003224,B02359,S05,2026-06-09,Fnac Spectacles,Normal,2,28.0,2.09,56.0,ORBITE 2026-27
O003225,B02691,S05,2026-06-09,Dice,Normal,2,28.0,2.91,56.0,ORBITE 2026-27
O003226,B02692,S05,2026-06-09,Ticketmaster,Normal,1,28.0,2.28,28.0,ORBITE 2026-27
O003227,B02693,S05,2026-06-09,Ticketmaster,Normal,2,28.0,3.22,56.0,ORBITE 2026-27
O003228,B02694,S05,2026-06-09,Dice,Prévente,2,24.64,2.89,49.28,ORBITE 2026-27
O003229,B02695,S05,2026-06-09,Site officiel,Prévente,2,24.64,0.0,49.28,ORBITE 2026-27
O003230,B01992,S05,2026-06-09,Fnac Spectacles,Prévente,1,24.64,2.44,24.64,ORBITE 2026-27
O003231,B02696,S05,2026-06-09,Shotgun,Normal,2,28.0,2.39,56.0,ORBITE 2026-27
O003232,B00386,S05,2026-06-09,Fnac Spectacles,Normal,2,28.0,2.79,56.0,ORBITE 2026-27
O003233,B02697,S05,2026-06-09,Fnac Spectacles,Normal,1,28.0,2.79,28.0,ORBITE 2026-27
O003234,B00874,S05,2026-06-09,Site officiel,Normal,2,28.0,0.0,56.0,ORBITE 2026-27
O003235,B02698,S05,2026-06-09,Ticketmaster,Normal,2,28.0,2.22,56.0,ORBITE 2026-27
O003236,B00741,S05,2026-06-09,Dice,Normal,2,28.0,2.02,56.0,ORBITE 2026-27
O003237,B02699,S05,2026-06-09,Dice,Normal,2,28.0,3.14,56.0,ORBITE 2026-27
O003238,B02700,S05,2026-06-09,Fnac Spectacles,Normal,1,28.0,2.94,28.0,ORBITE 2026-27
O003239,B00724,S05,2026-06-09,Fnac Spectacles,Normal,1,28.0,3.37,28.0,ORBITE 2026-27
O003240,B02240,S05,2026-06-09,Fnac Spectacles,Normal,4,28.0,1.92,112.0,ORBITE 2026-27
O003241,B02701,S05,2026-06-09,Shotgun,Normal,1,28.0,2.94,28.0,ORBITE 2026-27
O003242,B02442,S05,2026-06-09,Fnac Spectacles,Normal,2,28.0,3.38,56.0,ORBITE 2026-27
O003243,B01348,S05,2026-06-09,Dice,Prévente,2,24.64,2.98,49.28,ORBITE 2026-27
O003244,B02702,S05,2026-06-09,Dice,Normal,2,28.0,2.46,56.0,ORBITE 2026-27
O003245,B02703,S05,2026-06-09,Fnac Spectacles,Normal,2,28.0,1.95,56.0,ORBITE 2026-27
O003246,B02704,S05,2026-06-09,Site officiel,Prévente,2,24.64,0.0,49.28,ORBITE 2026-27
O003247,B02705,S05,2026-06-09,Fnac Spectacles,Normal,2,28.0,2.58,56.0,ORBITE 2026-27
O003248,B02706,S05,2026-06-09,Fnac Spectacles,Carré or,3,40.6,2.14,121.8,ORBITE 2026-27
O003249,B02707,S05,2026-06-09,Fnac Spectacles,Normal,2,28.0,2.96,56.0,ORBITE 2026-27
O003250,B02708,S05,2026-06-09,Fnac Spectacles,Normal,4,28.0,1.96,112.0,ORBITE 2026-27
O003251,B02709,S05,2026-06-09,Fnac Spectacles,Normal,4,28.0,3.11,112.0,ORBITE 2026-27
O003252,B02710,S05,2026-06-09,Site officiel,Normal,2,28.0,0.0,56.0,ORBITE 2026-27
O003253,B02711,S05,2026-06-09,Fnac Spectacles,Normal,2,28.0,2.78,56.0,ORBITE 2026-27
O003254,B02712,S05,2026-06-09,Fnac Spectacles,Normal,1,28.0,1.91,28.0,ORBITE 2026-27
O003255,B01696,S05,2026-06-10,Site officiel,Normal,2,28.0,0.0,56.0,ORBITE 2026-27
O003256,B02713,S05,2026-06-10,Fnac Spectacles,Normal,2,28.0,2.82,56.0,ORBITE 2026-27
O003257,B01335,S05,2026-06-10,Ticketmaster,Normal,1,28.0,3.13,28.0,ORBITE 2026-27
O003258,B02714,S05,2026-06-10,Site officiel,Normal,1,28.0,0.0,28.0,ORBITE 2026-27
O003259,B02715,S05,2026-06-10,Shotgun,Prévente,2,24.64,2.86,49.28,ORBITE 2026-27
O003260,B02716,S05,2026-06-10,Site officiel,Prévente,2,24.64,0.0,49.28,ORBITE 2026-27
O003261,B01517,S05,2026-06-10,Fnac Spectacles,Normal,2,28.0,2.31,56.0,ORBITE 2026-27
O003262,B02717,S05,2026-06-10,Ticketmaster,Prévente,2,24.64,2.06,49.28,ORBITE 2026-27
O003263,B02718,S05,2026-06-10,Ticketmaster,Normal,1,28.0,3.17,28.0,ORBITE 2026-27
O003264,B02719,S05,2026-06-10,Ticketmaster,Normal,2,28.0,2.83,56.0,ORBITE 2026-27
O003265,B02720,S05,2026-06-10,Dice,Normal,1,28.0,2.02,28.0,ORBITE 2026-27
O003266,B02528,S05,2026-06-10,Dice,Normal,4,28.0,3.0,112.0,ORBITE 2026-27
O003267,B02721,S05,2026-06-10,Site officiel,Carré or,2,40.6,0.0,81.2,ORBITE 2026-27
O003268,B02722,S05,2026-06-10,Site officiel,Normal,1,28.0,0.0,28.0,ORBITE 2026-27
O003269,B02723,S05,2026-06-10,Fnac Spectacles,Normal,2,28.0,2.35,56.0,ORBITE 2026-27
O003270,B02724,S05,2026-06-10,Dice,Normal,1,28.0,2.25,28.0,ORBITE 2026-27
O003271,B02725,S05,2026-06-10,Fnac Spectacles,Normal,4,28.0,3.02,112.0,ORBITE 2026-27
O003272,B01701,S05,2026-06-10,Site officiel,Prévente,2,24.64,0.0,49.28,ORBITE 2026-27
O003273,B02726,S05,2026-06-10,Shotgun,Prévente,2,24.64,3.03,49.28,ORBITE 2026-27
O003274,B02727,S05,2026-06-10,Fnac Spectacles,Normal,2,28.0,2.3,56.0,ORBITE 2026-27
O003275,B00221,S05,2026-06-10,Fnac Spectacles,Normal,2,28.0,3.22,56.0,ORBITE 2026-27
O003276,B02728,S05,2026-06-10,Fnac Spectacles,Normal,1,28.0,2.16,28.0,ORBITE 2026-27
O003277,B02729,S05,2026-06-10,Fnac Spectacles,Normal,1,28.0,2.13,28.0,ORBITE 2026-27
O003278,B02730,S05,2026-06-10,Ticketmaster,Normal,2,28.0,2.08,56.0,ORBITE 2026-27
O003279,B00166,S05,2026-06-10,Shotgun,Normal,2,28.0,2.84,56.0,ORBITE 2026-27
O003280,B02731,S05,2026-06-10,Site officiel,Normal,2,28.0,0.0,56.0,ORBITE 2026-27
O003281,B01578,S05,2026-06-10,Dice,Normal,2,28.0,2.63,56.0,ORBITE 2026-27
O003282,B02732,S05,2026-06-10,Site officiel,Normal,3,28.0,0.0,84.0,ORBITE 2026-27
O003283,B02733,S05,2026-06-10,Fnac Spectacles,Normal,2,28.0,2.12,56.0,ORBITE 2026-27
O003284,B02734,S05,2026-06-10,Ticketmaster,Normal,2,28.0,2.84,56.0,ORBITE 2026-27
O003285,B02735,S05,2026-06-10,Ticketmaster,Normal,2,28.0,2.96,56.0,ORBITE 2026-27
O003286,B02736,S05,2026-06-10,Ticketmaster,Prévente,2,24.64,2.62,49.28,ORBITE 2026-27
O003287,B02737,S05,2026-06-10,Site officiel,Normal,3,28.0,0.0,84.0,ORBITE 2026-27
O003288,B02738,S05,2026-06-10,Shotgun,Prévente,1,24.64,2.08,24.64,ORBITE 2026-27
O003289,B02739,S05,2026-06-10,Shotgun,Normal,1,28.0,3.14,28.0,ORBITE 2026-27
O003290,B01868,S05,2026-06-10,Ticketmaster,Normal,3,28.0,2.29,84.0,ORBITE 2026-27
O003291,B00081,S05,2026-06-10,Ticketmaster,Normal,1,28.0,2.1,28.0,ORBITE 2026-27
O003292,B02740,S05,2026-06-10,Ticketmaster,Normal,2,28.0,3.29,56.0,ORBITE 2026-27
O003293,B01853,S05,2026-06-10,Fnac Spectacles,Normal,1,28.0,2.0,28.0,ORBITE 2026-27
O003294,B01492,S05,2026-06-10,Shotgun,Normal,1,28.0,1.92,28.0,ORBITE 2026-27
O003295,B02741,S05,2026-06-11,Dice,Normal,1,28.0,2.44,28.0,ORBITE 2026-27
O003296,B02742,S05,2026-06-11,Ticketmaster,Normal,2,28.0,3.37,56.0,ORBITE 2026-27
O003297,B00738,S05,2026-06-11,Site officiel,Normal,2,28.0,0.0,56.0,ORBITE 2026-27
O003298,B02743,S05,2026-06-11,Fnac Spectacles,Normal,1,28.0,2.05,28.0,ORBITE 2026-27
O003299,B02744,S05,2026-06-11,Ticketmaster,Normal,2,28.0,2.55,56.0,ORBITE 2026-27
O003300,B02745,S05,2026-06-11,Fnac Spectacles,Normal,2,28.0,3.01,56.0,ORBITE 2026-27
O003301,B02746,S05,2026-06-11,Ticketmaster,Carré or,2,40.6,2.41,81.2,ORBITE 2026-27
O003302,B02747,S05,2026-06-11,Ticketmaster,Normal,1,28.0,2.69,28.0,ORBITE 2026-27
O003303,B01498,S05,2026-06-11,Fnac Spectacles,Normal,2,28.0,2.65,56.0,ORBITE 2026-27
O003304,B02748,S05,2026-06-11,Shotgun,Normal,2,28.0,3.03,56.0,ORBITE 2026-27
O003305,B00690,S05,2026-06-11,Fnac Spectacles,Normal,2,28.0,3.3,56.0,ORBITE 2026-27
O003306,B02749,S05,2026-06-11,Fnac Spectacles,Normal,3,28.0,2.72,84.0,ORBITE 2026-27
O003307,B02456,S05,2026-06-11,Fnac Spectacles,Normal,1,28.0,2.51,28.0,ORBITE 2026-27
O003308,B02750,S05,2026-06-11,Ticketmaster,Prévente,1,24.64,2.45,24.64,ORBITE 2026-27
O003309,B02751,S05,2026-06-11,Fnac Spectacles,Normal,3,28.0,2.45,84.0,ORBITE 2026-27
O003310,B02752,S05,2026-06-11,Fnac Spectacles,Normal,1,28.0,2.82,28.0,ORBITE 2026-27
O003311,B02455,S05,2026-06-11,Fnac Spectacles,Normal,1,28.0,2.8,28.0,ORBITE 2026-27
O003312,B02753,S05,2026-06-11,Fnac Spectacles,Normal,1,28.0,2.57,28.0,ORBITE 2026-27
O003313,B02754,S05,2026-06-11,Ticketmaster,Normal,2,28.0,3.21,56.0,ORBITE 2026-27
O003314,B02755,S05,2026-06-11,Fnac Spectacles,Normal,3,28.0,2.2,84.0,ORBITE 2026-27
O003315,B02756,S05,2026-06-11,Site officiel,Normal,2,28.0,0.0,56.0,ORBITE 2026-27
O003316,B02757,S05,2026-06-11,Fnac Spectacles,Normal,2,28.0,2.24,56.0,ORBITE 2026-27
O003317,B02758,S05,2026-06-11,Site officiel,Normal,2,28.0,0.0,56.0,ORBITE 2026-27
O003318,B02395,S05,2026-06-11,Dice,Prévente,3,24.64,2.53,73.92,ORBITE 2026-27
O003319,B00432,S05,2026-06-11,Site officiel,Prévente,4,24.64,0.0,98.56,ORBITE 2026-27
O003320,B02759,S05,2026-06-12,Fnac Spectacles,Normal,3,28.0,3.21,84.0,ORBITE 2026-27
O003321,B02760,S05,2026-06-12,Ticketmaster,Normal,1,28.0,2.72,28.0,ORBITE 2026-27
O003322,B02761,S05,2026-06-12,Fnac Spectacles,Normal,2,28.0,2.8,56.0,ORBITE 2026-27
O003323,B01721,S05,2026-06-12,Ticketmaster,Prévente,2,24.64,3.33,49.28,ORBITE 2026-27
O003324,B02762,S05,2026-06-12,Ticketmaster,Normal,3,28.0,3.17,84.0,ORBITE 2026-27
O003325,B01617,S05,2026-06-12,Site officiel,Normal,1,28.0,0.0,28.0,ORBITE 2026-27
O003326,B02763,S05,2026-06-12,Ticketmaster,Normal,2,28.0,2.25,56.0,ORBITE 2026-27
O003327,B02764,S05,2026-06-12,Shotgun,Normal,2,28.0,3.12,56.0,ORBITE 2026-27
O003328,B02765,S05,2026-06-12,Dice,Normal,3,28.0,2.49,84.0,ORBITE 2026-27
O003329,B00262,S05,2026-06-12,Fnac Spectacles,Normal,1,28.0,2.98,28.0,ORBITE 2026-27
O003330,B02766,S05,2026-06-12,Fnac Spectacles,Normal,2,28.0,2.63,56.0,ORBITE 2026-27
O003331,B01641,S05,2026-06-12,Fnac Spectacles,Normal,2,28.0,3.0,56.0,ORBITE 2026-27
O003332,B02767,S05,2026-06-12,Dice,Normal,1,28.0,1.93,28.0,ORBITE 2026-27
O003333,B02768,S05,2026-06-12,Ticketmaster,Normal,2,28.0,2.5,56.0,ORBITE 2026-27
O003334,B02769,S05,2026-06-12,Fnac Spectacles,Prévente,1,24.64,2.12,24.64,ORBITE 2026-27
O003335,B00880,S05,2026-06-12,Site officiel,Normal,2,28.0,0.0,56.0,ORBITE 2026-27
O003336,B02770,S05,2026-06-12,Fnac Spectacles,Normal,2,28.0,2.81,56.0,ORBITE 2026-27
O003337,B02771,S05,2026-06-12,Ticketmaster,Normal,2,28.0,2.79,56.0,ORBITE 2026-27
O003338,B02772,S05,2026-06-12,Dice,Normal,1,28.0,3.38,28.0,ORBITE 2026-27
O003339,B02773,S05,2026-06-12,Dice,Normal,1,28.0,3.34,28.0,ORBITE 2026-27
O003340,B02774,S05,2026-06-12,Fnac Spectacles,Normal,1,28.0,3.39,28.0,ORBITE 2026-27
O003341,B02775,S05,2026-06-12,Fnac Spectacles,Prévente,2,24.64,3.24,49.28,ORBITE 2026-27
O003342,B02776,S05,2026-06-12,Fnac Spectacles,Prévente,2,24.64,2.14,49.28,ORBITE 2026-27
O003343,B02777,S05,2026-06-12,Fnac Spectacles,Prévente,2,24.64,3.34,49.28,ORBITE 2026-27
O003344,B02412,S05,2026-06-12,Fnac Spectacles,Prévente,2,24.64,2.94,49.28,ORBITE 2026-27
O003345,B02778,S05,2026-06-12,Site officiel,Prévente,1,24.64,0.0,24.64,ORBITE 2026-27
O003346,B00193,S05,2026-06-13,Ticketmaster,Normal,2,28.0,2.08,56.0,ORBITE 2026-27
O003347,B02779,S05,2026-06-13,Site officiel,Normal,1,28.0,0.0,28.0,ORBITE 2026-27
O003348,B02780,S05,2026-06-13,Site officiel,Normal,2,28.0,0.0,56.0,ORBITE 2026-27
O003349,B02781,S05,2026-06-13,Site officiel,Normal,1,28.0,0.0,28.0,ORBITE 2026-27
O003350,B02782,S05,2026-06-13,Ticketmaster,Normal,2,28.0,2.26,56.0,ORBITE 2026-27
O003351,B02783,S05,2026-06-13,Site officiel,Normal,2,28.0,0.0,56.0,ORBITE 2026-27
O003352,B02784,S05,2026-06-13,Fnac Spectacles,Normal,2,28.0,1.91,56.0,ORBITE 2026-27
O003353,B02785,S05,2026-06-13,Ticketmaster,Normal,2,28.0,3.37,56.0,ORBITE 2026-27
O003354,B02786,S05,2026-06-13,Fnac Spectacles,Prévente,1,24.64,2.75,24.64,ORBITE 2026-27
O003355,B02787,S05,2026-06-13,Shotgun,Normal,1,28.0,3.01,28.0,ORBITE 2026-27
O003356,B02788,S05,2026-06-13,Dice,Normal,2,28.0,2.11,56.0,ORBITE 2026-27
O003357,B02789,S05,2026-06-13,Site officiel,Normal,2,28.0,0.0,56.0,ORBITE 2026-27
O003358,B02790,S05,2026-06-13,Site officiel,Prévente,2,24.64,0.0,49.28,ORBITE 2026-27
O003359,B02791,S05,2026-06-13,Ticketmaster,Normal,1,28.0,2.33,28.0,ORBITE 2026-27
O003360,B02792,S05,2026-06-13,Site officiel,Normal,2,28.0,0.0,56.0,ORBITE 2026-27
O003361,B02793,S05,2026-06-13,Ticketmaster,Normal,1,28.0,2.44,28.0,ORBITE 2026-27
O003362,B02794,S05,2026-06-13,Fnac Spectacles,Normal,2,28.0,1.93,56.0,ORBITE 2026-27
O003363,B02795,S05,2026-06-13,Fnac Spectacles,Normal,2,28.0,3.09,56.0,ORBITE 2026-27
O003364,B02796,S05,2026-06-13,Fnac Spectacles,Normal,2,28.0,1.97,56.0,ORBITE 2026-27
O003365,B02797,S05,2026-06-13,Site officiel,Normal,2,28.0,0.0,56.0,ORBITE 2026-27
O003366,B02798,S05,2026-06-13,Dice,Normal,1,28.0,2.83,28.0,ORBITE 2026-27
O003367,B02799,S05,2026-06-13,Site officiel,Prévente,1,24.64,0.0,24.64,ORBITE 2026-27
O003368,B02800,S05,2026-06-13,Site officiel,Normal,1,28.0,0.0,28.0,ORBITE 2026-27
O003369,B00560,S05,2026-06-13,Dice,Normal,3,28.0,2.06,84.0,ORBITE 2026-27
O003370,B02801,S05,2026-06-13,Shotgun,Normal,3,28.0,3.06,84.0,ORBITE 2026-27
O003371,B02802,S05,2026-06-13,Ticketmaster,Normal,2,28.0,2.47,56.0,ORBITE 2026-27
O003372,B02376,S05,2026-06-13,Ticketmaster,Prévente,1,24.64,2.33,24.64,ORBITE 2026-27
O003373,B02803,S05,2026-06-13,Fnac Spectacles,Normal,4,28.0,2.55,112.0,ORBITE 2026-27
O003374,B02804,S05,2026-06-13,Fnac Spectacles,Prévente,2,24.64,2.93,49.28,ORBITE 2026-27
O003375,B02805,S05,2026-06-13,Ticketmaster,Normal,1,28.0,2.45,28.0,ORBITE 2026-27
O003376,B02806,S05,2026-06-13,Site officiel,Carré or,2,40.6,0.0,81.2,ORBITE 2026-27
O003377,B02620,S05,2026-06-13,Fnac Spectacles,Carré or,1,40.6,3.14,40.6,ORBITE 2026-27
O003378,B02807,S05,2026-06-13,Fnac Spectacles,Normal,1,28.0,2.01,28.0,ORBITE 2026-27
O003379,B02808,S05,2026-06-14,Ticketmaster,Normal,2,28.0,2.4,56.0,ORBITE 2026-27
O003380,B02139,S05,2026-06-14,Site officiel,Normal,2,28.0,0.0,56.0,ORBITE 2026-27
O003381,B02809,S05,2026-06-14,Fnac Spectacles,Normal,1,28.0,1.98,28.0,ORBITE 2026-27
O003382,B02810,S05,2026-06-14,Ticketmaster,Normal,2,28.0,2.29,56.0,ORBITE 2026-27
O003383,B00620,S05,2026-06-14,Dice,Prévente,2,24.64,2.88,49.28,ORBITE 2026-27
O003384,B02811,S05,2026-06-14,Site officiel,Normal,1,28.0,0.0,28.0,ORBITE 2026-27
O003385,B02812,S05,2026-06-14,Dice,Normal,2,28.0,2.58,56.0,ORBITE 2026-27
O003386,B02813,S05,2026-06-14,Site officiel,Normal,1,28.0,0.0,28.0,ORBITE 2026-27
O003387,B02814,S05,2026-06-14,Site officiel,Carré or,2,40.6,0.0,81.2,ORBITE 2026-27
O003388,B02085,S05,2026-06-14,Fnac Spectacles,Normal,1,28.0,2.93,28.0,ORBITE 2026-27
O003389,B02815,S05,2026-06-14,Ticketmaster,Normal,1,28.0,2.27,28.0,ORBITE 2026-27
O003390,B01731,S05,2026-06-14,Shotgun,Normal,1,28.0,3.05,28.0,ORBITE 2026-27
O003391,B02816,S05,2026-06-14,Shotgun,Carré or,1,40.6,3.3,40.6,ORBITE 2026-27
O003392,B02817,S05,2026-06-14,Shotgun,Normal,2,28.0,2.22,56.0,ORBITE 2026-27
O003393,B02818,S05,2026-06-14,Fnac Spectacles,Prévente,2,24.64,1.91,49.28,ORBITE 2026-27
O003394,B02819,S05,2026-06-14,Ticketmaster,Normal,2,28.0,2.02,56.0,ORBITE 2026-27
O003395,B02820,S05,2026-06-14,Ticketmaster,Normal,2,28.0,2.55,56.0,ORBITE 2026-27
O003396,B02821,S05,2026-06-15,Ticketmaster,Normal,1,28.0,3.18,28.0,ORBITE 2026-27
O003397,B02822,S05,2026-06-15,Site officiel,Normal,2,28.0,0.0,56.0,ORBITE 2026-27
O003398,B02823,S05,2026-06-15,Dice,Normal,1,28.0,2.32,28.0,ORBITE 2026-27
O003399,B02700,S05,2026-06-15,Dice,Normal,2,28.0,1.99,56.0,ORBITE 2026-27
O003400,B02824,S05,2026-06-15,Site officiel,Carré or,2,40.6,0.0,81.2,ORBITE 2026-27
O003401,B02825,S05,2026-06-15,Site officiel,Prévente,2,24.64,0.0,49.28,ORBITE 2026-27
O003402,B02771,S05,2026-06-15,Shotgun,Normal,1,28.0,2.8,28.0,ORBITE 2026-27
O003403,B01243,S05,2026-06-15,Ticketmaster,Normal,2,28.0,2.85,56.0,ORBITE 2026-27
O003404,B02826,S05,2026-06-15,Fnac Spectacles,Normal,2,28.0,2.76,56.0,ORBITE 2026-27
O003405,B02827,S05,2026-06-15,Ticketmaster,Normal,1,28.0,2.2,28.0,ORBITE 2026-27
O003406,B02828,S05,2026-06-15,Dice,Prévente,1,24.64,2.07,24.64,ORBITE 2026-27
O003407,B02829,S05,2026-06-15,Fnac Spectacles,Normal,2,28.0,2.13,56.0,ORBITE 2026-27
O003408,B02830,S05,2026-06-15,Fnac Spectacles,Normal,3,28.0,2.5,84.0,ORBITE 2026-27
O003409,B02831,S05,2026-06-15,Ticketmaster,Normal,1,28.0,2.8,28.0,ORBITE 2026-27
O003410,B02832,S05,2026-06-15,Site officiel,Normal,2,28.0,0.0,56.0,ORBITE 2026-27
O003411,B00424,S05,2026-06-15,Ticketmaster,Normal,2,28.0,3.32,56.0,ORBITE 2026-27
O003412,B02833,S05,2026-06-15,Fnac Spectacles,Prévente,2,24.64,2.46,49.28,ORBITE 2026-27
O003413,B02834,S05,2026-06-15,Fnac Spectacles,Prévente,1,24.64,2.73,24.64,ORBITE 2026-27
O003414,B02835,S05,2026-06-16,Ticketmaster,Normal,3,28.0,2.44,84.0,ORBITE 2026-27
O003415,B02836,S05,2026-06-16,Dice,Normal,2,28.0,3.3,56.0,ORBITE 2026-27
O003416,B02837,S05,2026-06-16,Ticketmaster,Normal,2,28.0,2.41,56.0,ORBITE 2026-27
O003417,B01547,S05,2026-06-16,Ticketmaster,Normal,1,28.0,2.77,28.0,ORBITE 2026-27
O003418,B02838,S05,2026-06-16,Ticketmaster,Normal,1,28.0,2.49,28.0,ORBITE 2026-27
O003419,B02839,S05,2026-06-16,Fnac Spectacles,Normal,1,28.0,2.97,28.0,ORBITE 2026-27
O003420,B02840,S05,2026-06-16,Shotgun,Normal,1,28.0,3.03,28.0,ORBITE 2026-27
O003421,B02479,S05,2026-06-16,Fnac Spectacles,Normal,2,28.0,2.29,56.0,ORBITE 2026-27
O003422,B00369,S05,2026-06-16,Fnac Spectacles,Normal,2,28.0,2.7,56.0,ORBITE 2026-27
O003423,B02841,S05,2026-06-16,Site officiel,Normal,1,28.0,0.0,28.0,ORBITE 2026-27
O003424,B02842,S05,2026-06-16,Shotgun,Normal,2,28.0,3.24,56.0,ORBITE 2026-27
O003425,B02843,S05,2026-06-16,Shotgun,Normal,2,28.0,2.96,56.0,ORBITE 2026-27
O003426,B02844,S05,2026-06-16,Ticketmaster,Normal,3,28.0,2.74,84.0,ORBITE 2026-27
O003427,B02845,S05,2026-06-16,Fnac Spectacles,Normal,2,28.0,2.04,56.0,ORBITE 2026-27
O003428,B02846,S05,2026-06-16,Shotgun,Normal,2,28.0,2.48,56.0,ORBITE 2026-27
O003429,B02847,S05,2026-06-16,Fnac Spectacles,Normal,2,28.0,3.16,56.0,ORBITE 2026-27
O003430,B02848,S05,2026-06-16,Ticketmaster,Normal,1,28.0,2.65,28.0,ORBITE 2026-27
O003431,B02849,S05,2026-06-16,Site officiel,Normal,2,28.0,0.0,56.0,ORBITE 2026-27
O003432,B02850,S05,2026-06-16,Ticketmaster,Normal,3,28.0,2.75,84.0,ORBITE 2026-27
O003433,B02851,S05,2026-06-16,Fnac Spectacles,Normal,1,28.0,2.36,28.0,ORBITE 2026-27
O003434,B02852,S05,2026-06-17,Ticketmaster,Normal,2,28.0,2.4,56.0,ORBITE 2026-27
O003435,B00055,S05,2026-06-17,Ticketmaster,Carré or,2,40.6,2.37,81.2,ORBITE 2026-27
O003436,B02853,S05,2026-06-17,Site officiel,Normal,3,28.0,0.0,84.0,ORBITE 2026-27
O003437,B02854,S05,2026-06-17,Fnac Spectacles,Normal,2,28.0,2.74,56.0,ORBITE 2026-27
O003438,B02855,S05,2026-06-17,Ticketmaster,Normal,2,28.0,3.32,56.0,ORBITE 2026-27
O003439,B02856,S05,2026-06-17,Fnac Spectacles,Normal,2,28.0,2.32,56.0,ORBITE 2026-27
O003440,B02857,S05,2026-06-17,Site officiel,Normal,1,28.0,0.0,28.0,ORBITE 2026-27
O003441,B02858,S05,2026-06-17,Fnac Spectacles,Normal,1,28.0,2.61,28.0,ORBITE 2026-27
O003442,B02859,S05,2026-06-17,Fnac Spectacles,Carré or,2,40.6,2.21,81.2,ORBITE 2026-27
O003443,B02860,S05,2026-06-17,Fnac Spectacles,Carré or,2,40.6,2.69,81.2,ORBITE 2026-27
O003444,B02861,S05,2026-06-17,Dice,Normal,2,28.0,2.07,56.0,ORBITE 2026-27
O003445,B02862,S05,2026-06-17,Site officiel,Normal,1,28.0,0.0,28.0,ORBITE 2026-27
O003446,B02863,S05,2026-06-17,Fnac Spectacles,Normal,2,28.0,2.28,56.0,ORBITE 2026-27
O003447,B02864,S05,2026-06-18,Ticketmaster,Normal,2,28.0,2.05,56.0,ORBITE 2026-27
O003448,B02865,S05,2026-06-18,Fnac Spectacles,Normal,2,28.0,3.37,56.0,ORBITE 2026-27
O003449,B02866,S05,2026-06-18,Fnac Spectacles,Normal,2,28.0,2.81,56.0,ORBITE 2026-27
O003450,B01923,S05,2026-06-18,Site officiel,Carré or,4,40.6,0.0,162.4,ORBITE 2026-27
O003451,B02867,S05,2026-06-18,Ticketmaster,Normal,2,28.0,2.8,56.0,ORBITE 2026-27
O003452,B02868,S05,2026-06-18,Fnac Spectacles,Normal,1,28.0,2.9,28.0,ORBITE 2026-27
O003453,B02869,S05,2026-06-18,Dice,Normal,2,28.0,3.07,56.0,ORBITE 2026-27
O003454,B02870,S05,2026-06-18,Fnac Spectacles,Normal,1,28.0,2.96,28.0,ORBITE 2026-27
O003455,B02871,S05,2026-06-18,Ticketmaster,Normal,1,28.0,2.02,28.0,ORBITE 2026-27
O003456,B02872,S05,2026-06-18,Site officiel,Normal,2,28.0,0.0,56.0,ORBITE 2026-27
O003457,B02873,S05,2026-06-19,Fnac Spectacles,Normal,2,28.0,2.76,56.0,ORBITE 2026-27
O003458,B02874,S05,2026-06-19,Site officiel,Normal,1,28.0,0.0,28.0,ORBITE 2026-27
O003459,B01893,S05,2026-06-19,Shotgun,Normal,2,28.0,3.01,56.0,ORBITE 2026-27
O003460,B02875,S05,2026-06-19,Fnac Spectacles,Normal,2,28.0,3.16,56.0,ORBITE 2026-27
O003461,B02876,S05,2026-06-19,Fnac Spectacles,Normal,2,28.0,2.83,56.0,ORBITE 2026-27
O003462,B02877,S05,2026-06-19,Fnac Spectacles,Normal,1,28.0,2.76,28.0,ORBITE 2026-27
O003463,B02878,S05,2026-06-19,Fnac Spectacles,Normal,2,28.0,2.96,56.0,ORBITE 2026-27
O003464,B02879,S05,2026-06-20,Dice,Normal,2,28.0,3.05,56.0,ORBITE 2026-27
O003465,B02880,S05,2026-06-20,Shotgun,Normal,4,28.0,3.27,112.0,ORBITE 2026-27
O003466,B02881,S05,2026-06-20,Ticketmaster,Carré or,4,40.6,2.25,162.4,ORBITE 2026-27
O003467,B02882,S05,2026-06-20,Shotgun,Normal,2,28.0,2.34,56.0,ORBITE 2026-27
O003468,B00963,S05,2026-06-20,Dice,Normal,2,28.0,2.65,56.0,ORBITE 2026-27
O003469,B00763,S05,2026-06-20,Ticketmaster,Normal,2,28.0,3.27,56.0,ORBITE 2026-27
O003470,B02268,S05,2026-06-20,Fnac Spectacles,Normal,4,28.0,2.96,112.0,ORBITE 2026-27
O003471,B02883,S05,2026-06-20,Site officiel,Normal,2,28.0,0.0,56.0,ORBITE 2026-27
O003472,B02884,S05,2026-06-21,Site officiel,Normal,2,28.0,0.0,56.0,ORBITE 2026-27
O003473,B02885,S05,2026-06-21,Fnac Spectacles,Normal,2,28.0,3.27,56.0,ORBITE 2026-27
O003474,B02886,S05,2026-06-21,Ticketmaster,Normal,2,28.0,3.06,56.0,ORBITE 2026-27
O003475,B02887,S05,2026-06-21,Site officiel,Normal,3,28.0,0.0,84.0,ORBITE 2026-27
O003476,B02888,S05,2026-06-22,Site officiel,Normal,1,28.0,0.0,28.0,ORBITE 2026-27
O003477,B02889,S05,2026-06-22,Fnac Spectacles,Normal,2,28.0,3.26,56.0,ORBITE 2026-27
O003478,B02890,S05,2026-06-22,Fnac Spectacles,Normal,2,28.0,3.11,56.0,ORBITE 2026-27
O003479,B02891,S05,2026-06-22,Ticketmaster,Normal,2,28.0,2.48,56.0,ORBITE 2026-27
O003480,B02892,S05,2026-06-23,Site officiel,Normal,2,28.0,0.0,56.0,ORBITE 2026-27
O003481,B02893,S05,2026-06-23,Ticketmaster,Normal,2,28.0,3.0,56.0,ORBITE 2026-27
O003482,B02894,S05,2026-06-23,Ticketmaster,Normal,2,28.0,2.73,56.0,ORBITE 2026-27
O003483,B02895,S05,2026-06-23,Fnac Spectacles,Normal,2,28.0,2.81,56.0,ORBITE 2026-27
O003484,B02199,S05,2026-06-23,Ticketmaster,Carré or,4,40.6,2.05,162.4,ORBITE 2026-27
O003485,B02896,S05,2026-06-23,Fnac Spectacles,Normal,1,28.0,3.31,28.0,ORBITE 2026-27
O003486,B02897,S05,2026-06-23,Fnac Spectacles,Normal,1,28.0,2.37,28.0,ORBITE 2026-27
O003487,B02898,S05,2026-06-23,Dice,Normal,1,28.0,3.35,28.0,ORBITE 2026-27
O003488,B02899,S05,2026-06-24,Site officiel,Normal,2,28.0,0.0,56.0,ORBITE 2026-27
O003489,B02900,S05,2026-06-24,Ticketmaster,Normal,1,28.0,2.91,28.0,ORBITE 2026-27
O003490,B02901,S05,2026-06-24,Fnac Spectacles,Normal,2,28.0,2.68,56.0,ORBITE 2026-27
O003491,B02902,S05,2026-06-24,Fnac Spectacles,Normal,2,28.0,3.26,56.0,ORBITE 2026-27
O003492,B02004,S05,2026-06-24,Ticketmaster,Normal,1,28.0,2.3,28.0,ORBITE 2026-27
O003493,B02903,S05,2026-06-24,Fnac Spectacles,Normal,2,28.0,2.76,56.0,ORBITE 2026-27
O003494,B02904,S05,2026-06-24,Ticketmaster,Normal,3,28.0,2.67,84.0,ORBITE 2026-27
O003495,B02905,S05,2026-06-24,Dice,Normal,2,28.0,3.11,56.0,ORBITE 2026-27
O003496,B02854,S05,2026-06-25,Fnac Spectacles,Normal,2,28.0,2.61,56.0,ORBITE 2026-27
O003497,B02906,S05,2026-06-25,Shotgun,Normal,2,28.0,3.33,56.0,ORBITE 2026-27
O003498,B02907,S05,2026-06-25,Fnac Spectacles,Carré or,1,40.6,2.18,40.6,ORBITE 2026-27
O003499,B01544,S05,2026-06-25,Ticketmaster,Normal,1,28.0,3.32,28.0,ORBITE 2026-27
O003500,B02908,S05,2026-06-26,Fnac Spectacles,Normal,2,28.0,3.39,56.0,ORBITE 2026-27
O003501,B02909,S05,2026-06-26,Fnac Spectacles,Normal,3,28.0,3.14,84.0,ORBITE 2026-27
O003502,B02910,S05,2026-06-26,Ticketmaster,Normal,2,28.0,2.47,56.0,ORBITE 2026-27
O003503,B02911,S05,2026-06-26,Fnac Spectacles,Normal,2,28.0,2.39,56.0,ORBITE 2026-27
O003504,B02912,S05,2026-06-26,Ticketmaster,Normal,2,28.0,2.48,56.0,ORBITE 2026-27
O003505,B02913,S05,2026-06-26,Ticketmaster,Normal,2,28.0,1.92,56.0,ORBITE 2026-27
O003506,B01090,S05,2026-06-26,Ticketmaster,Normal,2,28.0,2.87,56.0,ORBITE 2026-27
O003507,B00243,S05,2026-06-27,Fnac Spectacles,Normal,2,28.0,3.19,56.0,ORBITE 2026-27
O003508,B02914,S05,2026-06-27,Site officiel,Normal,2,28.0,0.0,56.0,ORBITE 2026-27
O003509,B02915,S05,2026-06-27,Fnac Spectacles,Normal,1,28.0,2.67,28.0,ORBITE 2026-27
O003510,B02916,S05,2026-06-27,Ticketmaster,Normal,2,28.0,3.29,56.0,ORBITE 2026-27
O003511,B02917,S05,2026-06-27,Dice,Carré or,2,40.6,2.3,81.2,ORBITE 2026-27
O003512,B02918,S05,2026-06-27,Fnac Spectacles,Normal,2,28.0,2.53,56.0,ORBITE 2026-27
O003513,B02919,S05,2026-06-28,Ticketmaster,Normal,2,28.0,2.28,56.0,ORBITE 2026-27
O003514,B01923,S05,2026-06-28,Shotgun,Normal,2,28.0,2.04,56.0,ORBITE 2026-27
O003515,B02920,S05,2026-06-28,Fnac Spectacles,Normal,2,28.0,2.41,56.0,ORBITE 2026-27
O003516,B02921,S05,2026-06-28,Fnac Spectacles,Normal,1,28.0,2.97,28.0,ORBITE 2026-27
O003517,B02922,S05,2026-06-28,Dice,Normal,1,28.0,2.89,28.0,ORBITE 2026-27
O003518,B02425,S05,2026-06-29,Site officiel,Normal,1,28.0,0.0,28.0,ORBITE 2026-27
O003519,B02923,S05,2026-06-29,Fnac Spectacles,Carré or,2,40.6,2.21,81.2,ORBITE 2026-27
O003520,B02924,S05,2026-06-29,Dice,Normal,2,28.0,2.94,56.0,ORBITE 2026-27
O003521,B02925,S05,2026-06-29,Fnac Spectacles,Normal,2,28.0,2.94,56.0,ORBITE 2026-27
O003522,B02926,S05,2026-06-29,Ticketmaster,Normal,4,28.0,3.03,112.0,ORBITE 2026-27
O003523,B02927,S05,2026-06-30,Ticketmaster,Normal,2,28.0,3.14,56.0,ORBITE 2026-27
O003524,B02928,S05,2026-06-30,Fnac Spectacles,Normal,2,28.0,3.08,56.0,ORBITE 2026-27
O003525,B02929,S05,2026-06-30,Fnac Spectacles,Prévente,1,24.64,2.09,24.64,ORBITE 2026-27
O003526,B00535,S05,2026-06-30,Ticketmaster,Normal,1,28.0,3.0,28.0,ORBITE 2026-27
O003527,B02930,S05,2026-06-30,Fnac Spectacles,Normal,1,28.0,2.92,28.0,ORBITE 2026-27
O003528,B02931,S05,2026-06-30,Fnac Spectacles,Normal,2,28.0,3.3,56.0,ORBITE 2026-27
O003529,B02932,S05,2026-07-01,Fnac Spectacles,Normal,1,28.0,2.17,28.0,ORBITE 2026-27
O003530,B02933,S05,2026-07-01,Site officiel,Normal,2,28.0,0.0,56.0,ORBITE 2026-27
O003531,B02762,S05,2026-07-01,Fnac Spectacles,Normal,2,28.0,2.94,56.0,ORBITE 2026-27
O003532,B02934,S05,2026-07-01,Fnac Spectacles,Normal,1,28.0,2.42,28.0,ORBITE 2026-27
O003533,B02935,S05,2026-07-01,Dice,Normal,2,28.0,3.08,56.0,ORBITE 2026-27
O003534,B02936,S05,2026-07-02,Fnac Spectacles,Normal,2,28.0,2.54,56.0,ORBITE 2026-27
O003535,B02937,S05,2026-07-02,Dice,Normal,1,28.0,2.55,28.0,ORBITE 2026-27
O003536,B02938,S05,2026-07-02,Ticketmaster,Normal,2,28.0,3.33,56.0,ORBITE 2026-27
O003537,B02939,S05,2026-07-03,Fnac Spectacles,Normal,2,28.0,2.58,56.0,ORBITE 2026-27
O003538,B01396,S05,2026-07-03,Fnac Spectacles,Normal,2,28.0,2.93,56.0,ORBITE 2026-27
O003539,B02940,S05,2026-07-04,Site officiel,Normal,2,28.0,0.0,56.0,ORBITE 2026-27
O003540,B02941,S05,2026-07-04,Shotgun,Normal,2,28.0,2.64,56.0,ORBITE 2026-27
O003541,B02942,S05,2026-07-04,Ticketmaster,Normal,1,28.0,2.28,28.0,ORBITE 2026-27
O003542,B02943,S05,2026-07-05,Dice,Normal,2,28.0,3.35,56.0,ORBITE 2026-27
O003543,B02944,S05,2026-07-06,Fnac Spectacles,Normal,2,28.0,3.31,56.0,ORBITE 2026-27
O003544,B00115,S05,2026-07-06,Ticketmaster,Carré or,1,40.6,2.33,40.6,ORBITE 2026-27
O003545,B02945,S05,2026-07-06,Dice,Normal,1,28.0,2.53,28.0,ORBITE 2026-27
O003546,B02946,S05,2026-07-07,Site officiel,Normal,1,28.0,0.0,28.0,ORBITE 2026-27
O003547,B00411,S05,2026-07-07,Dice,Carré or,1,40.6,2.66,40.6,ORBITE 2026-27
O003548,B02947,S05,2026-07-07,Dice,Prévente,1,24.64,3.22,24.64,ORBITE 2026-27
O003549,B02948,S05,2026-07-08,Site officiel,Normal,2,28.0,0.0,56.0,ORBITE 2026-27
O003550,B02949,S05,2026-07-08,Fnac Spectacles,Normal,2,28.0,3.2,56.0,ORBITE 2026-27
O003551,B02950,S05,2026-07-08,Fnac Spectacles,Normal,1,28.0,2.24,28.0,ORBITE 2026-27
O003552,B01290,S05,2026-07-08,Fnac Spectacles,Normal,1,28.0,2.49,28.0,ORBITE 2026-27
O003553,B02951,S05,2026-07-09,Ticketmaster,Normal,2,28.0,2.5,56.0,ORBITE 2026-27
O003554,B02952,S05,2026-07-09,Fnac Spectacles,Normal,2,28.0,2.48,56.0,ORBITE 2026-27
O003555,B02953,S05,2026-07-09,Dice,Normal,1,28.0,2.99,28.0,ORBITE 2026-27
O003556,B02954,S05,2026-07-09,Fnac Spectacles,Normal,2,28.0,2.94,56.0,ORBITE 2026-27
O003557,B02955,S05,2026-07-10,Fnac Spectacles,Normal,2,28.0,3.37,56.0,ORBITE 2026-27
O003558,B02956,S05,2026-07-10,Fnac Spectacles,Carré or,2,40.6,3.09,81.2,ORBITE 2026-27
O003559,B02957,S05,2026-07-10,Site officiel,Carré or,2,40.6,0.0,81.2,ORBITE 2026-27
O003560,B02958,S05,2026-07-10,Fnac Spectacles,Normal,2,28.0,2.96,56.0,ORBITE 2026-27
O003561,B01494,S05,2026-07-10,Fnac Spectacles,Normal,1,28.0,3.17,28.0,ORBITE 2026-27
O003562,B02959,S05,2026-07-10,Fnac Spectacles,Normal,2,28.0,3.19,56.0,ORBITE 2026-27
O003563,B00886,S05,2026-07-10,Fnac Spectacles,Normal,2,28.0,2.1,56.0,ORBITE 2026-27
O003564,B02960,S05,2026-07-10,Dice,Normal,2,28.0,3.14,56.0,ORBITE 2026-27
O003565,B02961,S05,2026-07-11,Site officiel,Normal,2,28.0,0.0,56.0,ORBITE 2026-27
O003566,B02962,S05,2026-07-11,Fnac Spectacles,Normal,1,28.0,1.91,28.0,ORBITE 2026-27
O003567,B02963,S05,2026-07-11,Shotgun,Carré or,2,40.6,2.83,81.2,ORBITE 2026-27
O003568,B02964,S05,2026-07-11,Fnac Spectacles,Normal,2,28.0,2.15,56.0,ORBITE 2026-27
O003569,B02965,S05,2026-07-12,Shotgun,Normal,2,28.0,3.16,56.0,ORBITE 2026-27
O003570,B02462,S05,2026-07-12,Fnac Spectacles,Carré or,2,40.6,2.08,81.2,ORBITE 2026-27
O003571,B02966,S05,2026-07-12,Fnac Spectacles,Normal,2,28.0,2.47,56.0,ORBITE 2026-27
O003572,B02967,S05,2026-07-13,Ticketmaster,Normal,2,28.0,3.27,56.0,ORBITE 2026-27
O003573,B02968,S05,2026-07-13,Fnac Spectacles,Normal,2,28.0,2.13,56.0,ORBITE 2026-27
O003574,B02969,S05,2026-07-13,Fnac Spectacles,Normal,1,28.0,3.1,28.0,ORBITE 2026-27
O003575,B02970,S05,2026-07-14,Ticketmaster,Normal,2,28.0,2.43,56.0,ORBITE 2026-27
O003576,B02804,S05,2026-07-14,Dice,Normal,2,28.0,2.59,56.0,ORBITE 2026-27
O003577,B02971,S05,2026-07-14,Shotgun,Normal,2,28.0,2.84,56.0,ORBITE 2026-27
O003578,B02972,S05,2026-07-14,Fnac Spectacles,Normal,2,28.0,2.82,56.0,ORBITE 2026-27
O003579,B00683,S05,2026-07-14,Dice,Normal,2,28.0,2.64,56.0,ORBITE 2026-27
O003580,B02973,S05,2026-07-14,Ticketmaster,Normal,2,28.0,2.3,56.0,ORBITE 2026-27
O003581,B02974,S05,2026-07-14,Fnac Spectacles,Carré or,2,40.6,3.19,81.2,ORBITE 2026-27
O003582,B02975,S05,2026-07-14,Site officiel,Normal,3,28.0,0.0,84.0,ORBITE 2026-27
O003583,B02976,S05,2026-07-15,Dice,Carré or,2,40.6,2.74,81.2,ORBITE 2026-27
O003584,B02051,S05,2026-07-15,Fnac Spectacles,Normal,1,28.0,2.01,28.0,ORBITE 2026-27
O003585,B00467,S05,2026-07-15,Site officiel,Normal,1,28.0,0.0,28.0,ORBITE 2026-27
O003586,B02977,S05,2026-07-15,Fnac Spectacles,Normal,4,28.0,2.58,112.0,ORBITE 2026-27
O003587,B02978,S05,2026-07-16,Dice,Normal,2,28.0,3.39,56.0,ORBITE 2026-27
O003588,B02979,S05,2026-07-16,Ticketmaster,Normal,1,28.0,2.55,28.0,ORBITE 2026-27
O003589,B02980,S05,2026-07-16,Fnac Spectacles,Normal,2,28.0,2.26,56.0,ORBITE 2026-27
O003590,B02981,S05,2026-07-16,Site officiel,Normal,2,28.0,0.0,56.0,ORBITE 2026-27
O003591,B02982,S05,2026-07-16,Shotgun,Normal,2,28.0,3.15,56.0,ORBITE 2026-27
O003592,B02983,S05,2026-07-16,Ticketmaster,Normal,2,28.0,2.25,56.0,ORBITE 2026-27
O003593,B02984,S05,2026-07-16,Ticketmaster,Normal,2,28.0,2.0,56.0,ORBITE 2026-27
O003594,B02985,S05,2026-07-16,Fnac Spectacles,Normal,2,28.0,2.56,56.0,ORBITE 2026-27
O003595,B02986,S05,2026-07-17,Dice,Normal,1,28.0,2.51,28.0,ORBITE 2026-27
O003596,B02987,S05,2026-07-18,Fnac Spectacles,Normal,3,28.0,2.98,84.0,ORBITE 2026-27
O003597,B02988,S05,2026-07-19,Fnac Spectacles,Normal,1,28.0,2.57,28.0,ORBITE 2026-27
O003598,B02989,S05,2026-07-19,Fnac Spectacles,Normal,2,28.0,3.4,56.0,ORBITE 2026-27
O003599,B02990,S05,2026-07-19,Dice,Normal,2,28.0,3.15,56.0,ORBITE 2026-27
O003600,B02991,S05,2026-07-20,Dice,Normal,2,28.0,2.99,56.0,ORBITE 2026-27
O003601,B02655,S05,2026-07-20,Fnac Spectacles,Normal,3,28.0,2.79,84.0,ORBITE 2026-27
O003602,B02992,S05,2026-07-20,Site officiel,Normal,2,28.0,0.0,56.0,ORBITE 2026-27
O003603,B02993,S05,2026-07-20,Fnac Spectacles,Normal,1,28.0,3.09,28.0,ORBITE 2026-27
O003604,B02994,S05,2026-07-20,Fnac Spectacles,Normal,2,28.0,3.08,56.0,ORBITE 2026-27
O003605,B01583,S05,2026-07-20,Ticketmaster,Normal,1,28.0,2.93,28.0,ORBITE 2026-27
O003606,B02995,S05,2026-07-20,Fnac Spectacles,Carré or,2,40.6,2.84,81.2,ORBITE 2026-27
O003607,B00876,S05,2026-07-21,Site officiel,Normal,2,28.0,0.0,56.0,ORBITE 2026-27
O003608,B02996,S05,2026-07-21,Fnac Spectacles,Normal,1,28.0,2.77,28.0,ORBITE 2026-27
O003609,B02997,S05,2026-07-21,Fnac Spectacles,Normal,2,28.0,2.9,56.0,ORBITE 2026-27
O003610,B02998,S05,2026-07-21,Fnac Spectacles,Normal,1,28.0,2.58,28.0,ORBITE 2026-27
O003611,B02999,S05,2026-07-21,Ticketmaster,Normal,2,28.0,2.52,56.0,ORBITE 2026-27
O003612,B03000,S05,2026-07-22,Ticketmaster,Carré or,2,40.6,2.53,81.2,ORBITE 2026-27
O003613,B03001,S05,2026-07-22,Site officiel,Normal,2,28.0,0.0,56.0,ORBITE 2026-27
O003614,B03002,S05,2026-07-23,Ticketmaster,Normal,2,28.0,2.64,56.0,ORBITE 2026-27
O003615,B03003,S05,2026-07-23,Fnac Spectacles,Carré or,2,40.6,3.12,81.2,ORBITE 2026-27
O003616,B03004,S05,2026-07-23,Shotgun,Normal,2,28.0,3.38,56.0,ORBITE 2026-27
O003617,B03005,S05,2026-07-24,Dice,Normal,2,28.0,3.31,56.0,ORBITE 2026-27
O003618,B03006,S05,2026-07-24,Site officiel,Normal,1,28.0,0.0,28.0,ORBITE 2026-27
O003619,B03007,S05,2026-07-24,Dice,Normal,3,28.0,3.08,84.0,ORBITE 2026-27
O003620,B03008,S05,2026-07-24,Dice,Normal,1,28.0,2.63,28.0,ORBITE 2026-27
O003621,B03009,S05,2026-07-24,Dice,Prévente,1,24.64,3.29,24.64,ORBITE 2026-27
O003622,B03010,S05,2026-07-24,Dice,Normal,1,28.0,3.35,28.0,ORBITE 2026-27
O003623,B03011,S05,2026-07-25,Shotgun,Normal,3,28.0,1.91,84.0,ORBITE 2026-27
O003624,B03012,S05,2026-07-25,Ticketmaster,Normal,2,28.0,2.34,56.0,ORBITE 2026-27
O003625,B03013,S05,2026-07-25,Ticketmaster,Normal,2,28.0,2.82,56.0,ORBITE 2026-27
O003626,B00792,S05,2026-07-25,Ticketmaster,Normal,2,28.0,2.0,56.0,ORBITE 2026-27
O003627,B03014,S05,2026-07-25,Fnac Spectacles,Normal,2,28.0,2.25,56.0,ORBITE 2026-27
O003628,B03015,S05,2026-07-26,Fnac Spectacles,Normal,2,28.0,3.1,56.0,ORBITE 2026-27
O003629,B03016,S05,2026-07-26,Fnac Spectacles,Normal,1,28.0,2.82,28.0,ORBITE 2026-27
O003630,B02321,S05,2026-07-26,Dice,Normal,1,28.0,1.99,28.0,ORBITE 2026-27
O003631,B00842,S05,2026-07-26,Ticketmaster,Prévente,2,24.64,2.91,49.28,ORBITE 2026-27
O003632,B03017,S05,2026-07-26,Fnac Spectacles,Normal,2,28.0,3.19,56.0,ORBITE 2026-27
O003633,B03018,S05,2026-07-27,Ticketmaster,Normal,2,28.0,2.47,56.0,ORBITE 2026-27
O003634,B03019,S05,2026-07-28,Fnac Spectacles,Normal,3,28.0,2.74,84.0,ORBITE 2026-27
O003635,B01487,S05,2026-07-28,Ticketmaster,Normal,2,28.0,2.33,56.0,ORBITE 2026-27
O003636,B03020,S05,2026-07-28,Ticketmaster,Normal,2,28.0,2.09,56.0,ORBITE 2026-27
O003637,B03021,S05,2026-07-28,Ticketmaster,Normal,1,28.0,2.51,28.0,ORBITE 2026-27
O003638,B03022,S05,2026-07-28,Fnac Spectacles,Normal,1,28.0,3.19,28.0,ORBITE 2026-27
O003639,B03023,S05,2026-07-28,Fnac Spectacles,Normal,2,28.0,1.97,56.0,ORBITE 2026-27
O003640,B03024,S05,2026-07-28,Site officiel,Normal,2,28.0,0.0,56.0,ORBITE 2026-27
O003641,B03025,S05,2026-07-29,Site officiel,Normal,2,28.0,0.0,56.0,ORBITE 2026-27
O003642,B03026,S05,2026-07-29,Fnac Spectacles,Normal,3,28.0,3.25,84.0,ORBITE 2026-27
O003643,B03027,S05,2026-07-29,Ticketmaster,Carré or,2,40.6,2.62,81.2,ORBITE 2026-27
O003644,B03028,S05,2026-07-29,Fnac Spectacles,Normal,2,28.0,2.84,56.0,ORBITE 2026-27
O003645,B03029,S05,2026-07-29,Site officiel,Normal,2,28.0,0.0,56.0,ORBITE 2026-27
O003646,B03030,S05,2026-07-29,Dice,Normal,2,28.0,2.15,56.0,ORBITE 2026-27
O003647,B03031,S05,2026-07-29,Dice,Normal,2,28.0,2.15,56.0,ORBITE 2026-27
O003648,B03032,S05,2026-07-29,Ticketmaster,Normal,2,28.0,2.7,56.0,ORBITE 2026-27
O003649,B03033,S05,2026-07-31,Ticketmaster,Normal,2,28.0,3.06,56.0,ORBITE 2026-27
O003650,B03034,S05,2026-07-31,Fnac Spectacles,Normal,2,28.0,3.32,56.0,ORBITE 2026-27
O003651,B02914,S05,2026-07-31,Dice,Normal,2,28.0,2.0,56.0,ORBITE 2026-27
O003652,B03035,S05,2026-07-31,Ticketmaster,Normal,2,28.0,2.38,56.0,ORBITE 2026-27
O003653,B01377,S05,2026-07-31,Fnac Spectacles,Normal,2,28.0,2.06,56.0,ORBITE 2026-27
O003654,B03036,S05,2026-07-31,Fnac Spectacles,Normal,2,28.0,2.36,56.0,ORBITE 2026-27
O003655,B03037,S05,2026-07-31,Ticketmaster,Carré or,2,40.6,2.96,81.2,ORBITE 2026-27
O003656,B03038,S05,2026-08-01,Fnac Spectacles,Normal,1,28.0,3.0,28.0,ORBITE 2026-27
O003657,B03039,S05,2026-08-01,Ticketmaster,Carré or,1,40.6,3.04,40.6,ORBITE 2026-27
O003658,B03040,S05,2026-08-01,Shotgun,Normal,2,28.0,2.36,56.0,ORBITE 2026-27
O003659,B03041,S05,2026-08-01,Fnac Spectacles,Normal,2,28.0,2.69,56.0,ORBITE 2026-27
O003660,B03042,S05,2026-08-02,Fnac Spectacles,Normal,2,28.0,2.31,56.0,ORBITE 2026-27
O003661,B03043,S05,2026-08-02,Fnac Spectacles,Normal,1,28.0,2.75,28.0,ORBITE 2026-27
O003662,B03044,S05,2026-08-02,Fnac Spectacles,Normal,2,28.0,3.19,56.0,ORBITE 2026-27
O003663,B03045,S05,2026-08-02,Site officiel,Carré or,2,40.6,0.0,81.2,ORBITE 2026-27
O003664,B03046,S05,2026-08-02,Shotgun,Normal,1,28.0,2.84,28.0,ORBITE 2026-27
O003665,B03047,S05,2026-08-02,Shotgun,Normal,2,28.0,2.74,56.0,ORBITE 2026-27
O003666,B03048,S05,2026-08-02,Site officiel,Normal,2,28.0,0.0,56.0,ORBITE 2026-27
O003667,B03049,S05,2026-08-03,Ticketmaster,Normal,2,28.0,3.09,56.0,ORBITE 2026-27
O003668,B03050,S05,2026-08-03,Ticketmaster,Normal,2,28.0,2.07,56.0,ORBITE 2026-27
O003669,B03051,S05,2026-08-03,Site officiel,Normal,2,28.0,0.0,56.0,ORBITE 2026-27
O003670,B03052,S05,2026-08-04,Site officiel,Normal,2,28.0,0.0,56.0,ORBITE 2026-27
O003671,B03053,S05,2026-08-04,Site officiel,Normal,2,28.0,0.0,56.0,ORBITE 2026-27
O003672,B03054,S06,2026-06-16,Ticketmaster,Normal,4,27.0,3.29,108.0,ORBITE 2026-27
O003673,B00920,S06,2026-06-16,Shotgun,Normal,1,27.0,2.34,27.0,ORBITE 2026-27
O003674,B01930,S06,2026-06-16,Ticketmaster,Normal,2,27.0,3.23,54.0,ORBITE 2026-27
O003675,B03055,S06,2026-06-16,Site officiel,Prévente,1,23.76,0.0,23.76,ORBITE 2026-27
O003676,B03056,S06,2026-06-16,Fnac Spectacles,Normal,2,27.0,2.51,54.0,ORBITE 2026-27
O003677,B02090,S06,2026-06-16,Site officiel,Prévente,1,23.76,0.0,23.76,ORBITE 2026-27
O003678,B03057,S06,2026-06-16,Ticketmaster,Prévente,2,23.76,2.71,47.52,ORBITE 2026-27
O003679,B03058,S06,2026-06-16,Shotgun,Normal,2,27.0,2.36,54.0,ORBITE 2026-27
O003680,B03059,S06,2026-06-16,Dice,Normal,2,27.0,2.27,54.0,ORBITE 2026-27
O003681,B03060,S06,2026-06-16,Site officiel,Normal,2,27.0,0.0,54.0,ORBITE 2026-27
O003682,B03061,S06,2026-06-16,Site officiel,Normal,1,27.0,0.0,27.0,ORBITE 2026-27
O003683,B00565,S06,2026-06-16,Site officiel,Normal,1,27.0,0.0,27.0,ORBITE 2026-27
O003684,B03062,S06,2026-06-16,Shotgun,Normal,2,27.0,2.49,54.0,ORBITE 2026-27
O003685,B03063,S06,2026-06-16,Fnac Spectacles,Normal,1,27.0,2.01,27.0,ORBITE 2026-27
O003686,B00002,S06,2026-06-16,Site officiel,Prévente,2,23.76,0.0,47.52,ORBITE 2026-27
O003687,B03064,S06,2026-06-16,Fnac Spectacles,Normal,2,27.0,3.08,54.0,ORBITE 2026-27
O003688,B03065,S06,2026-06-16,Fnac Spectacles,Normal,1,27.0,3.11,27.0,ORBITE 2026-27
O003689,B00083,S06,2026-06-16,Fnac Spectacles,Normal,2,27.0,2.76,54.0,ORBITE 2026-27
O003690,B03066,S06,2026-06-16,Shotgun,Carré or,2,39.15,3.04,78.3,ORBITE 2026-27
O003691,B03067,S06,2026-06-16,Dice,Normal,1,27.0,2.7,27.0,ORBITE 2026-27
O003692,B02328,S06,2026-06-16,Site officiel,Normal,2,27.0,0.0,54.0,ORBITE 2026-27
O003693,B01067,S06,2026-06-16,Site officiel,Normal,2,27.0,0.0,54.0,ORBITE 2026-27
O003694,B03068,S06,2026-06-16,Ticketmaster,Normal,1,27.0,2.99,27.0,ORBITE 2026-27
O003695,B02202,S06,2026-06-16,Fnac Spectacles,Prévente,4,23.76,2.48,95.04,ORBITE 2026-27
O003696,B03069,S06,2026-06-16,Dice,Normal,2,27.0,1.98,54.0,ORBITE 2026-27
O003697,B03070,S06,2026-06-16,Fnac Spectacles,Prévente,2,23.76,2.5,47.52,ORBITE 2026-27
O003698,B03071,S06,2026-06-16,Ticketmaster,Prévente,2,23.76,2.06,47.52,ORBITE 2026-27
O003699,B03072,S06,2026-06-16,Ticketmaster,Normal,3,27.0,1.92,81.0,ORBITE 2026-27
O003700,B03073,S06,2026-06-16,Fnac Spectacles,Normal,2,27.0,2.2,54.0,ORBITE 2026-27
O003701,B03074,S06,2026-06-16,Site officiel,Normal,2,27.0,0.0,54.0,ORBITE 2026-27
O003702,B00534,S06,2026-06-16,Ticketmaster,Normal,2,27.0,2.66,54.0,ORBITE 2026-27
O003703,B03075,S06,2026-06-16,Ticketmaster,Normal,1,27.0,2.79,27.0,ORBITE 2026-27
O003704,B03076,S06,2026-06-16,Shotgun,Normal,2,27.0,2.66,54.0,ORBITE 2026-27
O003705,B03077,S06,2026-06-16,Site officiel,Prévente,1,23.76,0.0,23.76,ORBITE 2026-27
O003706,B03078,S06,2026-06-16,Fnac Spectacles,Normal,2,27.0,2.66,54.0,ORBITE 2026-27
O003707,B03079,S06,2026-06-17,Shotgun,Normal,2,27.0,2.73,54.0,ORBITE 2026-27
O003708,B00957,S06,2026-06-17,Shotgun,Normal,2,27.0,2.6,54.0,ORBITE 2026-27
O003709,B03080,S06,2026-06-17,Fnac Spectacles,Normal,2,27.0,3.34,54.0,ORBITE 2026-27
O003710,B03081,S06,2026-06-17,Fnac Spectacles,Carré or,2,39.15,2.13,78.3,ORBITE 2026-27
O003711,B03082,S06,2026-06-17,Ticketmaster,Carré or,2,39.15,2.76,78.3,ORBITE 2026-27
O003712,B03083,S06,2026-06-17,Fnac Spectacles,Normal,2,27.0,3.05,54.0,ORBITE 2026-27
O003713,B03084,S06,2026-06-17,Shotgun,Normal,2,27.0,2.54,54.0,ORBITE 2026-27
O003714,B03085,S06,2026-06-17,Fnac Spectacles,Normal,2,27.0,1.98,54.0,ORBITE 2026-27
O003715,B03086,S06,2026-06-17,Shotgun,Prévente,2,23.76,3.37,47.52,ORBITE 2026-27
O003716,B03087,S06,2026-06-17,Dice,Normal,3,27.0,2.68,81.0,ORBITE 2026-27
O003717,B03088,S06,2026-06-17,Ticketmaster,Prévente,2,23.76,2.47,47.52,ORBITE 2026-27
O003718,B00299,S06,2026-06-17,Shotgun,Normal,1,27.0,2.79,27.0,ORBITE 2026-27
O003719,B03089,S06,2026-06-17,Shotgun,Prévente,1,23.76,3.17,23.76,ORBITE 2026-27
O003720,B03090,S06,2026-06-17,Ticketmaster,Prévente,2,23.76,2.83,47.52,ORBITE 2026-27
O003721,B03091,S06,2026-06-17,Shotgun,Normal,2,27.0,2.53,54.0,ORBITE 2026-27
O003722,B03092,S06,2026-06-17,Ticketmaster,Normal,1,27.0,1.95,27.0,ORBITE 2026-27
O003723,B03093,S06,2026-06-17,Dice,Normal,1,27.0,2.52,27.0,ORBITE 2026-27
O003724,B00686,S06,2026-06-17,Fnac Spectacles,Normal,2,27.0,2.52,54.0,ORBITE 2026-27
O003725,B03094,S06,2026-06-17,Ticketmaster,Carré or,2,39.15,3.22,78.3,ORBITE 2026-27
O003726,B03095,S06,2026-06-18,Ticketmaster,Normal,1,27.0,2.21,27.0,ORBITE 2026-27
O003727,B03096,S06,2026-06-18,Fnac Spectacles,Normal,3,27.0,2.46,81.0,ORBITE 2026-27
O003728,B03097,S06,2026-06-18,Ticketmaster,Prévente,1,23.76,2.1,23.76,ORBITE 2026-27
O003729,B03098,S06,2026-06-18,Fnac Spectacles,Normal,2,27.0,3.02,54.0,ORBITE 2026-27
O003730,B03099,S06,2026-06-18,Fnac Spectacles,Normal,4,27.0,2.36,108.0,ORBITE 2026-27
O003731,B03100,S06,2026-06-18,Ticketmaster,Normal,1,27.0,2.41,27.0,ORBITE 2026-27
O003732,B02309,S06,2026-06-18,Ticketmaster,Normal,2,27.0,2.26,54.0,ORBITE 2026-27
O003733,B03101,S06,2026-06-18,Shotgun,Prévente,2,23.76,2.62,47.52,ORBITE 2026-27
O003734,B03102,S06,2026-06-18,Dice,Carré or,2,39.15,2.06,78.3,ORBITE 2026-27
O003735,B03103,S06,2026-06-18,Fnac Spectacles,Normal,3,27.0,3.04,81.0,ORBITE 2026-27
O003736,B03104,S06,2026-06-18,Fnac Spectacles,Normal,1,27.0,2.3,27.0,ORBITE 2026-27
O003737,B03105,S06,2026-06-19,Fnac Spectacles,Normal,2,27.0,2.41,54.0,ORBITE 2026-27
O003738,B03106,S06,2026-06-19,Fnac Spectacles,Prévente,2,23.76,2.97,47.52,ORBITE 2026-27
O003739,B03107,S06,2026-06-19,Fnac Spectacles,Normal,2,27.0,2.33,54.0,ORBITE 2026-27
O003740,B03108,S06,2026-06-19,Site officiel,Normal,1,27.0,0.0,27.0,ORBITE 2026-27
O003741,B03109,S06,2026-06-19,Shotgun,Normal,1,27.0,2.35,27.0,ORBITE 2026-27
O003742,B03110,S06,2026-06-19,Dice,Prévente,2,23.76,3.02,47.52,ORBITE 2026-27
O003743,B03111,S06,2026-06-19,Fnac Spectacles,Normal,2,27.0,2.92,54.0,ORBITE 2026-27
O003744,B03112,S06,2026-06-19,Site officiel,Prévente,1,23.76,0.0,23.76,ORBITE 2026-27
O003745,B03113,S06,2026-06-19,Ticketmaster,Normal,2,27.0,2.77,54.0,ORBITE 2026-27
O003746,B03114,S06,2026-06-19,Ticketmaster,Normal,2,27.0,3.28,54.0,ORBITE 2026-27
O003747,B03115,S06,2026-06-19,Dice,Normal,2,27.0,1.99,54.0,ORBITE 2026-27
O003748,B03116,S06,2026-06-19,Shotgun,Normal,2,27.0,2.58,54.0,ORBITE 2026-27
O003749,B02469,S06,2026-06-19,Site officiel,Carré or,2,39.15,0.0,78.3,ORBITE 2026-27
O003750,B03117,S06,2026-06-19,Site officiel,Normal,1,27.0,0.0,27.0,ORBITE 2026-27
O003751,B03118,S06,2026-06-19,Fnac Spectacles,Normal,1,27.0,3.04,27.0,ORBITE 2026-27
O003752,B03119,S06,2026-06-19,Dice,Normal,2,27.0,2.52,54.0,ORBITE 2026-27
O003753,B00934,S06,2026-06-19,Site officiel,Prévente,1,23.76,0.0,23.76,ORBITE 2026-27
O003754,B03120,S06,2026-06-19,Ticketmaster,Normal,3,27.0,2.13,81.0,ORBITE 2026-27
O003755,B00466,S06,2026-06-19,Fnac Spectacles,Normal,2,27.0,2.08,54.0,ORBITE 2026-27
O003756,B03121,S06,2026-06-19,Fnac Spectacles,Normal,1,27.0,3.19,27.0,ORBITE 2026-27
O003757,B03122,S06,2026-06-19,Site officiel,Normal,2,27.0,0.0,54.0,ORBITE 2026-27
O003758,B01710,S06,2026-06-19,Site officiel,Prévente,1,23.76,0.0,23.76,ORBITE 2026-27
O003759,B03123,S06,2026-06-20,Fnac Spectacles,Normal,2,27.0,2.89,54.0,ORBITE 2026-27
O003760,B02945,S06,2026-06-20,Shotgun,Normal,2,27.0,2.35,54.0,ORBITE 2026-27
O003761,B03124,S06,2026-06-20,Fnac Spectacles,Normal,4,27.0,2.38,108.0,ORBITE 2026-27
O003762,B03125,S06,2026-06-20,Site officiel,Normal,1,27.0,0.0,27.0,ORBITE 2026-27
O003763,B02239,S06,2026-06-20,Ticketmaster,Normal,2,27.0,3.01,54.0,ORBITE 2026-27
O003764,B03126,S06,2026-06-20,Fnac Spectacles,Normal,2,27.0,2.87,54.0,ORBITE 2026-27
O003765,B03127,S06,2026-06-20,Fnac Spectacles,Normal,2,27.0,1.99,54.0,ORBITE 2026-27
O003766,B03128,S06,2026-06-20,Fnac Spectacles,Normal,1,27.0,3.21,27.0,ORBITE 2026-27
O003767,B03129,S06,2026-06-20,Shotgun,Carré or,3,39.15,2.23,117.45,ORBITE 2026-27
O003768,B03130,S06,2026-06-20,Fnac Spectacles,Normal,1,27.0,2.99,27.0,ORBITE 2026-27
O003769,B00340,S06,2026-06-20,Ticketmaster,Normal,2,27.0,2.75,54.0,ORBITE 2026-27
O003770,B02632,S06,2026-06-20,Dice,Prévente,2,23.76,3.06,47.52,ORBITE 2026-27
O003771,B03131,S06,2026-06-20,Dice,Normal,2,27.0,2.71,54.0,ORBITE 2026-27
O003772,B01830,S06,2026-06-20,Dice,Carré or,2,39.15,3.02,78.3,ORBITE 2026-27
O003773,B03132,S06,2026-06-20,Ticketmaster,Normal,2,27.0,2.11,54.0,ORBITE 2026-27
O003774,B03133,S06,2026-06-20,Site officiel,Normal,2,27.0,0.0,54.0,ORBITE 2026-27
O003775,B03134,S06,2026-06-20,Fnac Spectacles,Normal,2,27.0,3.15,54.0,ORBITE 2026-27
O003776,B03135,S06,2026-06-20,Shotgun,Normal,3,27.0,3.17,81.0,ORBITE 2026-27
O003777,B03136,S06,2026-06-20,Fnac Spectacles,Normal,2,27.0,2.54,54.0,ORBITE 2026-27
O003778,B03137,S06,2026-06-21,Ticketmaster,Prévente,2,23.76,2.28,47.52,ORBITE 2026-27
O003779,B01211,S06,2026-06-21,Dice,Carré or,1,39.15,2.11,39.15,ORBITE 2026-27
O003780,B03138,S06,2026-06-21,Dice,Normal,2,27.0,2.1,54.0,ORBITE 2026-27
O003781,B03139,S06,2026-06-21,Dice,Normal,2,27.0,3.17,54.0,ORBITE 2026-27
O003782,B00969,S06,2026-06-21,Site officiel,Normal,1,27.0,0.0,27.0,ORBITE 2026-27
O003783,B03140,S06,2026-06-21,Ticketmaster,Prévente,4,23.76,1.98,95.04,ORBITE 2026-27
O003784,B03141,S06,2026-06-22,Fnac Spectacles,Prévente,2,23.76,2.99,47.52,ORBITE 2026-27
O003785,B03142,S06,2026-06-22,Site officiel,Prévente,2,23.76,0.0,47.52,ORBITE 2026-27
O003786,B03143,S06,2026-06-22,Shotgun,Normal,2,27.0,2.93,54.0,ORBITE 2026-27
O003787,B03144,S06,2026-06-22,Dice,Normal,2,27.0,2.13,54.0,ORBITE 2026-27
O003788,B01216,S06,2026-06-22,Fnac Spectacles,Prévente,2,23.76,2.68,47.52,ORBITE 2026-27
O003789,B03145,S06,2026-06-22,Shotgun,Normal,1,27.0,2.25,27.0,ORBITE 2026-27
O003790,B03146,S06,2026-06-22,Fnac Spectacles,Normal,1,27.0,2.7,27.0,ORBITE 2026-27
O003791,B03147,S06,2026-06-22,Dice,Normal,1,27.0,2.2,27.0,ORBITE 2026-27
O003792,B03148,S06,2026-06-22,Shotgun,Normal,2,27.0,3.09,54.0,ORBITE 2026-27
O003793,B03149,S06,2026-06-22,Ticketmaster,Prévente,2,23.76,2.46,47.52,ORBITE 2026-27
O003794,B03150,S06,2026-06-22,Shotgun,Normal,1,27.0,2.06,27.0,ORBITE 2026-27
O003795,B03151,S06,2026-06-22,Site officiel,Normal,1,27.0,0.0,27.0,ORBITE 2026-27
O003796,B03152,S06,2026-06-22,Ticketmaster,Carré or,2,39.15,2.55,78.3,ORBITE 2026-27
O003797,B03153,S06,2026-06-22,Dice,Normal,2,27.0,2.28,54.0,ORBITE 2026-27
O003798,B00665,S06,2026-06-22,Site officiel,Normal,2,27.0,0.0,54.0,ORBITE 2026-27
O003799,B03154,S06,2026-06-23,Fnac Spectacles,Normal,1,27.0,3.23,27.0,ORBITE 2026-27
O003800,B03155,S06,2026-06-23,Shotgun,Normal,3,27.0,2.14,81.0,ORBITE 2026-27
O003801,B03156,S06,2026-06-23,Fnac Spectacles,Normal,1,27.0,2.56,27.0,ORBITE 2026-27
O003802,B03157,S06,2026-06-23,Fnac Spectacles,Normal,2,27.0,3.14,54.0,ORBITE 2026-27
O003803,B03158,S06,2026-06-23,Fnac Spectacles,Normal,1,27.0,2.72,27.0,ORBITE 2026-27
O003804,B03159,S06,2026-06-23,Fnac Spectacles,Normal,1,27.0,2.01,27.0,ORBITE 2026-27
O003805,B03160,S06,2026-06-23,Site officiel,Normal,2,27.0,0.0,54.0,ORBITE 2026-27
O003806,B03161,S06,2026-06-23,Shotgun,Normal,2,27.0,2.79,54.0,ORBITE 2026-27
O003807,B03162,S06,2026-06-24,Site officiel,Normal,2,27.0,0.0,54.0,ORBITE 2026-27
O003808,B03163,S06,2026-06-24,Ticketmaster,Prévente,1,23.76,2.94,23.76,ORBITE 2026-27
O003809,B03164,S06,2026-06-24,Ticketmaster,Normal,2,27.0,2.99,54.0,ORBITE 2026-27
O003810,B03165,S06,2026-06-24,Site officiel,Normal,1,27.0,0.0,27.0,ORBITE 2026-27
O003811,B02002,S06,2026-06-24,Site officiel,Normal,2,27.0,0.0,54.0,ORBITE 2026-27
O003812,B03166,S06,2026-06-24,Site officiel,Normal,2,27.0,0.0,54.0,ORBITE 2026-27
O003813,B03167,S06,2026-06-24,Site officiel,Normal,2,27.0,0.0,54.0,ORBITE 2026-27
O003814,B03168,S06,2026-06-25,Ticketmaster,Normal,3,27.0,1.97,81.0,ORBITE 2026-27
O003815,B03169,S06,2026-06-25,Fnac Spectacles,Normal,2,27.0,1.93,54.0,ORBITE 2026-27
O003816,B03170,S06,2026-06-25,Fnac Spectacles,Normal,2,27.0,2.1,54.0,ORBITE 2026-27
O003817,B00915,S06,2026-06-25,Fnac Spectacles,Normal,1,27.0,1.92,27.0,ORBITE 2026-27
O003818,B03171,S06,2026-06-25,Fnac Spectacles,Normal,1,27.0,2.38,27.0,ORBITE 2026-27
O003819,B03172,S06,2026-06-26,Site officiel,Normal,2,27.0,0.0,54.0,ORBITE 2026-27
O003820,B03173,S06,2026-06-26,Ticketmaster,Normal,2,27.0,2.5,54.0,ORBITE 2026-27
O003821,B03174,S06,2026-06-26,Fnac Spectacles,Normal,2,27.0,2.73,54.0,ORBITE 2026-27
O003822,B03175,S06,2026-06-26,Fnac Spectacles,Normal,2,27.0,3.31,54.0,ORBITE 2026-27
O003823,B03176,S06,2026-06-26,Dice,Normal,2,27.0,2.56,54.0,ORBITE 2026-27
O003824,B03177,S06,2026-06-26,Fnac Spectacles,Normal,2,27.0,2.03,54.0,ORBITE 2026-27
O003825,B03178,S06,2026-06-26,Site officiel,Normal,3,27.0,0.0,81.0,ORBITE 2026-27
O003826,B03179,S06,2026-06-26,Shotgun,Normal,2,27.0,3.39,54.0,ORBITE 2026-27
O003827,B03180,S06,2026-06-26,Ticketmaster,Normal,2,27.0,2.19,54.0,ORBITE 2026-27
O003828,B03181,S06,2026-06-27,Dice,Normal,4,27.0,2.29,108.0,ORBITE 2026-27
O003829,B00294,S06,2026-06-27,Site officiel,Normal,2,27.0,0.0,54.0,ORBITE 2026-27
O003830,B03182,S06,2026-06-27,Fnac Spectacles,Normal,1,27.0,2.3,27.0,ORBITE 2026-27
O003831,B03183,S06,2026-06-27,Dice,Normal,2,27.0,2.0,54.0,ORBITE 2026-27
O003832,B03184,S06,2026-06-27,Fnac Spectacles,Normal,2,27.0,2.63,54.0,ORBITE 2026-27
O003833,B03185,S06,2026-06-28,Dice,Carré or,1,39.15,2.83,39.15,ORBITE 2026-27
O003834,B00668,S06,2026-06-28,Site officiel,Normal,2,27.0,0.0,54.0,ORBITE 2026-27
O003835,B03186,S06,2026-06-28,Dice,Normal,3,27.0,3.19,81.0,ORBITE 2026-27
O003836,B03187,S06,2026-06-28,Dice,Normal,2,27.0,3.06,54.0,ORBITE 2026-27
O003837,B03188,S06,2026-06-28,Site officiel,Normal,2,27.0,0.0,54.0,ORBITE 2026-27
O003838,B03189,S06,2026-06-28,Shotgun,Normal,2,27.0,2.1,54.0,ORBITE 2026-27
O003839,B03190,S06,2026-06-28,Ticketmaster,Normal,2,27.0,2.72,54.0,ORBITE 2026-27
O003840,B03191,S06,2026-06-28,Fnac Spectacles,Normal,2,27.0,2.05,54.0,ORBITE 2026-27
O003841,B01210,S06,2026-06-29,Shotgun,Normal,2,27.0,3.21,54.0,ORBITE 2026-27
O003842,B03192,S06,2026-06-29,Fnac Spectacles,Normal,2,27.0,2.34,54.0,ORBITE 2026-27
O003843,B03193,S06,2026-06-29,Dice,Normal,2,27.0,2.62,54.0,ORBITE 2026-27
O003844,B00448,S06,2026-06-29,Ticketmaster,Normal,1,27.0,3.31,27.0,ORBITE 2026-27
O003845,B03194,S06,2026-06-30,Ticketmaster,Carré or,4,39.15,2.8,156.6,ORBITE 2026-27
O003846,B03195,S06,2026-06-30,Ticketmaster,Carré or,2,39.15,2.1,78.3,ORBITE 2026-27
O003847,B02332,S06,2026-06-30,Dice,Normal,2,27.0,2.05,54.0,ORBITE 2026-27
O003848,B03196,S06,2026-06-30,Shotgun,Normal,2,27.0,2.68,54.0,ORBITE 2026-27
O003849,B02632,S06,2026-07-01,Dice,Normal,2,27.0,2.36,54.0,ORBITE 2026-27
O003850,B03197,S06,2026-07-01,Fnac Spectacles,Normal,2,27.0,1.9,54.0,ORBITE 2026-27
O003851,B03198,S06,2026-07-01,Site officiel,Normal,4,27.0,0.0,108.0,ORBITE 2026-27
O003852,B03199,S06,2026-07-02,Ticketmaster,Normal,3,27.0,2.87,81.0,ORBITE 2026-27
O003853,B03200,S06,2026-07-03,Shotgun,Normal,1,27.0,2.68,27.0,ORBITE 2026-27
O003854,B03201,S06,2026-07-03,Ticketmaster,Carré or,2,39.15,2.85,78.3,ORBITE 2026-27
O003855,B03202,S06,2026-07-04,Site officiel,Normal,4,27.0,0.0,108.0,ORBITE 2026-27
O003856,B03203,S06,2026-07-04,Shotgun,Carré or,2,39.15,2.51,78.3,ORBITE 2026-27
O003857,B03204,S06,2026-07-05,Shotgun,Normal,1,27.0,2.69,27.0,ORBITE 2026-27
O003858,B03205,S06,2026-07-05,Ticketmaster,Normal,2,27.0,2.19,54.0,ORBITE 2026-27
O003859,B03206,S06,2026-07-05,Ticketmaster,Normal,2,27.0,2.26,54.0,ORBITE 2026-27
O003860,B03207,S06,2026-07-05,Dice,Normal,1,27.0,2.05,27.0,ORBITE 2026-27
O003861,B02805,S06,2026-07-06,Fnac Spectacles,Normal,1,27.0,2.7,27.0,ORBITE 2026-27
O003862,B03208,S06,2026-07-07,Shotgun,Normal,2,27.0,2.23,54.0,ORBITE 2026-27
O003863,B03209,S06,2026-07-07,Dice,Normal,2,27.0,2.23,54.0,ORBITE 2026-27
O003864,B03210,S06,2026-07-07,Dice,Normal,2,27.0,2.14,54.0,ORBITE 2026-27
O003865,B03211,S06,2026-07-07,Site officiel,Normal,2,27.0,0.0,54.0,ORBITE 2026-27
O003866,B03212,S06,2026-07-08,Ticketmaster,Normal,2,27.0,2.39,54.0,ORBITE 2026-27
O003867,B03213,S06,2026-07-08,Ticketmaster,Normal,1,27.0,2.47,27.0,ORBITE 2026-27
O003868,B03214,S06,2026-07-08,Site officiel,Prévente,2,23.76,0.0,47.52,ORBITE 2026-27
O003869,B03215,S06,2026-07-08,Shotgun,Normal,1,27.0,3.34,27.0,ORBITE 2026-27
O003870,B03216,S06,2026-07-08,Fnac Spectacles,Normal,2,27.0,2.86,54.0,ORBITE 2026-27
O003871,B03217,S06,2026-07-09,Dice,Normal,2,27.0,2.22,54.0,ORBITE 2026-27
O003872,B03218,S06,2026-07-09,Shotgun,Normal,2,27.0,2.87,54.0,ORBITE 2026-27
O003873,B03219,S06,2026-07-09,Fnac Spectacles,Normal,2,27.0,3.04,54.0,ORBITE 2026-27
O003874,B03220,S06,2026-07-10,Fnac Spectacles,Normal,2,27.0,3.08,54.0,ORBITE 2026-27
O003875,B03221,S06,2026-07-10,Dice,Normal,1,27.0,1.94,27.0,ORBITE 2026-27
O003876,B03222,S06,2026-07-11,Site officiel,Normal,2,27.0,0.0,54.0,ORBITE 2026-27
O003877,B03223,S06,2026-07-11,Site officiel,Normal,3,27.0,0.0,81.0,ORBITE 2026-27
O003878,B03224,S06,2026-07-11,Site officiel,Normal,2,27.0,0.0,54.0,ORBITE 2026-27
O003879,B03225,S06,2026-07-12,Dice,Normal,2,27.0,3.06,54.0,ORBITE 2026-27
O003880,B03226,S06,2026-07-12,Fnac Spectacles,Normal,2,27.0,2.9,54.0,ORBITE 2026-27
O003881,B03227,S06,2026-07-13,Site officiel,Normal,2,27.0,0.0,54.0,ORBITE 2026-27
O003882,B03228,S06,2026-07-13,Ticketmaster,Normal,1,27.0,2.27,27.0,ORBITE 2026-27
O003883,B01315,S06,2026-07-13,Dice,Normal,2,27.0,3.13,54.0,ORBITE 2026-27
O003884,B03229,S06,2026-07-13,Ticketmaster,Normal,2,27.0,2.65,54.0,ORBITE 2026-27
O003885,B03230,S06,2026-07-13,Fnac Spectacles,Normal,2,27.0,3.37,54.0,ORBITE 2026-27
O003886,B03231,S06,2026-07-15,Site officiel,Normal,2,27.0,0.0,54.0,ORBITE 2026-27
O003887,B03232,S06,2026-07-16,Site officiel,Normal,3,27.0,0.0,81.0,ORBITE 2026-27
O003888,B03233,S06,2026-07-16,Ticketmaster,Normal,2,27.0,2.48,54.0,ORBITE 2026-27
O003889,B01719,S06,2026-07-16,Site officiel,Normal,1,27.0,0.0,27.0,ORBITE 2026-27
O003890,B03234,S06,2026-07-17,Dice,Normal,2,27.0,3.09,54.0,ORBITE 2026-27
O003891,B03235,S06,2026-07-18,Site officiel,Normal,1,27.0,0.0,27.0,ORBITE 2026-27
O003892,B03236,S06,2026-07-18,Ticketmaster,Normal,4,27.0,3.13,108.0,ORBITE 2026-27
O003893,B03237,S06,2026-07-18,Ticketmaster,Normal,2,27.0,2.11,54.0,ORBITE 2026-27
O003894,B03238,S06,2026-07-18,Site officiel,Normal,2,27.0,0.0,54.0,ORBITE 2026-27
O003895,B03239,S06,2026-07-19,Site officiel,Normal,1,27.0,0.0,27.0,ORBITE 2026-27
O003896,B03240,S06,2026-07-20,Site officiel,Normal,1,27.0,0.0,27.0,ORBITE 2026-27
O003897,B03241,S06,2026-07-20,Fnac Spectacles,Normal,2,27.0,2.46,54.0,ORBITE 2026-27
O003898,B03242,S06,2026-07-20,Shotgun,Normal,1,27.0,2.41,27.0,ORBITE 2026-27
O003899,B03243,S06,2026-07-20,Ticketmaster,Normal,1,27.0,2.29,27.0,ORBITE 2026-27
O003900,B03244,S06,2026-07-21,Fnac Spectacles,Normal,4,27.0,3.07,108.0,ORBITE 2026-27
O003901,B03245,S06,2026-07-21,Fnac Spectacles,Normal,2,27.0,3.06,54.0,ORBITE 2026-27
O003902,B03246,S06,2026-07-21,Dice,Prévente,2,23.76,2.56,47.52,ORBITE 2026-27
O003903,B03247,S06,2026-07-21,Fnac Spectacles,Prévente,1,23.76,2.57,23.76,ORBITE 2026-27
O003904,B03248,S06,2026-07-22,Dice,Normal,1,27.0,2.4,27.0,ORBITE 2026-27
O003905,B01385,S06,2026-07-22,Ticketmaster,Carré or,1,39.15,3.36,39.15,ORBITE 2026-27
O003906,B03249,S06,2026-07-22,Fnac Spectacles,Normal,2,27.0,2.99,54.0,ORBITE 2026-27
O003907,B03250,S06,2026-07-22,Fnac Spectacles,Normal,2,27.0,2.06,54.0,ORBITE 2026-27
O003908,B03251,S06,2026-07-23,Site officiel,Normal,2,27.0,0.0,54.0,ORBITE 2026-27
O003909,B03252,S06,2026-07-23,Ticketmaster,Normal,2,27.0,3.32,54.0,ORBITE 2026-27
O003910,B03253,S06,2026-07-23,Fnac Spectacles,Normal,4,27.0,2.12,108.0,ORBITE 2026-27
O003911,B03254,S06,2026-07-23,Site officiel,Normal,3,27.0,0.0,81.0,ORBITE 2026-27
O003912,B03255,S06,2026-07-23,Shotgun,Normal,2,27.0,2.33,54.0,ORBITE 2026-27
O003913,B03256,S06,2026-07-24,Ticketmaster,Normal,2,27.0,2.67,54.0,ORBITE 2026-27
O003914,B01526,S06,2026-07-25,Fnac Spectacles,Normal,1,27.0,2.27,27.0,ORBITE 2026-27
O003915,B03257,S06,2026-07-25,Ticketmaster,Normal,1,27.0,2.55,27.0,ORBITE 2026-27
O003916,B03258,S06,2026-07-26,Shotgun,Normal,3,27.0,1.91,81.0,ORBITE 2026-27
O003917,B03259,S06,2026-07-27,Dice,Normal,1,27.0,2.18,27.0,ORBITE 2026-27
O003918,B03260,S06,2026-07-27,Ticketmaster,Normal,2,27.0,2.88,54.0,ORBITE 2026-27
O003919,B01461,S06,2026-07-27,Fnac Spectacles,Normal,2,27.0,2.14,54.0,ORBITE 2026-27
O003920,B03261,S06,2026-07-27,Shotgun,Normal,2,27.0,3.18,54.0,ORBITE 2026-27
O003921,B03262,S06,2026-07-28,Fnac Spectacles,Normal,2,27.0,3.04,54.0,ORBITE 2026-27
O003922,B03263,S06,2026-07-28,Site officiel,Normal,2,27.0,0.0,54.0,ORBITE 2026-27
O003923,B03264,S06,2026-07-28,Site officiel,Normal,2,27.0,0.0,54.0,ORBITE 2026-27
O003924,B03265,S06,2026-07-28,Ticketmaster,Normal,2,27.0,2.51,54.0,ORBITE 2026-27
O003925,B03266,S06,2026-07-29,Dice,Normal,2,27.0,3.2,54.0,ORBITE 2026-27
O003926,B01447,S06,2026-07-29,Ticketmaster,Normal,2,27.0,2.43,54.0,ORBITE 2026-27
O003927,B03267,S06,2026-07-29,Shotgun,Normal,2,27.0,2.92,54.0,ORBITE 2026-27
O003928,B00777,S06,2026-07-30,Site officiel,Carré or,1,39.15,0.0,39.15,ORBITE 2026-27
O003929,B03268,S06,2026-07-30,Fnac Spectacles,Normal,2,27.0,3.1,54.0,ORBITE 2026-27
O003930,B03269,S06,2026-07-31,Dice,Normal,1,27.0,3.36,27.0,ORBITE 2026-27
O003931,B03270,S06,2026-07-31,Fnac Spectacles,Normal,2,27.0,2.72,54.0,ORBITE 2026-27
O003932,B03271,S06,2026-08-01,Dice,Normal,2,27.0,2.29,54.0,ORBITE 2026-27
O003933,B03272,S06,2026-08-01,Site officiel,Normal,1,27.0,0.0,27.0,ORBITE 2026-27
O003934,B03273,S06,2026-08-01,Dice,Normal,2,27.0,2.33,54.0,ORBITE 2026-27
O003935,B03274,S06,2026-08-01,Site officiel,Normal,2,27.0,0.0,54.0,ORBITE 2026-27
O003936,B03275,S06,2026-08-01,Fnac Spectacles,Normal,1,27.0,2.46,27.0,ORBITE 2026-27
O003937,B03276,S06,2026-08-02,Fnac Spectacles,Normal,1,27.0,2.38,27.0,ORBITE 2026-27
O003938,B03277,S06,2026-08-02,Dice,Carré or,2,39.15,2.32,78.3,ORBITE 2026-27
O003939,B03278,S06,2026-08-04,Dice,Normal,2,27.0,2.36,54.0,ORBITE 2026-27
O003940,B03279,S06,2026-08-04,Site officiel,Normal,2,27.0,0.0,54.0,ORBITE 2026-27
O003941,B03280,S06,2026-08-04,Ticketmaster,Normal,2,27.0,2.22,54.0,ORBITE 2026-27
O003942,B03281,S06,2026-08-04,Site officiel,Normal,1,27.0,0.0,27.0,ORBITE 2026-27
O003943,B01256,S06,2026-08-04,Fnac Spectacles,Carré or,2,39.15,2.37,78.3,ORBITE 2026-27
O003944,B03282,S07,2026-06-16,Shotgun,Normal,2,25.0,3.28,50.0,ORBITE 2026-27
O003945,B03283,S07,2026-06-16,Fnac Spectacles,Carré or,2,36.25,2.47,72.5,ORBITE 2026-27
O003946,B03284,S07,2026-06-16,Ticketmaster,Normal,1,25.0,1.95,25.0,ORBITE 2026-27
O003947,B02275,S07,2026-06-16,Ticketmaster,Carré or,3,36.25,3.22,108.75,ORBITE 2026-27
O003948,B03285,S07,2026-06-16,Fnac Spectacles,Normal,3,25.0,2.39,75.0,ORBITE 2026-27
O003949,B03286,S07,2026-06-16,Site officiel,Carré or,2,36.25,0.0,72.5,ORBITE 2026-27
O003950,B00634,S07,2026-06-16,Ticketmaster,Normal,2,25.0,2.57,50.0,ORBITE 2026-27
O003951,B01429,S07,2026-06-16,Dice,Normal,2,25.0,3.38,50.0,ORBITE 2026-27
O003952,B01313,S07,2026-06-16,Fnac Spectacles,Normal,2,25.0,3.16,50.0,ORBITE 2026-27
O003953,B03287,S07,2026-06-16,Fnac Spectacles,Prévente,2,22.0,3.34,44.0,ORBITE 2026-27
O003954,B03288,S07,2026-06-16,Dice,Normal,1,25.0,2.61,25.0,ORBITE 2026-27
O003955,B03289,S07,2026-06-16,Dice,Prévente,2,22.0,3.05,44.0,ORBITE 2026-27
O003956,B03290,S07,2026-06-16,Fnac Spectacles,Normal,2,25.0,2.29,50.0,ORBITE 2026-27
O003957,B03291,S07,2026-06-16,Ticketmaster,Normal,2,25.0,3.05,50.0,ORBITE 2026-27
O003958,B03292,S07,2026-06-16,Site officiel,Normal,2,25.0,0.0,50.0,ORBITE 2026-27
O003959,B00553,S07,2026-06-16,Fnac Spectacles,Normal,2,25.0,2.33,50.0,ORBITE 2026-27
O003960,B03293,S07,2026-06-16,Shotgun,Prévente,2,22.0,3.26,44.0,ORBITE 2026-27
O003961,B03294,S07,2026-06-16,Shotgun,Normal,3,25.0,2.69,75.0,ORBITE 2026-27
O003962,B03295,S07,2026-06-16,Fnac Spectacles,Normal,2,25.0,2.85,50.0,ORBITE 2026-27
O003963,B02749,S07,2026-06-16,Site officiel,Normal,1,25.0,0.0,25.0,ORBITE 2026-27
O003964,B02883,S07,2026-06-16,Ticketmaster,Normal,2,25.0,2.63,50.0,ORBITE 2026-27
O003965,B03296,S07,2026-06-16,Fnac Spectacles,Prévente,2,22.0,2.51,44.0,ORBITE 2026-27
O003966,B03297,S07,2026-06-16,Shotgun,Normal,3,25.0,2.36,75.0,ORBITE 2026-27
O003967,B03298,S07,2026-06-16,Site officiel,Normal,2,25.0,0.0,50.0,ORBITE 2026-27
O003968,B00840,S07,2026-06-17,Fnac Spectacles,Prévente,3,22.0,2.21,66.0,ORBITE 2026-27
O003969,B03299,S07,2026-06-17,Site officiel,Prévente,2,22.0,0.0,44.0,ORBITE 2026-27
O003970,B03300,S07,2026-06-17,Fnac Spectacles,Normal,2,25.0,2.53,50.0,ORBITE 2026-27
O003971,B02460,S07,2026-06-17,Ticketmaster,Normal,2,25.0,2.11,50.0,ORBITE 2026-27
O003972,B03301,S07,2026-06-17,Fnac Spectacles,Normal,1,25.0,2.12,25.0,ORBITE 2026-27
O003973,B03302,S07,2026-06-17,Fnac Spectacles,Carré or,1,36.25,3.29,36.25,ORBITE 2026-27
O003974,B00603,S07,2026-06-17,Site officiel,Normal,1,25.0,0.0,25.0,ORBITE 2026-27
O003975,B03303,S07,2026-06-17,Fnac Spectacles,Normal,2,25.0,3.32,50.0,ORBITE 2026-27
O003976,B02677,S07,2026-06-17,Fnac Spectacles,Normal,2,25.0,3.29,50.0,ORBITE 2026-27
O003977,B03304,S07,2026-06-17,Site officiel,Prévente,2,22.0,0.0,44.0,ORBITE 2026-27
O003978,B03305,S07,2026-06-17,Site officiel,Normal,1,25.0,0.0,25.0,ORBITE 2026-27
O003979,B03306,S07,2026-06-17,Fnac Spectacles,Normal,1,25.0,2.06,25.0,ORBITE 2026-27
O003980,B03307,S07,2026-06-17,Site officiel,Normal,3,25.0,0.0,75.0,ORBITE 2026-27
O003981,B03308,S07,2026-06-17,Fnac Spectacles,Normal,2,25.0,2.23,50.0,ORBITE 2026-27
O003982,B03309,S07,2026-06-17,Fnac Spectacles,Normal,4,25.0,3.09,100.0,ORBITE 2026-27
O003983,B03310,S07,2026-06-17,Shotgun,Normal,2,25.0,3.39,50.0,ORBITE 2026-27
O003984,B03311,S07,2026-06-18,Fnac Spectacles,Normal,2,25.0,2.62,50.0,ORBITE 2026-27
O003985,B03312,S07,2026-06-18,Ticketmaster,Normal,2,25.0,2.8,50.0,ORBITE 2026-27
O003986,B00353,S07,2026-06-18,Site officiel,Normal,2,25.0,0.0,50.0,ORBITE 2026-27
O003987,B03313,S07,2026-06-18,Dice,Normal,2,25.0,2.28,50.0,ORBITE 2026-27
O003988,B00460,S07,2026-06-18,Ticketmaster,Prévente,2,22.0,3.25,44.0,ORBITE 2026-27
O003989,B03314,S07,2026-06-18,Fnac Spectacles,Carré or,2,36.25,2.29,72.5,ORBITE 2026-27
O003990,B03315,S07,2026-06-18,Shotgun,Normal,2,25.0,2.21,50.0,ORBITE 2026-27
O003991,B03316,S07,2026-06-18,Fnac Spectacles,Normal,2,25.0,2.63,50.0,ORBITE 2026-27
O003992,B03317,S07,2026-06-18,Ticketmaster,Prévente,1,22.0,2.19,22.0,ORBITE 2026-27
O003993,B03318,S07,2026-06-18,Fnac Spectacles,Normal,1,25.0,3.19,25.0,ORBITE 2026-27
O003994,B03319,S07,2026-06-18,Ticketmaster,Normal,1,25.0,2.22,25.0,ORBITE 2026-27
O003995,B03320,S07,2026-06-18,Ticketmaster,Normal,1,25.0,2.59,25.0,ORBITE 2026-27
O003996,B03321,S07,2026-06-18,Site officiel,Prévente,2,22.0,0.0,44.0,ORBITE 2026-27
O003997,B03322,S07,2026-06-18,Fnac Spectacles,Normal,1,25.0,2.92,25.0,ORBITE 2026-27
O003998,B03323,S07,2026-06-18,Site officiel,Normal,2,25.0,0.0,50.0,ORBITE 2026-27
O003999,B03324,S07,2026-06-18,Dice,Prévente,1,22.0,2.48,22.0,ORBITE 2026-27
O004000,B03325,S07,2026-06-18,Ticketmaster,Normal,3,25.0,3.12,75.0,ORBITE 2026-27
O004001,B03326,S07,2026-06-18,Dice,Normal,2,25.0,1.91,50.0,ORBITE 2026-27
O004002,B01546,S07,2026-06-18,Fnac Spectacles,Carré or,1,36.25,2.39,36.25,ORBITE 2026-27
O004003,B03327,S07,2026-06-18,Fnac Spectacles,Normal,2,25.0,2.69,50.0,ORBITE 2026-27
O004004,B00426,S07,2026-06-18,Site officiel,Prévente,2,22.0,0.0,44.0,ORBITE 2026-27
O004005,B03328,S07,2026-06-18,Fnac Spectacles,Prévente,1,22.0,3.17,22.0,ORBITE 2026-27
O004006,B03329,S07,2026-06-19,Fnac Spectacles,Prévente,2,22.0,3.15,44.0,ORBITE 2026-27
O004007,B00646,S07,2026-06-19,Fnac Spectacles,Normal,1,25.0,3.22,25.0,ORBITE 2026-27
O004008,B03330,S07,2026-06-19,Ticketmaster,Normal,2,25.0,3.4,50.0,ORBITE 2026-27
O004009,B03331,S07,2026-06-19,Site officiel,Prévente,2,22.0,0.0,44.0,ORBITE 2026-27
O004010,B03332,S07,2026-06-19,Dice,Normal,2,25.0,3.08,50.0,ORBITE 2026-27
O004011,B03333,S07,2026-06-19,Ticketmaster,Normal,1,25.0,2.56,25.0,ORBITE 2026-27
O004012,B03334,S07,2026-06-19,Fnac Spectacles,Normal,1,25.0,2.49,25.0,ORBITE 2026-27
O004013,B03335,S07,2026-06-19,Site officiel,Carré or,2,36.25,0.0,72.5,ORBITE 2026-27
O004014,B03336,S07,2026-06-19,Shotgun,Normal,3,25.0,2.05,75.0,ORBITE 2026-27
O004015,B03337,S07,2026-06-19,Shotgun,Normal,2,25.0,2.86,50.0,ORBITE 2026-27
O004016,B03338,S07,2026-06-19,Fnac Spectacles,Normal,4,25.0,2.5,100.0,ORBITE 2026-27
O004017,B03339,S07,2026-06-19,Fnac Spectacles,Normal,3,25.0,1.96,75.0,ORBITE 2026-27
O004018,B03340,S07,2026-06-19,Ticketmaster,Carré or,1,36.25,2.19,36.25,ORBITE 2026-27
O004019,B00147,S07,2026-06-19,Fnac Spectacles,Prévente,3,22.0,2.71,66.0,ORBITE 2026-27
O004020,B03341,S07,2026-06-20,Fnac Spectacles,Normal,2,25.0,1.97,50.0,ORBITE 2026-27
O004021,B03342,S07,2026-06-20,Dice,Normal,2,25.0,2.81,50.0,ORBITE 2026-27
O004022,B03343,S07,2026-06-20,Ticketmaster,Normal,2,25.0,2.73,50.0,ORBITE 2026-27
O004023,B03344,S07,2026-06-20,Ticketmaster,Normal,2,25.0,2.78,50.0,ORBITE 2026-27
O004024,B03345,S07,2026-06-20,Fnac Spectacles,Prévente,1,22.0,1.98,22.0,ORBITE 2026-27
O004025,B03346,S07,2026-06-20,Fnac Spectacles,Normal,2,25.0,2.24,50.0,ORBITE 2026-27
O004026,B03347,S07,2026-06-20,Fnac Spectacles,Normal,2,25.0,2.48,50.0,ORBITE 2026-27
O004027,B03348,S07,2026-06-21,Shotgun,Normal,2,25.0,3.03,50.0,ORBITE 2026-27
O004028,B03349,S07,2026-06-21,Ticketmaster,Normal,2,25.0,2.89,50.0,ORBITE 2026-27
O004029,B03350,S07,2026-06-21,Fnac Spectacles,Normal,2,25.0,3.18,50.0,ORBITE 2026-27
O004030,B01221,S07,2026-06-21,Site officiel,Prévente,2,22.0,0.0,44.0,ORBITE 2026-27
O004031,B03351,S07,2026-06-21,Ticketmaster,Normal,1,25.0,2.96,25.0,ORBITE 2026-27
O004032,B02505,S07,2026-06-21,Site officiel,Normal,2,25.0,0.0,50.0,ORBITE 2026-27
O004033,B03352,S07,2026-06-21,Fnac Spectacles,Normal,1,25.0,2.46,25.0,ORBITE 2026-27
O004034,B03353,S07,2026-06-21,Site officiel,Normal,2,25.0,0.0,50.0,ORBITE 2026-27
O004035,B00463,S07,2026-06-22,Ticketmaster,Normal,2,25.0,3.29,50.0,ORBITE 2026-27
O004036,B03354,S07,2026-06-22,Fnac Spectacles,Normal,2,25.0,2.31,50.0,ORBITE 2026-27
O004037,B03355,S07,2026-06-22,Ticketmaster,Normal,2,25.0,2.73,50.0,ORBITE 2026-27
O004038,B03356,S07,2026-06-22,Ticketmaster,Normal,2,25.0,2.45,50.0,ORBITE 2026-27
O004039,B03357,S07,2026-06-23,Fnac Spectacles,Normal,2,25.0,1.98,50.0,ORBITE 2026-27
O004040,B03358,S07,2026-06-23,Shotgun,Normal,2,25.0,3.16,50.0,ORBITE 2026-27
O004041,B03359,S07,2026-06-23,Ticketmaster,Normal,2,25.0,3.14,50.0,ORBITE 2026-27
O004042,B03360,S07,2026-06-23,Site officiel,Normal,1,25.0,0.0,25.0,ORBITE 2026-27
O004043,B03361,S07,2026-06-23,Fnac Spectacles,Normal,1,25.0,3.05,25.0,ORBITE 2026-27
O004044,B03362,S07,2026-06-23,Site officiel,Carré or,1,36.25,0.0,36.25,ORBITE 2026-27
O004045,B03363,S07,2026-06-23,Ticketmaster,Carré or,2,36.25,2.32,72.5,ORBITE 2026-27
O004046,B03364,S07,2026-06-23,Ticketmaster,Normal,2,25.0,2.76,50.0,ORBITE 2026-27
O004047,B03365,S07,2026-06-23,Ticketmaster,Normal,2,25.0,2.0,50.0,ORBITE 2026-27
O004048,B03366,S07,2026-06-24,Dice,Normal,2,25.0,3.06,50.0,ORBITE 2026-27
O004049,B01023,S07,2026-06-24,Shotgun,Normal,2,25.0,2.55,50.0,ORBITE 2026-27
O004050,B03367,S07,2026-06-24,Dice,Normal,2,25.0,2.48,50.0,ORBITE 2026-27
O004051,B03368,S07,2026-06-25,Dice,Normal,2,25.0,3.16,50.0,ORBITE 2026-27
O004052,B02899,S07,2026-06-25,Site officiel,Normal,2,25.0,0.0,50.0,ORBITE 2026-27
O004053,B03369,S07,2026-06-25,Fnac Spectacles,Normal,2,25.0,2.5,50.0,ORBITE 2026-27
O004054,B03370,S07,2026-06-25,Ticketmaster,Normal,2,25.0,3.07,50.0,ORBITE 2026-27
O004055,B03371,S07,2026-06-27,Site officiel,Normal,3,25.0,0.0,75.0,ORBITE 2026-27
O004056,B03372,S07,2026-06-28,Fnac Spectacles,Carré or,2,36.25,2.33,72.5,ORBITE 2026-27
O004057,B00687,S07,2026-06-29,Dice,Normal,2,25.0,3.14,50.0,ORBITE 2026-27
O004058,B03373,S07,2026-06-29,Shotgun,Normal,2,25.0,1.92,50.0,ORBITE 2026-27
O004059,B03374,S07,2026-06-29,Fnac Spectacles,Normal,2,25.0,3.3,50.0,ORBITE 2026-27
O004060,B03375,S07,2026-06-29,Fnac Spectacles,Normal,2,25.0,2.27,50.0,ORBITE 2026-27
O004061,B03376,S07,2026-06-29,Shotgun,Normal,2,25.0,3.28,50.0,ORBITE 2026-27
O004062,B03377,S07,2026-06-30,Fnac Spectacles,Normal,2,25.0,3.36,50.0,ORBITE 2026-27
O004063,B03378,S07,2026-07-02,Site officiel,Normal,1,25.0,0.0,25.0,ORBITE 2026-27
O004064,B03379,S07,2026-07-03,Site officiel,Normal,2,25.0,0.0,50.0,ORBITE 2026-27
O004065,B03380,S07,2026-07-03,Ticketmaster,Normal,2,25.0,3.2,50.0,ORBITE 2026-27
O004066,B03381,S07,2026-07-03,Site officiel,Normal,2,25.0,0.0,50.0,ORBITE 2026-27
O004067,B03382,S07,2026-07-03,Dice,Normal,2,25.0,2.55,50.0,ORBITE 2026-27
O004068,B03383,S07,2026-07-04,Fnac Spectacles,Carré or,2,36.25,2.0,72.5,ORBITE 2026-27
O004069,B03384,S07,2026-07-05,Fnac Spectacles,Normal,1,25.0,2.53,25.0,ORBITE 2026-27
O004070,B02803,S07,2026-07-06,Ticketmaster,Normal,3,25.0,3.19,75.0,ORBITE 2026-27
O004071,B03385,S07,2026-07-06,Fnac Spectacles,Carré or,1,36.25,1.97,36.25,ORBITE 2026-27
O004072,B03386,S07,2026-07-07,Shotgun,Normal,2,25.0,3.02,50.0,ORBITE 2026-27
O004073,B03387,S07,2026-07-08,Fnac Spectacles,Normal,2,25.0,2.65,50.0,ORBITE 2026-27
O004074,B03388,S07,2026-07-08,Ticketmaster,Normal,2,25.0,2.54,50.0,ORBITE 2026-27
O004075,B02135,S07,2026-07-09,Ticketmaster,Normal,3,25.0,2.97,75.0,ORBITE 2026-27
O004076,B03389,S07,2026-07-09,Dice,Normal,1,25.0,2.33,25.0,ORBITE 2026-27
O004077,B03390,S07,2026-07-10,Fnac Spectacles,Normal,2,25.0,1.97,50.0,ORBITE 2026-27
O004078,B00944,S07,2026-07-10,Site officiel,Normal,2,25.0,0.0,50.0,ORBITE 2026-27
O004079,B03391,S07,2026-07-11,Fnac Spectacles,Normal,1,25.0,2.65,25.0,ORBITE 2026-27
O004080,B03392,S07,2026-07-12,Fnac Spectacles,Normal,1,25.0,3.02,25.0,ORBITE 2026-27
O004081,B03393,S07,2026-07-12,Site officiel,Normal,2,25.0,0.0,50.0,ORBITE 2026-27
O004082,B03394,S07,2026-07-12,Ticketmaster,Normal,2,25.0,2.55,50.0,ORBITE 2026-27
O004083,B03395,S07,2026-07-13,Site officiel,Normal,1,25.0,0.0,25.0,ORBITE 2026-27
O004084,B03396,S07,2026-07-14,Fnac Spectacles,Normal,2,25.0,2.83,50.0,ORBITE 2026-27
O004085,B03397,S07,2026-07-14,Ticketmaster,Normal,2,25.0,2.51,50.0,ORBITE 2026-27
O004086,B03398,S07,2026-07-14,Ticketmaster,Normal,2,25.0,1.93,50.0,ORBITE 2026-27
O004087,B03399,S07,2026-07-15,Shotgun,Normal,2,25.0,2.33,50.0,ORBITE 2026-27
O004088,B02259,S07,2026-07-16,Site officiel,Normal,2,25.0,0.0,50.0,ORBITE 2026-27
O004089,B03400,S07,2026-07-16,Site officiel,Normal,2,25.0,0.0,50.0,ORBITE 2026-27
O004090,B03401,S07,2026-07-16,Dice,Normal,2,25.0,2.68,50.0,ORBITE 2026-27
O004091,B03402,S07,2026-07-17,Ticketmaster,Normal,2,25.0,3.26,50.0,ORBITE 2026-27
O004092,B03403,S07,2026-07-17,Site officiel,Normal,2,25.0,0.0,50.0,ORBITE 2026-27
O004093,B03404,S07,2026-07-18,Shotgun,Normal,1,25.0,2.73,25.0,ORBITE 2026-27
O004094,B03405,S07,2026-07-18,Dice,Normal,2,25.0,2.69,50.0,ORBITE 2026-27
O004095,B03406,S07,2026-07-18,Site officiel,Normal,1,25.0,0.0,25.0,ORBITE 2026-27
O004096,B03407,S07,2026-07-19,Dice,Normal,2,25.0,2.33,50.0,ORBITE 2026-27
O004097,B03408,S07,2026-07-19,Shotgun,Normal,2,25.0,3.28,50.0,ORBITE 2026-27
O004098,B03409,S07,2026-07-19,Ticketmaster,Normal,2,25.0,2.3,50.0,ORBITE 2026-27
O004099,B03410,S07,2026-07-20,Dice,Normal,2,25.0,2.17,50.0,ORBITE 2026-27
O004100,B01762,S07,2026-07-21,Fnac Spectacles,Normal,2,25.0,2.25,50.0,ORBITE 2026-27
O004101,B03411,S07,2026-07-22,Fnac Spectacles,Normal,2,25.0,3.29,50.0,ORBITE 2026-27
O004102,B03412,S07,2026-07-22,Ticketmaster,Normal,2,25.0,2.72,50.0,ORBITE 2026-27
O004103,B03413,S07,2026-07-22,Ticketmaster,Normal,2,25.0,3.21,50.0,ORBITE 2026-27
O004104,B03414,S07,2026-07-26,Fnac Spectacles,Carré or,2,36.25,2.08,72.5,ORBITE 2026-27
O004105,B03415,S07,2026-07-28,Ticketmaster,Normal,1,25.0,2.77,25.0,ORBITE 2026-27
O004106,B03416,S07,2026-07-29,Ticketmaster,Normal,2,25.0,1.99,50.0,ORBITE 2026-27
O004107,B03417,S07,2026-07-29,Fnac Spectacles,Normal,2,25.0,2.37,50.0,ORBITE 2026-27
O004108,B03418,S07,2026-07-29,Fnac Spectacles,Carré or,2,36.25,2.16,72.5,ORBITE 2026-27
O004109,B03419,S07,2026-07-31,Site officiel,Normal,1,25.0,0.0,25.0,ORBITE 2026-27
O004110,B03420,S07,2026-07-31,Fnac Spectacles,Normal,2,25.0,2.5,50.0,ORBITE 2026-27
O004111,B03421,S07,2026-08-01,Ticketmaster,Normal,2,25.0,2.28,50.0,ORBITE 2026-27
O004112,B03422,S07,2026-08-01,Fnac Spectacles,Normal,2,25.0,2.43,50.0,ORBITE 2026-27
O004113,B03423,S07,2026-08-01,Ticketmaster,Normal,2,25.0,3.23,50.0,ORBITE 2026-27
O004114,B03424,S07,2026-08-02,Ticketmaster,Normal,2,25.0,2.89,50.0,ORBITE 2026-27
O004115,B03425,S07,2026-08-03,Dice,Normal,2,25.0,2.55,50.0,ORBITE 2026-27
O004116,B03426,S07,2026-08-03,Dice,Normal,2,25.0,2.86,50.0,ORBITE 2026-27
O004117,B02492,S07,2026-08-04,Dice,Normal,2,25.0,2.45,50.0,ORBITE 2026-27
O004118,B03427,S07,2026-08-04,Fnac Spectacles,Normal,2,25.0,2.14,50.0,ORBITE 2026-27
O004119,B03428,S07,2026-08-04,Site officiel,Normal,1,25.0,0.0,25.0,ORBITE 2026-27
O004120,B03429,S07,2026-08-04,Fnac Spectacles,Normal,2,25.0,3.04,50.0,ORBITE 2026-27
O004121,B03430,S08,2026-06-16,Ticketmaster,Normal,2,28.0,3.25,56.0,ORBITE 2026-27
O004122,B03431,S08,2026-06-16,Fnac Spectacles,Normal,2,28.0,2.15,56.0,ORBITE 2026-27
O004123,B03432,S08,2026-06-16,Fnac Spectacles,Normal,2,28.0,1.92,56.0,ORBITE 2026-27
O004124,B03433,S08,2026-06-16,Ticketmaster,Normal,2,28.0,3.25,56.0,ORBITE 2026-27
O004125,B03434,S08,2026-06-16,Dice,Normal,2,28.0,3.2,56.0,ORBITE 2026-27
O004126,B03435,S08,2026-06-16,Dice,Normal,2,28.0,2.74,56.0,ORBITE 2026-27
O004127,B03436,S08,2026-06-16,Fnac Spectacles,Normal,1,28.0,2.93,28.0,ORBITE 2026-27
O004128,B02694,S08,2026-06-16,Shotgun,Normal,1,28.0,2.02,28.0,ORBITE 2026-27
O004129,B00083,S08,2026-06-16,Ticketmaster,Normal,2,28.0,3.34,56.0,ORBITE 2026-27
O004130,B03437,S08,2026-06-16,Ticketmaster,Normal,2,28.0,1.9,56.0,ORBITE 2026-27
O004131,B03438,S08,2026-06-16,Ticketmaster,Normal,1,28.0,2.72,28.0,ORBITE 2026-27
O004132,B03439,S08,2026-06-16,Fnac Spectacles,Normal,1,28.0,2.27,28.0,ORBITE 2026-27
O004133,B03440,S08,2026-06-16,Dice,Prévente,2,24.64,2.51,49.28,ORBITE 2026-27
O004134,B03441,S08,2026-06-16,Fnac Spectacles,Normal,1,28.0,2.77,28.0,ORBITE 2026-27
O004135,B02173,S08,2026-06-16,Ticketmaster,Normal,2,28.0,2.77,56.0,ORBITE 2026-27
O004136,B03442,S08,2026-06-16,Fnac Spectacles,Normal,2,28.0,2.34,56.0,ORBITE 2026-27
O004137,B01851,S08,2026-06-16,Dice,Normal,2,28.0,2.76,56.0,ORBITE 2026-27
O004138,B03443,S08,2026-06-16,Dice,Normal,2,28.0,2.08,56.0,ORBITE 2026-27
O004139,B03444,S08,2026-06-16,Fnac Spectacles,Normal,2,28.0,2.61,56.0,ORBITE 2026-27
O004140,B03445,S08,2026-06-16,Ticketmaster,Normal,2,28.0,2.24,56.0,ORBITE 2026-27
O004141,B03446,S08,2026-06-16,Ticketmaster,Normal,3,28.0,2.64,84.0,ORBITE 2026-27
O004142,B03447,S08,2026-06-16,Dice,Normal,1,28.0,2.55,28.0,ORBITE 2026-27
O004143,B03448,S08,2026-06-16,Fnac Spectacles,Prévente,3,24.64,3.01,73.92,ORBITE 2026-27
O004144,B03449,S08,2026-06-16,Fnac Spectacles,Normal,3,28.0,2.51,84.0,ORBITE 2026-27
O004145,B03450,S08,2026-06-16,Fnac Spectacles,Normal,1,28.0,3.31,28.0,ORBITE 2026-27
O004146,B03451,S08,2026-06-16,Fnac Spectacles,Normal,1,28.0,2.04,28.0,ORBITE 2026-27
O004147,B02271,S08,2026-06-16,Fnac Spectacles,Normal,1,28.0,2.49,28.0,ORBITE 2026-27
O004148,B03452,S08,2026-06-16,Ticketmaster,Normal,2,28.0,3.34,56.0,ORBITE 2026-27
O004149,B03453,S08,2026-06-16,Ticketmaster,Normal,2,28.0,2.42,56.0,ORBITE 2026-27
O004150,B03454,S08,2026-06-16,Ticketmaster,Normal,2,28.0,3.01,56.0,ORBITE 2026-27
O004151,B03455,S08,2026-06-16,Ticketmaster,Normal,2,28.0,3.39,56.0,ORBITE 2026-27
O004152,B02267,S08,2026-06-16,Fnac Spectacles,Prévente,2,24.64,3.35,49.28,ORBITE 2026-27
O004153,B00871,S08,2026-06-16,Ticketmaster,Prévente,1,24.64,2.29,24.64,ORBITE 2026-27
O004154,B00965,S08,2026-06-16,Shotgun,Normal,2,28.0,2.23,56.0,ORBITE 2026-27
O004155,B03456,S08,2026-06-16,Shotgun,Normal,2,28.0,2.62,56.0,ORBITE 2026-27
O004156,B03457,S08,2026-06-16,Fnac Spectacles,Prévente,2,24.64,2.25,49.28,ORBITE 2026-27
O004157,B03458,S08,2026-06-16,Site officiel,Normal,1,28.0,0.0,28.0,ORBITE 2026-27
O004158,B00604,S08,2026-06-16,Ticketmaster,Normal,4,28.0,2.83,112.0,ORBITE 2026-27
O004159,B03459,S08,2026-06-16,Dice,Normal,1,28.0,3.19,28.0,ORBITE 2026-27
O004160,B03460,S08,2026-06-16,Fnac Spectacles,Normal,2,28.0,3.11,56.0,ORBITE 2026-27
O004161,B03461,S08,2026-06-17,Fnac Spectacles,Prévente,2,24.64,2.69,49.28,ORBITE 2026-27
O004162,B03462,S08,2026-06-17,Site officiel,Normal,4,28.0,0.0,112.0,ORBITE 2026-27
O004163,B00022,S08,2026-06-17,Ticketmaster,Normal,2,28.0,2.12,56.0,ORBITE 2026-27
O004164,B03463,S08,2026-06-17,Fnac Spectacles,Prévente,2,24.64,2.46,49.28,ORBITE 2026-27
O004165,B03464,S08,2026-06-17,Shotgun,Normal,3,28.0,2.17,84.0,ORBITE 2026-27
O004166,B03465,S08,2026-06-17,Dice,Normal,2,28.0,2.4,56.0,ORBITE 2026-27
O004167,B03466,S08,2026-06-17,Dice,Normal,2,28.0,3.06,56.0,ORBITE 2026-27
O004168,B03467,S08,2026-06-17,Shotgun,Normal,1,28.0,2.1,28.0,ORBITE 2026-27
O004169,B03468,S08,2026-06-17,Shotgun,Normal,1,28.0,3.03,28.0,ORBITE 2026-27
O004170,B03469,S08,2026-06-17,Site officiel,Prévente,2,24.64,0.0,49.28,ORBITE 2026-27
O004171,B03470,S08,2026-06-17,Fnac Spectacles,Prévente,2,24.64,2.94,49.28,ORBITE 2026-27
O004172,B03471,S08,2026-06-17,Dice,Normal,2,28.0,3.29,56.0,ORBITE 2026-27
O004173,B00317,S08,2026-06-17,Fnac Spectacles,Carré or,1,40.6,2.89,40.6,ORBITE 2026-27
O004174,B02201,S08,2026-06-17,Fnac Spectacles,Carré or,2,40.6,3.08,81.2,ORBITE 2026-27
O004175,B03472,S08,2026-06-17,Ticketmaster,Normal,2,28.0,3.34,56.0,ORBITE 2026-27
O004176,B01733,S08,2026-06-17,Site officiel,Normal,2,28.0,0.0,56.0,ORBITE 2026-27
O004177,B01110,S08,2026-06-17,Ticketmaster,Prévente,1,24.64,2.92,24.64,ORBITE 2026-27
O004178,B03473,S08,2026-06-17,Ticketmaster,Normal,2,28.0,1.96,56.0,ORBITE 2026-27
O004179,B03474,S08,2026-06-17,Fnac Spectacles,Normal,2,28.0,2.45,56.0,ORBITE 2026-27
O004180,B00590,S08,2026-06-17,Ticketmaster,Normal,1,28.0,2.41,28.0,ORBITE 2026-27
O004181,B03475,S08,2026-06-17,Site officiel,Normal,2,28.0,0.0,56.0,ORBITE 2026-27
O004182,B03476,S08,2026-06-17,Fnac Spectacles,Prévente,2,24.64,3.14,49.28,ORBITE 2026-27
O004183,B03363,S08,2026-06-17,Site officiel,Normal,2,28.0,0.0,56.0,ORBITE 2026-27
O004184,B03477,S08,2026-06-17,Fnac Spectacles,Normal,1,28.0,2.37,28.0,ORBITE 2026-27
O004185,B03478,S08,2026-06-17,Site officiel,Prévente,2,24.64,0.0,49.28,ORBITE 2026-27
O004186,B03479,S08,2026-06-17,Dice,Normal,2,28.0,2.43,56.0,ORBITE 2026-27
O004187,B03480,S08,2026-06-17,Fnac Spectacles,Carré or,2,40.6,2.6,81.2,ORBITE 2026-27
O004188,B03481,S08,2026-06-17,Dice,Normal,2,28.0,3.06,56.0,ORBITE 2026-27
O004189,B01966,S08,2026-06-17,Ticketmaster,Normal,1,28.0,3.11,28.0,ORBITE 2026-27
O004190,B00490,S08,2026-06-17,Site officiel,Normal,2,28.0,0.0,56.0,ORBITE 2026-27
O004191,B03482,S08,2026-06-17,Fnac Spectacles,Normal,2,28.0,1.99,56.0,ORBITE 2026-27
O004192,B03483,S08,2026-06-17,Ticketmaster,Normal,2,28.0,2.42,56.0,ORBITE 2026-27
O004193,B03484,S08,2026-06-17,Fnac Spectacles,Normal,1,28.0,2.19,28.0,ORBITE 2026-27
O004194,B03485,S08,2026-06-17,Fnac Spectacles,Normal,2,28.0,2.0,56.0,ORBITE 2026-27
O004195,B03486,S08,2026-06-17,Dice,Prévente,1,24.64,2.36,24.64,ORBITE 2026-27
O004196,B03487,S08,2026-06-17,Fnac Spectacles,Normal,2,28.0,2.76,56.0,ORBITE 2026-27
O004197,B03488,S08,2026-06-17,Site officiel,Normal,1,28.0,0.0,28.0,ORBITE 2026-27
O004198,B03489,S08,2026-06-17,Fnac Spectacles,Normal,2,28.0,3.39,56.0,ORBITE 2026-27
O004199,B03490,S08,2026-06-17,Site officiel,Normal,2,28.0,0.0,56.0,ORBITE 2026-27
O004200,B03491,S08,2026-06-17,Site officiel,Prévente,1,24.64,0.0,24.64,ORBITE 2026-27
O004201,B03492,S08,2026-06-17,Fnac Spectacles,Normal,2,28.0,2.08,56.0,ORBITE 2026-27
O004202,B03493,S08,2026-06-18,Site officiel,Prévente,2,24.64,0.0,49.28,ORBITE 2026-27
O004203,B02566,S08,2026-06-18,Fnac Spectacles,Prévente,3,24.64,2.84,73.92,ORBITE 2026-27
O004204,B03494,S08,2026-06-18,Dice,Normal,1,28.0,3.1,28.0,ORBITE 2026-27
O004205,B03495,S08,2026-06-18,Fnac Spectacles,Normal,2,28.0,2.32,56.0,ORBITE 2026-27
O004206,B03496,S08,2026-06-18,Ticketmaster,Normal,3,28.0,2.36,84.0,ORBITE 2026-27
O004207,B03497,S08,2026-06-18,Dice,Normal,2,28.0,2.57,56.0,ORBITE 2026-27
O004208,B03498,S08,2026-06-18,Ticketmaster,Normal,1,28.0,2.6,28.0,ORBITE 2026-27
O004209,B03499,S08,2026-06-18,Fnac Spectacles,Normal,1,28.0,2.2,28.0,ORBITE 2026-27
O004210,B03500,S08,2026-06-18,Fnac Spectacles,Normal,2,28.0,2.45,56.0,ORBITE 2026-27
O004211,B03501,S08,2026-06-18,Site officiel,Normal,2,28.0,0.0,56.0,ORBITE 2026-27
O004212,B03502,S08,2026-06-18,Shotgun,Normal,2,28.0,2.68,56.0,ORBITE 2026-27
O004213,B03503,S08,2026-06-18,Ticketmaster,Normal,2,28.0,2.22,56.0,ORBITE 2026-27
O004214,B03504,S08,2026-06-18,Fnac Spectacles,Normal,2,28.0,3.09,56.0,ORBITE 2026-27
O004215,B03505,S08,2026-06-18,Fnac Spectacles,Normal,2,28.0,2.25,56.0,ORBITE 2026-27
O004216,B00011,S08,2026-06-18,Site officiel,Carré or,2,40.6,0.0,81.2,ORBITE 2026-27
O004217,B03506,S08,2026-06-18,Site officiel,Normal,2,28.0,0.0,56.0,ORBITE 2026-27
O004218,B03507,S08,2026-06-18,Fnac Spectacles,Normal,1,28.0,2.53,28.0,ORBITE 2026-27
O004219,B03508,S08,2026-06-18,Ticketmaster,Normal,2,28.0,2.9,56.0,ORBITE 2026-27
O004220,B03509,S08,2026-06-18,Ticketmaster,Normal,2,28.0,2.14,56.0,ORBITE 2026-27
O004221,B02942,S08,2026-06-18,Site officiel,Normal,2,28.0,0.0,56.0,ORBITE 2026-27
O004222,B03510,S08,2026-06-19,Shotgun,Normal,2,28.0,2.18,56.0,ORBITE 2026-27
O004223,B03511,S08,2026-06-19,Ticketmaster,Normal,2,28.0,2.22,56.0,ORBITE 2026-27
O004224,B03512,S08,2026-06-19,Shotgun,Normal,2,28.0,2.41,56.0,ORBITE 2026-27
O004225,B03513,S08,2026-06-19,Fnac Spectacles,Prévente,2,24.64,2.58,49.28,ORBITE 2026-27
O004226,B00394,S08,2026-06-19,Site officiel,Normal,2,28.0,0.0,56.0,ORBITE 2026-27
O004227,B03514,S08,2026-06-19,Ticketmaster,Normal,2,28.0,2.95,56.0,ORBITE 2026-27
O004228,B03515,S08,2026-06-19,Site officiel,Carré or,2,40.6,0.0,81.2,ORBITE 2026-27
O004229,B03516,S08,2026-06-19,Ticketmaster,Normal,2,28.0,1.98,56.0,ORBITE 2026-27
O004230,B03517,S08,2026-06-19,Site officiel,Prévente,2,24.64,0.0,49.28,ORBITE 2026-27
O004231,B03518,S08,2026-06-19,Site officiel,Normal,2,28.0,0.0,56.0,ORBITE 2026-27
O004232,B03519,S08,2026-06-19,Dice,Normal,2,28.0,2.29,56.0,ORBITE 2026-27
O004233,B03520,S08,2026-06-19,Ticketmaster,Normal,2,28.0,2.22,56.0,ORBITE 2026-27
O004234,B03521,S08,2026-06-19,Site officiel,Normal,1,28.0,0.0,28.0,ORBITE 2026-27
O004235,B03522,S08,2026-06-19,Dice,Normal,4,28.0,3.06,112.0,ORBITE 2026-27
O004236,B03523,S08,2026-06-19,Dice,Normal,2,28.0,3.2,56.0,ORBITE 2026-27
O004237,B03524,S08,2026-06-19,Shotgun,Normal,1,28.0,1.99,28.0,ORBITE 2026-27
O004238,B03525,S08,2026-06-19,Site officiel,Prévente,1,24.64,0.0,24.64,ORBITE 2026-27
O004239,B02032,S08,2026-06-20,Site officiel,Normal,3,28.0,0.0,84.0,ORBITE 2026-27
O004240,B03526,S08,2026-06-20,Shotgun,Normal,2,28.0,2.82,56.0,ORBITE 2026-27
O004241,B02602,S08,2026-06-20,Fnac Spectacles,Normal,2,28.0,2.01,56.0,ORBITE 2026-27
O004242,B01951,S08,2026-06-20,Ticketmaster,Carré or,2,40.6,3.14,81.2,ORBITE 2026-27
O004243,B03527,S08,2026-06-20,Ticketmaster,Normal,2,28.0,2.98,56.0,ORBITE 2026-27
O004244,B03528,S08,2026-06-20,Dice,Prévente,4,24.64,2.83,98.56,ORBITE 2026-27
O004245,B03059,S08,2026-06-20,Fnac Spectacles,Carré or,2,40.6,2.94,81.2,ORBITE 2026-27
O004246,B00128,S08,2026-06-20,Fnac Spectacles,Normal,2,28.0,2.12,56.0,ORBITE 2026-27
O004247,B03529,S08,2026-06-20,Fnac Spectacles,Normal,2,28.0,2.09,56.0,ORBITE 2026-27
O004248,B03530,S08,2026-06-20,Ticketmaster,Normal,2,28.0,2.48,56.0,ORBITE 2026-27
O004249,B03531,S08,2026-06-20,Ticketmaster,Normal,1,28.0,3.33,28.0,ORBITE 2026-27
O004250,B03532,S08,2026-06-20,Fnac Spectacles,Normal,2,28.0,2.76,56.0,ORBITE 2026-27
O004251,B03533,S08,2026-06-20,Dice,Carré or,2,40.6,2.4,81.2,ORBITE 2026-27
O004252,B03534,S08,2026-06-20,Site officiel,Normal,2,28.0,0.0,56.0,ORBITE 2026-27
O004253,B03535,S08,2026-06-20,Fnac Spectacles,Normal,1,28.0,2.28,28.0,ORBITE 2026-27
O004254,B03536,S08,2026-06-20,Fnac Spectacles,Prévente,1,24.64,1.94,24.64,ORBITE 2026-27
O004255,B03537,S08,2026-06-21,Dice,Normal,2,28.0,2.32,56.0,ORBITE 2026-27
O004256,B03538,S08,2026-06-21,Site officiel,Normal,2,28.0,0.0,56.0,ORBITE 2026-27
O004257,B02188,S08,2026-06-21,Fnac Spectacles,Prévente,1,24.64,2.1,24.64,ORBITE 2026-27
O004258,B03539,S08,2026-06-21,Ticketmaster,Prévente,1,24.64,2.06,24.64,ORBITE 2026-27
O004259,B03540,S08,2026-06-21,Ticketmaster,Normal,2,28.0,1.99,56.0,ORBITE 2026-27
O004260,B03541,S08,2026-06-21,Fnac Spectacles,Normal,2,28.0,2.16,56.0,ORBITE 2026-27
O004261,B03542,S08,2026-06-21,Fnac Spectacles,Normal,2,28.0,2.64,56.0,ORBITE 2026-27
O004262,B03543,S08,2026-06-21,Ticketmaster,Normal,2,28.0,2.33,56.0,ORBITE 2026-27
O004263,B03544,S08,2026-06-21,Ticketmaster,Normal,2,28.0,2.59,56.0,ORBITE 2026-27
O004264,B03545,S08,2026-06-21,Shotgun,Prévente,2,24.64,3.02,49.28,ORBITE 2026-27
O004265,B03546,S08,2026-06-21,Ticketmaster,Normal,1,28.0,2.84,28.0,ORBITE 2026-27
O004266,B03547,S08,2026-06-21,Shotgun,Carré or,2,40.6,2.54,81.2,ORBITE 2026-27
O004267,B00133,S08,2026-06-21,Shotgun,Prévente,2,24.64,2.36,49.28,ORBITE 2026-27
O004268,B03548,S08,2026-06-21,Fnac Spectacles,Normal,2,28.0,3.21,56.0,ORBITE 2026-27
O004269,B03549,S08,2026-06-21,Ticketmaster,Prévente,2,24.64,2.23,49.28,ORBITE 2026-27
O004270,B03550,S08,2026-06-21,Shotgun,Normal,1,28.0,2.92,28.0,ORBITE 2026-27
O004271,B03551,S08,2026-06-21,Site officiel,Normal,2,28.0,0.0,56.0,ORBITE 2026-27
O004272,B03552,S08,2026-06-21,Dice,Normal,2,28.0,2.56,56.0,ORBITE 2026-27
O004273,B03553,S08,2026-06-21,Ticketmaster,Carré or,2,40.6,2.69,81.2,ORBITE 2026-27
O004274,B03554,S08,2026-06-22,Fnac Spectacles,Prévente,2,24.64,2.73,49.28,ORBITE 2026-27
O004275,B03555,S08,2026-06-22,Shotgun,Normal,1,28.0,2.46,28.0,ORBITE 2026-27
O004276,B03556,S08,2026-06-22,Ticketmaster,Normal,2,28.0,2.97,56.0,ORBITE 2026-27
O004277,B03557,S08,2026-06-22,Ticketmaster,Normal,1,28.0,1.97,28.0,ORBITE 2026-27
O004278,B00372,S08,2026-06-22,Site officiel,Normal,2,28.0,0.0,56.0,ORBITE 2026-27
O004279,B03558,S08,2026-06-22,Site officiel,Prévente,1,24.64,0.0,24.64,ORBITE 2026-27
O004280,B03559,S08,2026-06-22,Fnac Spectacles,Carré or,2,40.6,2.04,81.2,ORBITE 2026-27
O004281,B00318,S08,2026-06-22,Site officiel,Normal,2,28.0,0.0,56.0,ORBITE 2026-27
O004282,B00664,S08,2026-06-22,Fnac Spectacles,Normal,2,28.0,2.12,56.0,ORBITE 2026-27
O004283,B03560,S08,2026-06-22,Fnac Spectacles,Normal,2,28.0,3.23,56.0,ORBITE 2026-27
O004284,B03561,S08,2026-06-22,Ticketmaster,Normal,1,28.0,3.05,28.0,ORBITE 2026-27
O004285,B03562,S08,2026-06-22,Fnac Spectacles,Normal,2,28.0,2.48,56.0,ORBITE 2026-27
O004286,B03563,S08,2026-06-23,Ticketmaster,Normal,2,28.0,2.92,56.0,ORBITE 2026-27
O004287,B02524,S08,2026-06-23,Fnac Spectacles,Normal,2,28.0,2.45,56.0,ORBITE 2026-27
O004288,B03564,S08,2026-06-23,Fnac Spectacles,Normal,1,28.0,2.0,28.0,ORBITE 2026-27
O004289,B03565,S08,2026-06-23,Ticketmaster,Normal,1,28.0,3.24,28.0,ORBITE 2026-27
O004290,B00103,S08,2026-06-23,Fnac Spectacles,Normal,2,28.0,2.93,56.0,ORBITE 2026-27
O004291,B03566,S08,2026-06-23,Site officiel,Carré or,2,40.6,0.0,81.2,ORBITE 2026-27
O004292,B03567,S08,2026-06-23,Ticketmaster,Carré or,2,40.6,2.49,81.2,ORBITE 2026-27
O004293,B03568,S08,2026-06-23,Site officiel,Normal,2,28.0,0.0,56.0,ORBITE 2026-27
O004294,B03569,S08,2026-06-23,Site officiel,Normal,2,28.0,0.0,56.0,ORBITE 2026-27
O004295,B03570,S08,2026-06-23,Dice,Carré or,1,40.6,2.87,40.6,ORBITE 2026-27
O004296,B03571,S08,2026-06-23,Ticketmaster,Normal,1,28.0,2.24,28.0,ORBITE 2026-27
O004297,B03572,S08,2026-06-23,Ticketmaster,Normal,2,28.0,3.21,56.0,ORBITE 2026-27
O004298,B03573,S08,2026-06-23,Dice,Normal,2,28.0,2.76,56.0,ORBITE 2026-27
O004299,B03574,S08,2026-06-23,Dice,Normal,2,28.0,3.28,56.0,ORBITE 2026-27
O004300,B03575,S08,2026-06-24,Ticketmaster,Normal,1,28.0,2.67,28.0,ORBITE 2026-27
O004301,B03576,S08,2026-06-24,Site officiel,Carré or,3,40.6,0.0,121.8,ORBITE 2026-27
O004302,B03577,S08,2026-06-24,Dice,Normal,2,28.0,2.91,56.0,ORBITE 2026-27
O004303,B03578,S08,2026-06-24,Ticketmaster,Normal,2,28.0,3.35,56.0,ORBITE 2026-27
O004304,B03579,S08,2026-06-24,Ticketmaster,Prévente,2,24.64,2.82,49.28,ORBITE 2026-27
O004305,B03580,S08,2026-06-24,Fnac Spectacles,Carré or,2,40.6,2.55,81.2,ORBITE 2026-27
O004306,B03581,S08,2026-06-25,Dice,Normal,2,28.0,3.01,56.0,ORBITE 2026-27
O004307,B03582,S08,2026-06-25,Fnac Spectacles,Normal,2,28.0,2.08,56.0,ORBITE 2026-27
O004308,B03583,S08,2026-06-25,Site officiel,Normal,1,28.0,0.0,28.0,ORBITE 2026-27
O004309,B03584,S08,2026-06-25,Site officiel,Normal,2,28.0,0.0,56.0,ORBITE 2026-27
O004310,B03585,S08,2026-06-25,Ticketmaster,Normal,2,28.0,2.16,56.0,ORBITE 2026-27
O004311,B03586,S08,2026-06-25,Shotgun,Normal,1,28.0,2.12,28.0,ORBITE 2026-27
O004312,B03587,S08,2026-06-26,Fnac Spectacles,Normal,2,28.0,2.4,56.0,ORBITE 2026-27
O004313,B03588,S08,2026-06-26,Fnac Spectacles,Normal,2,28.0,2.02,56.0,ORBITE 2026-27
O004314,B03589,S08,2026-06-26,Site officiel,Normal,2,28.0,0.0,56.0,ORBITE 2026-27
O004315,B03590,S08,2026-06-26,Ticketmaster,Normal,2,28.0,2.19,56.0,ORBITE 2026-27
O004316,B03591,S08,2026-06-26,Ticketmaster,Normal,1,28.0,2.17,28.0,ORBITE 2026-27
O004317,B03592,S08,2026-06-26,Shotgun,Normal,2,28.0,2.69,56.0,ORBITE 2026-27
O004318,B03166,S08,2026-06-26,Site officiel,Normal,2,28.0,0.0,56.0,ORBITE 2026-27
O004319,B03593,S08,2026-06-26,Ticketmaster,Normal,1,28.0,2.48,28.0,ORBITE 2026-27
O004320,B03594,S08,2026-06-27,Fnac Spectacles,Normal,1,28.0,2.31,28.0,ORBITE 2026-27
O004321,B00738,S08,2026-06-27,Ticketmaster,Carré or,3,40.6,2.96,121.8,ORBITE 2026-27
O004322,B03595,S08,2026-06-27,Ticketmaster,Normal,1,28.0,2.77,28.0,ORBITE 2026-27
O004323,B03596,S08,2026-06-27,Site officiel,Normal,1,28.0,0.0,28.0,ORBITE 2026-27
O004324,B03597,S08,2026-06-27,Site officiel,Normal,3,28.0,0.0,84.0,ORBITE 2026-27
O004325,B03598,S08,2026-06-27,Fnac Spectacles,Normal,2,28.0,2.21,56.0,ORBITE 2026-27
O004326,B03599,S08,2026-06-27,Fnac Spectacles,Normal,2,28.0,2.83,56.0,ORBITE 2026-27
O004327,B03600,S08,2026-06-27,Fnac Spectacles,Normal,2,28.0,2.9,56.0,ORBITE 2026-27
O004328,B03601,S08,2026-06-27,Fnac Spectacles,Normal,2,28.0,2.84,56.0,ORBITE 2026-27
O004329,B03602,S08,2026-06-27,Shotgun,Normal,2,28.0,1.93,56.0,ORBITE 2026-27
O004330,B03603,S08,2026-06-28,Site officiel,Normal,2,28.0,0.0,56.0,ORBITE 2026-27
O004331,B03604,S08,2026-06-28,Ticketmaster,Prévente,1,24.64,3.26,24.64,ORBITE 2026-27
O004332,B03605,S08,2026-06-28,Ticketmaster,Normal,1,28.0,2.03,28.0,ORBITE 2026-27
O004333,B03606,S08,2026-06-28,Site officiel,Normal,2,28.0,0.0,56.0,ORBITE 2026-27
O004334,B03289,S08,2026-06-29,Ticketmaster,Normal,2,28.0,3.39,56.0,ORBITE 2026-27
O004335,B03607,S08,2026-06-30,Fnac Spectacles,Normal,2,28.0,2.46,56.0,ORBITE 2026-27
O004336,B03608,S08,2026-06-30,Ticketmaster,Normal,2,28.0,2.86,56.0,ORBITE 2026-27
O004337,B03609,S08,2026-06-30,Fnac Spectacles,Normal,2,28.0,2.0,56.0,ORBITE 2026-27
O004338,B03610,S08,2026-06-30,Fnac Spectacles,Normal,4,28.0,2.92,112.0,ORBITE 2026-27
O004339,B03611,S08,2026-06-30,Ticketmaster,Carré or,1,40.6,1.95,40.6,ORBITE 2026-27
O004340,B03612,S08,2026-06-30,Ticketmaster,Carré or,2,40.6,2.31,81.2,ORBITE 2026-27
O004341,B03613,S08,2026-06-30,Ticketmaster,Normal,2,28.0,2.24,56.0,ORBITE 2026-27
O004342,B03614,S08,2026-06-30,Fnac Spectacles,Normal,1,28.0,2.93,28.0,ORBITE 2026-27
O004343,B03615,S08,2026-07-01,Shotgun,Normal,2,28.0,2.24,56.0,ORBITE 2026-27
O004344,B03616,S08,2026-07-01,Site officiel,Normal,3,28.0,0.0,84.0,ORBITE 2026-27
O004345,B03617,S08,2026-07-01,Dice,Normal,2,28.0,1.96,56.0,ORBITE 2026-27
O004346,B03618,S08,2026-07-01,Site officiel,Normal,2,28.0,0.0,56.0,ORBITE 2026-27
O004347,B03619,S08,2026-07-01,Ticketmaster,Normal,2,28.0,1.99,56.0,ORBITE 2026-27
O004348,B01436,S08,2026-07-02,Fnac Spectacles,Normal,2,28.0,2.8,56.0,ORBITE 2026-27
O004349,B03620,S08,2026-07-02,Fnac Spectacles,Normal,2,28.0,2.78,56.0,ORBITE 2026-27
O004350,B00267,S08,2026-07-02,Site officiel,Normal,2,28.0,0.0,56.0,ORBITE 2026-27
O004351,B03621,S08,2026-07-02,Ticketmaster,Normal,2,28.0,3.23,56.0,ORBITE 2026-27
O004352,B03622,S08,2026-07-03,Ticketmaster,Normal,2,28.0,3.1,56.0,ORBITE 2026-27
O004353,B03623,S08,2026-07-03,Fnac Spectacles,Normal,1,28.0,2.88,28.0,ORBITE 2026-27
O004354,B03624,S08,2026-07-04,Site officiel,Prévente,2,24.64,0.0,49.28,ORBITE 2026-27
O004355,B03625,S08,2026-07-04,Shotgun,Normal,2,28.0,2.55,56.0,ORBITE 2026-27
O004356,B03232,S08,2026-07-04,Dice,Normal,2,28.0,2.57,56.0,ORBITE 2026-27
O004357,B03626,S08,2026-07-04,Shotgun,Carré or,1,40.6,2.04,40.6,ORBITE 2026-27
O004358,B03627,S08,2026-07-05,Ticketmaster,Normal,2,28.0,2.21,56.0,ORBITE 2026-27
O004359,B03628,S08,2026-07-05,Ticketmaster,Normal,2,28.0,2.43,56.0,ORBITE 2026-27
O004360,B01763,S08,2026-07-05,Fnac Spectacles,Normal,1,28.0,3.32,28.0,ORBITE 2026-27
O004361,B03629,S08,2026-07-05,Site officiel,Carré or,1,40.6,0.0,40.6,ORBITE 2026-27
O004362,B03630,S08,2026-07-06,Ticketmaster,Normal,2,28.0,2.69,56.0,ORBITE 2026-27
O004363,B03631,S08,2026-07-06,Site officiel,Normal,2,28.0,0.0,56.0,ORBITE 2026-27
O004364,B03632,S08,2026-07-06,Dice,Normal,2,28.0,3.19,56.0,ORBITE 2026-27
O004365,B03633,S08,2026-07-06,Dice,Normal,4,28.0,3.25,112.0,ORBITE 2026-27
O004366,B03634,S08,2026-07-07,Dice,Normal,2,28.0,3.14,56.0,ORBITE 2026-27
O004367,B03635,S08,2026-07-07,Fnac Spectacles,Normal,1,28.0,2.8,28.0,ORBITE 2026-27
O004368,B03636,S08,2026-07-07,Fnac Spectacles,Normal,1,28.0,2.53,28.0,ORBITE 2026-27
O004369,B03637,S08,2026-07-07,Fnac Spectacles,Normal,2,28.0,3.17,56.0,ORBITE 2026-27
O004370,B03638,S08,2026-07-08,Site officiel,Normal,2,28.0,0.0,56.0,ORBITE 2026-27
O004371,B03639,S08,2026-07-08,Dice,Carré or,2,40.6,2.26,81.2,ORBITE 2026-27
O004372,B03640,S08,2026-07-09,Fnac Spectacles,Normal,2,28.0,3.32,56.0,ORBITE 2026-27
O004373,B03641,S08,2026-07-09,Ticketmaster,Normal,2,28.0,2.04,56.0,ORBITE 2026-27
O004374,B03642,S08,2026-07-09,Site officiel,Normal,3,28.0,0.0,84.0,ORBITE 2026-27
O004375,B03643,S08,2026-07-09,Site officiel,Normal,1,28.0,0.0,28.0,ORBITE 2026-27
O004376,B01316,S08,2026-07-10,Fnac Spectacles,Normal,2,28.0,2.2,56.0,ORBITE 2026-27
O004377,B03644,S08,2026-07-10,Ticketmaster,Normal,1,28.0,2.14,28.0,ORBITE 2026-27
O004378,B03645,S08,2026-07-10,Site officiel,Normal,4,28.0,0.0,112.0,ORBITE 2026-27
O004379,B03646,S08,2026-07-11,Ticketmaster,Normal,2,28.0,2.82,56.0,ORBITE 2026-27
O004380,B03539,S08,2026-07-12,Fnac Spectacles,Normal,2,28.0,1.98,56.0,ORBITE 2026-27
O004381,B03647,S08,2026-07-13,Dice,Normal,2,28.0,2.08,56.0,ORBITE 2026-27
O004382,B02901,S08,2026-07-13,Fnac Spectacles,Normal,2,28.0,3.36,56.0,ORBITE 2026-27
O004383,B02601,S08,2026-07-13,Ticketmaster,Normal,1,28.0,3.39,28.0,ORBITE 2026-27
O004384,B03648,S08,2026-07-13,Site officiel,Normal,2,28.0,0.0,56.0,ORBITE 2026-27
O004385,B03649,S08,2026-07-13,Dice,Normal,1,28.0,2.26,28.0,ORBITE 2026-27
O004386,B03650,S08,2026-07-13,Fnac Spectacles,Normal,2,28.0,2.19,56.0,ORBITE 2026-27
O004387,B03651,S08,2026-07-14,Site officiel,Normal,4,28.0,0.0,112.0,ORBITE 2026-27
O004388,B00684,S08,2026-07-14,Ticketmaster,Normal,2,28.0,2.31,56.0,ORBITE 2026-27
O004389,B03652,S08,2026-07-14,Fnac Spectacles,Normal,2,28.0,3.26,56.0,ORBITE 2026-27
O004390,B03653,S08,2026-07-14,Shotgun,Normal,1,28.0,2.49,28.0,ORBITE 2026-27
O004391,B02502,S08,2026-07-14,Site officiel,Normal,2,28.0,0.0,56.0,ORBITE 2026-27
O004392,B03654,S08,2026-07-15,Fnac Spectacles,Normal,2,28.0,2.58,56.0,ORBITE 2026-27
O004393,B03655,S08,2026-07-15,Dice,Normal,1,28.0,3.15,28.0,ORBITE 2026-27
O004394,B03656,S08,2026-07-15,Fnac Spectacles,Normal,2,28.0,3.3,56.0,ORBITE 2026-27
O004395,B03657,S08,2026-07-16,Shotgun,Normal,2,28.0,2.34,56.0,ORBITE 2026-27
O004396,B03658,S08,2026-07-16,Dice,Normal,2,28.0,2.97,56.0,ORBITE 2026-27
O004397,B03659,S08,2026-07-16,Fnac Spectacles,Normal,2,28.0,2.33,56.0,ORBITE 2026-27
O004398,B03660,S08,2026-07-16,Ticketmaster,Normal,1,28.0,2.47,28.0,ORBITE 2026-27
O004399,B03661,S08,2026-07-17,Ticketmaster,Normal,2,28.0,2.95,56.0,ORBITE 2026-27
O004400,B03662,S08,2026-07-17,Ticketmaster,Normal,2,28.0,2.39,56.0,ORBITE 2026-27
O004401,B03663,S08,2026-07-18,Fnac Spectacles,Normal,2,28.0,2.49,56.0,ORBITE 2026-27
O004402,B03059,S08,2026-07-18,Fnac Spectacles,Normal,2,28.0,3.24,56.0,ORBITE 2026-27
O004403,B03664,S08,2026-07-18,Site officiel,Normal,1,28.0,0.0,28.0,ORBITE 2026-27
O004404,B03665,S08,2026-07-18,Fnac Spectacles,Normal,2,28.0,3.14,56.0,ORBITE 2026-27
O004405,B03666,S08,2026-07-19,Fnac Spectacles,Normal,1,28.0,2.9,28.0,ORBITE 2026-27
O004406,B01580,S08,2026-07-19,Fnac Spectacles,Normal,2,28.0,2.5,56.0,ORBITE 2026-27
O004407,B03016,S08,2026-07-19,Fnac Spectacles,Normal,2,28.0,2.95,56.0,ORBITE 2026-27
O004408,B03667,S08,2026-07-19,Ticketmaster,Normal,2,28.0,2.06,56.0,ORBITE 2026-27
O004409,B03668,S08,2026-07-20,Fnac Spectacles,Normal,2,28.0,2.7,56.0,ORBITE 2026-27
O004410,B03669,S08,2026-07-20,Fnac Spectacles,Normal,4,28.0,2.64,112.0,ORBITE 2026-27
O004411,B03670,S08,2026-07-20,Ticketmaster,Normal,2,28.0,3.01,56.0,ORBITE 2026-27
O004412,B03671,S08,2026-07-21,Site officiel,Carré or,2,40.6,0.0,81.2,ORBITE 2026-27
O004413,B03672,S08,2026-07-22,Ticketmaster,Normal,2,28.0,3.08,56.0,ORBITE 2026-27
O004414,B03673,S08,2026-07-23,Site officiel,Normal,2,28.0,0.0,56.0,ORBITE 2026-27
O004415,B03674,S08,2026-07-23,Fnac Spectacles,Normal,1,28.0,2.56,28.0,ORBITE 2026-27
O004416,B03675,S08,2026-07-23,Ticketmaster,Normal,2,28.0,2.75,56.0,ORBITE 2026-27
O004417,B01599,S08,2026-07-24,Site officiel,Carré or,2,40.6,0.0,81.2,ORBITE 2026-27
O004418,B03676,S08,2026-07-24,Site officiel,Normal,1,28.0,0.0,28.0,ORBITE 2026-27
O004419,B03677,S08,2026-07-24,Fnac Spectacles,Normal,1,28.0,2.8,28.0,ORBITE 2026-27
O004420,B03678,S08,2026-07-25,Fnac Spectacles,Normal,2,28.0,3.39,56.0,ORBITE 2026-27
O004421,B03679,S08,2026-07-25,Site officiel,Normal,2,28.0,0.0,56.0,ORBITE 2026-27
O004422,B03680,S08,2026-07-25,Ticketmaster,Normal,1,28.0,2.8,28.0,ORBITE 2026-27
O004423,B03681,S08,2026-07-26,Fnac Spectacles,Normal,1,28.0,2.72,28.0,ORBITE 2026-27
O004424,B03682,S08,2026-07-26,Fnac Spectacles,Normal,2,28.0,2.89,56.0,ORBITE 2026-27
O004425,B03683,S08,2026-07-26,Shotgun,Normal,3,28.0,3.13,84.0,ORBITE 2026-27
O004426,B03684,S08,2026-07-26,Ticketmaster,Normal,3,28.0,2.24,84.0,ORBITE 2026-27
O004427,B03685,S08,2026-07-26,Dice,Normal,2,28.0,2.73,56.0,ORBITE 2026-27
O004428,B03686,S08,2026-07-27,Site officiel,Normal,1,28.0,0.0,28.0,ORBITE 2026-27
O004429,B03687,S08,2026-07-27,Site officiel,Normal,2,28.0,0.0,56.0,ORBITE 2026-27
O004430,B03688,S08,2026-07-27,Dice,Normal,1,28.0,2.57,28.0,ORBITE 2026-27
O004431,B03689,S08,2026-07-28,Fnac Spectacles,Carré or,2,40.6,2.43,81.2,ORBITE 2026-27
O004432,B03690,S08,2026-07-29,Fnac Spectacles,Normal,2,28.0,2.58,56.0,ORBITE 2026-27
O004433,B03691,S08,2026-07-29,Fnac Spectacles,Normal,1,28.0,3.04,28.0,ORBITE 2026-27
O004434,B03692,S08,2026-07-29,Site officiel,Normal,2,28.0,0.0,56.0,ORBITE 2026-27
O004435,B03693,S08,2026-07-30,Site officiel,Normal,2,28.0,0.0,56.0,ORBITE 2026-27
O004436,B01292,S08,2026-07-30,Ticketmaster,Normal,2,28.0,2.66,56.0,ORBITE 2026-27
O004437,B03694,S08,2026-07-30,Fnac Spectacles,Normal,4,28.0,2.15,112.0,ORBITE 2026-27
O004438,B03695,S08,2026-07-30,Site officiel,Normal,2,28.0,0.0,56.0,ORBITE 2026-27
O004439,B01419,S08,2026-07-30,Dice,Normal,3,28.0,3.0,84.0,ORBITE 2026-27
O004440,B03696,S08,2026-07-31,Ticketmaster,Normal,1,28.0,2.43,28.0,ORBITE 2026-27
O004441,B03697,S08,2026-07-31,Ticketmaster,Normal,1,28.0,2.58,28.0,ORBITE 2026-27
O004442,B03698,S08,2026-07-31,Fnac Spectacles,Normal,1,28.0,2.19,28.0,ORBITE 2026-27
O004443,B03699,S08,2026-08-01,Fnac Spectacles,Normal,1,28.0,2.91,28.0,ORBITE 2026-27
O004444,B03700,S08,2026-08-01,Dice,Normal,2,28.0,2.91,56.0,ORBITE 2026-27
O004445,B03701,S08,2026-08-02,Site officiel,Normal,2,28.0,0.0,56.0,ORBITE 2026-27
O004446,B03702,S08,2026-08-02,Fnac Spectacles,Normal,2,28.0,3.32,56.0,ORBITE 2026-27
O004447,B03703,S08,2026-08-02,Dice,Normal,2,28.0,2.61,56.0,ORBITE 2026-27
O004448,B03704,S08,2026-08-02,Fnac Spectacles,Carré or,3,40.6,3.18,121.8,ORBITE 2026-27
O004449,B03705,S08,2026-08-02,Site officiel,Normal,3,28.0,0.0,84.0,ORBITE 2026-27
O004450,B03706,S08,2026-08-02,Fnac Spectacles,Normal,1,28.0,2.52,28.0,ORBITE 2026-27
O004451,B03707,S08,2026-08-03,Site officiel,Normal,2,28.0,0.0,56.0,ORBITE 2026-27
O004452,B03708,S08,2026-08-03,Fnac Spectacles,Normal,2,28.0,2.88,56.0,ORBITE 2026-27
O004453,B03709,S08,2026-08-03,Fnac Spectacles,Normal,2,28.0,2.94,56.0,ORBITE 2026-27
O004454,B03710,S08,2026-08-03,Fnac Spectacles,Normal,2,28.0,3.17,56.0,ORBITE 2026-27
O004455,B03711,S08,2026-08-03,Site officiel,Normal,1,28.0,0.0,28.0,ORBITE 2026-27
O004456,B03712,S08,2026-08-03,Fnac Spectacles,Normal,1,28.0,2.86,28.0,ORBITE 2026-27
O004457,B01181,S08,2026-08-04,Fnac Spectacles,Normal,2,28.0,1.93,56.0,ORBITE 2026-27
O004458,B03713,S08,2026-08-04,Shotgun,Normal,1,28.0,2.36,28.0,ORBITE 2026-27
O004459,B02977,S09,2026-06-23,Fnac Spectacles,Normal,2,27.0,2.1,54.0,ORBITE 2026-27
O004460,B03714,S09,2026-06-23,Site officiel,Normal,1,27.0,0.0,27.0,ORBITE 2026-27
O004461,B03715,S09,2026-06-23,Dice,Normal,2,27.0,2.85,54.0,ORBITE 2026-27
O004462,B03716,S09,2026-06-23,Dice,Normal,2,27.0,3.18,54.0,ORBITE 2026-27
O004463,B03717,S09,2026-06-23,Dice,Normal,2,27.0,2.22,54.0,ORBITE 2026-27
O004464,B03718,S09,2026-06-23,Site officiel,Prévente,1,23.76,0.0,23.76,ORBITE 2026-27
O004465,B03719,S09,2026-06-23,Shotgun,Prévente,2,23.76,2.53,47.52,ORBITE 2026-27
O004466,B03720,S09,2026-06-23,Fnac Spectacles,Normal,2,27.0,2.42,54.0,ORBITE 2026-27
O004467,B03721,S09,2026-06-23,Ticketmaster,Normal,2,27.0,2.5,54.0,ORBITE 2026-27
O004468,B03512,S09,2026-06-23,Ticketmaster,Normal,1,27.0,2.75,27.0,ORBITE 2026-27
O004469,B00670,S09,2026-06-23,Fnac Spectacles,Carré or,1,39.15,3.3,39.15,ORBITE 2026-27
O004470,B00050,S09,2026-06-23,Fnac Spectacles,Normal,2,27.0,3.27,54.0,ORBITE 2026-27
O004471,B03722,S09,2026-06-23,Ticketmaster,Normal,2,27.0,3.25,54.0,ORBITE 2026-27
O004472,B01631,S09,2026-06-23,Fnac Spectacles,Normal,2,27.0,2.31,54.0,ORBITE 2026-27
O004473,B03723,S09,2026-06-23,Ticketmaster,Normal,1,27.0,3.12,27.0,ORBITE 2026-27
O004474,B03724,S09,2026-06-23,Site officiel,Normal,2,27.0,0.0,54.0,ORBITE 2026-27
O004475,B03725,S09,2026-06-23,Fnac Spectacles,Normal,2,27.0,2.19,54.0,ORBITE 2026-27
O004476,B03726,S09,2026-06-23,Site officiel,Normal,2,27.0,0.0,54.0,ORBITE 2026-27
O004477,B03727,S09,2026-06-23,Site officiel,Prévente,1,23.76,0.0,23.76,ORBITE 2026-27
O004478,B00453,S09,2026-06-23,Dice,Prévente,2,23.76,2.07,47.52,ORBITE 2026-27
O004479,B03728,S09,2026-06-23,Ticketmaster,Normal,1,27.0,2.99,27.0,ORBITE 2026-27
O004480,B03729,S09,2026-06-23,Ticketmaster,Normal,1,27.0,2.42,27.0,ORBITE 2026-27
O004481,B03730,S09,2026-06-23,Dice,Normal,2,27.0,2.93,54.0,ORBITE 2026-27
O004482,B03731,S09,2026-06-23,Ticketmaster,Normal,2,27.0,2.71,54.0,ORBITE 2026-27
O004483,B03732,S09,2026-06-23,Shotgun,Normal,1,27.0,2.73,27.0,ORBITE 2026-27
O004484,B03733,S09,2026-06-23,Dice,Normal,3,27.0,2.02,81.0,ORBITE 2026-27
O004485,B03734,S09,2026-06-23,Ticketmaster,Normal,2,27.0,2.02,54.0,ORBITE 2026-27
O004486,B03735,S09,2026-06-23,Fnac Spectacles,Normal,2,27.0,3.39,54.0,ORBITE 2026-27
O004487,B03736,S09,2026-06-23,Site officiel,Carré or,2,39.15,0.0,78.3,ORBITE 2026-27
O004488,B03737,S09,2026-06-23,Shotgun,Normal,2,27.0,2.41,54.0,ORBITE 2026-27
O004489,B03394,S09,2026-06-23,Dice,Normal,1,27.0,3.35,27.0,ORBITE 2026-27
O004490,B00220,S09,2026-06-24,Shotgun,Normal,2,27.0,2.23,54.0,ORBITE 2026-27
O004491,B03738,S09,2026-06-24,Ticketmaster,Normal,2,27.0,2.31,54.0,ORBITE 2026-27
O004492,B03739,S09,2026-06-24,Ticketmaster,Prévente,1,23.76,2.53,23.76,ORBITE 2026-27
O004493,B03183,S09,2026-06-24,Site officiel,Normal,2,27.0,0.0,54.0,ORBITE 2026-27
O004494,B03740,S09,2026-06-24,Fnac Spectacles,Normal,2,27.0,2.63,54.0,ORBITE 2026-27
O004495,B03741,S09,2026-06-24,Site officiel,Normal,2,27.0,0.0,54.0,ORBITE 2026-27
O004496,B03742,S09,2026-06-24,Site officiel,Normal,2,27.0,0.0,54.0,ORBITE 2026-27
O004497,B03743,S09,2026-06-24,Dice,Normal,2,27.0,1.91,54.0,ORBITE 2026-27
O004498,B03744,S09,2026-06-24,Fnac Spectacles,Prévente,2,23.76,3.03,47.52,ORBITE 2026-27
O004499,B03745,S09,2026-06-24,Ticketmaster,Prévente,2,23.76,3.1,47.52,ORBITE 2026-27
O004500,B00489,S09,2026-06-24,Fnac Spectacles,Prévente,1,23.76,2.5,23.76,ORBITE 2026-27
O004501,B03746,S09,2026-06-24,Site officiel,Normal,1,27.0,0.0,27.0,ORBITE 2026-27
O004502,B03747,S09,2026-06-24,Fnac Spectacles,Normal,2,27.0,2.87,54.0,ORBITE 2026-27
O004503,B03748,S09,2026-06-24,Fnac Spectacles,Prévente,2,23.76,2.99,47.52,ORBITE 2026-27
O004504,B03749,S09,2026-06-24,Site officiel,Carré or,2,39.15,0.0,78.3,ORBITE 2026-27
O004505,B00605,S09,2026-06-24,Fnac Spectacles,Normal,2,27.0,2.71,54.0,ORBITE 2026-27
O004506,B03750,S09,2026-06-24,Fnac Spectacles,Normal,1,27.0,2.9,27.0,ORBITE 2026-27
O004507,B03611,S09,2026-06-24,Fnac Spectacles,Normal,2,27.0,3.07,54.0,ORBITE 2026-27
O004508,B03751,S09,2026-06-24,Fnac Spectacles,Normal,2,27.0,2.65,54.0,ORBITE 2026-27
O004509,B03752,S09,2026-06-24,Dice,Prévente,1,23.76,2.81,23.76,ORBITE 2026-27
O004510,B03753,S09,2026-06-24,Ticketmaster,Normal,1,27.0,3.01,27.0,ORBITE 2026-27
O004511,B03754,S09,2026-06-24,Fnac Spectacles,Prévente,2,23.76,3.14,47.52,ORBITE 2026-27
O004512,B00232,S09,2026-06-24,Dice,Normal,2,27.0,2.76,54.0,ORBITE 2026-27
O004513,B03755,S09,2026-06-24,Shotgun,Carré or,2,39.15,2.41,78.3,ORBITE 2026-27
O004514,B03756,S09,2026-06-24,Dice,Normal,2,27.0,3.26,54.0,ORBITE 2026-27
O004515,B03757,S09,2026-06-24,Fnac Spectacles,Normal,2,27.0,3.24,54.0,ORBITE 2026-27
O004516,B03758,S09,2026-06-24,Fnac Spectacles,Normal,2,27.0,3.37,54.0,ORBITE 2026-27
O004517,B03759,S09,2026-06-24,Ticketmaster,Normal,1,27.0,3.05,27.0,ORBITE 2026-27
O004518,B03760,S09,2026-06-24,Site officiel,Normal,2,27.0,0.0,54.0,ORBITE 2026-27
O004519,B00486,S09,2026-06-24,Ticketmaster,Normal,2,27.0,2.1,54.0,ORBITE 2026-27
O004520,B03761,S09,2026-06-24,Dice,Normal,2,27.0,3.09,54.0,ORBITE 2026-27
O004521,B03762,S09,2026-06-24,Shotgun,Prévente,2,23.76,2.88,47.52,ORBITE 2026-27
O004522,B03763,S09,2026-06-24,Fnac Spectacles,Normal,2,27.0,3.25,54.0,ORBITE 2026-27
O004523,B03764,S09,2026-06-24,Fnac Spectacles,Normal,2,27.0,2.6,54.0,ORBITE 2026-27
O004524,B03765,S09,2026-06-24,Ticketmaster,Normal,2,27.0,3.23,54.0,ORBITE 2026-27
O004525,B03766,S09,2026-06-25,Fnac Spectacles,Prévente,2,23.76,3.35,47.52,ORBITE 2026-27
O004526,B03767,S09,2026-06-25,Fnac Spectacles,Normal,1,27.0,2.1,27.0,ORBITE 2026-27
O004527,B03768,S09,2026-06-25,Site officiel,Normal,1,27.0,0.0,27.0,ORBITE 2026-27
O004528,B03769,S09,2026-06-25,Shotgun,Prévente,2,23.76,1.96,47.52,ORBITE 2026-27
O004529,B03770,S09,2026-06-25,Site officiel,Normal,2,27.0,0.0,54.0,ORBITE 2026-27
O004530,B03771,S09,2026-06-25,Dice,Normal,1,27.0,2.91,27.0,ORBITE 2026-27
O004531,B03772,S09,2026-06-25,Site officiel,Normal,2,27.0,0.0,54.0,ORBITE 2026-27
O004532,B03773,S09,2026-06-25,Site officiel,Carré or,2,39.15,0.0,78.3,ORBITE 2026-27
O004533,B00239,S09,2026-06-25,Ticketmaster,Normal,2,27.0,2.16,54.0,ORBITE 2026-27
O004534,B03774,S09,2026-06-25,Fnac Spectacles,Prévente,2,23.76,2.69,47.52,ORBITE 2026-27
O004535,B03775,S09,2026-06-25,Ticketmaster,Normal,2,27.0,2.98,54.0,ORBITE 2026-27
O004536,B03776,S09,2026-06-25,Fnac Spectacles,Normal,3,27.0,2.57,81.0,ORBITE 2026-27
O004537,B03777,S09,2026-06-25,Dice,Prévente,2,23.76,2.61,47.52,ORBITE 2026-27
O004538,B02309,S09,2026-06-25,Ticketmaster,Normal,1,27.0,2.21,27.0,ORBITE 2026-27
O004539,B03778,S09,2026-06-25,Ticketmaster,Normal,2,27.0,2.78,54.0,ORBITE 2026-27
O004540,B03779,S09,2026-06-25,Fnac Spectacles,Normal,1,27.0,3.36,27.0,ORBITE 2026-27
O004541,B03780,S09,2026-06-25,Fnac Spectacles,Normal,1,27.0,2.75,27.0,ORBITE 2026-27
O004542,B03781,S09,2026-06-25,Site officiel,Normal,2,27.0,0.0,54.0,ORBITE 2026-27
O004543,B03782,S09,2026-06-25,Ticketmaster,Prévente,2,23.76,3.37,47.52,ORBITE 2026-27
O004544,B00001,S09,2026-06-25,Dice,Carré or,2,39.15,3.37,78.3,ORBITE 2026-27
O004545,B03783,S09,2026-06-25,Shotgun,Normal,2,27.0,3.03,54.0,ORBITE 2026-27
O004546,B03784,S09,2026-06-25,Fnac Spectacles,Normal,2,27.0,3.15,54.0,ORBITE 2026-27
O004547,B03785,S09,2026-06-25,Ticketmaster,Normal,2,27.0,3.1,54.0,ORBITE 2026-27
O004548,B03424,S09,2026-06-25,Ticketmaster,Prévente,2,23.76,2.35,47.52,ORBITE 2026-27
O004549,B02540,S09,2026-06-25,Shotgun,Normal,1,27.0,2.43,27.0,ORBITE 2026-27
O004550,B03786,S09,2026-06-25,Site officiel,Normal,2,27.0,0.0,54.0,ORBITE 2026-27
O004551,B03787,S09,2026-06-25,Fnac Spectacles,Prévente,2,23.76,2.81,47.52,ORBITE 2026-27
O004552,B03788,S09,2026-06-26,Fnac Spectacles,Normal,1,27.0,2.66,27.0,ORBITE 2026-27
O004553,B00752,S09,2026-06-26,Fnac Spectacles,Normal,2,27.0,2.09,54.0,ORBITE 2026-27
O004554,B03789,S09,2026-06-26,Shotgun,Normal,2,27.0,2.27,54.0,ORBITE 2026-27
O004555,B00100,S09,2026-06-26,Fnac Spectacles,Normal,1,27.0,2.81,27.0,ORBITE 2026-27
O004556,B03790,S09,2026-06-26,Dice,Prévente,2,23.76,2.09,47.52,ORBITE 2026-27
O004557,B00587,S09,2026-06-26,Site officiel,Normal,2,27.0,0.0,54.0,ORBITE 2026-27
O004558,B03791,S09,2026-06-26,Ticketmaster,Normal,2,27.0,3.29,54.0,ORBITE 2026-27
O004559,B00377,S09,2026-06-26,Fnac Spectacles,Normal,2,27.0,2.94,54.0,ORBITE 2026-27
O004560,B03792,S09,2026-06-26,Fnac Spectacles,Normal,2,27.0,3.34,54.0,ORBITE 2026-27
O004561,B03793,S09,2026-06-26,Dice,Normal,2,27.0,2.82,54.0,ORBITE 2026-27
O004562,B03413,S09,2026-06-26,Shotgun,Normal,2,27.0,2.37,54.0,ORBITE 2026-27
O004563,B03794,S09,2026-06-26,Dice,Prévente,2,23.76,2.56,47.52,ORBITE 2026-27
O004564,B03795,S09,2026-06-26,Fnac Spectacles,Normal,3,27.0,2.97,81.0,ORBITE 2026-27
O004565,B03796,S09,2026-06-26,Fnac Spectacles,Normal,1,27.0,2.18,27.0,ORBITE 2026-27
O004566,B03220,S09,2026-06-26,Site officiel,Carré or,2,39.15,0.0,78.3,ORBITE 2026-27
O004567,B03797,S09,2026-06-26,Site officiel,Normal,3,27.0,0.0,81.0,ORBITE 2026-27
O004568,B03798,S09,2026-06-26,Shotgun,Normal,1,27.0,2.07,27.0,ORBITE 2026-27
O004569,B03799,S09,2026-06-26,Fnac Spectacles,Normal,2,27.0,3.37,54.0,ORBITE 2026-27
O004570,B03800,S09,2026-06-26,Dice,Normal,2,27.0,2.6,54.0,ORBITE 2026-27
O004571,B03801,S09,2026-06-26,Fnac Spectacles,Normal,1,27.0,1.92,27.0,ORBITE 2026-27
O004572,B00121,S09,2026-06-26,Ticketmaster,Normal,2,27.0,1.91,54.0,ORBITE 2026-27
O004573,B03802,S09,2026-06-26,Fnac Spectacles,Prévente,1,23.76,2.06,23.76,ORBITE 2026-27
O004574,B01814,S09,2026-06-27,Ticketmaster,Normal,2,27.0,2.36,54.0,ORBITE 2026-27
O004575,B00059,S09,2026-06-27,Fnac Spectacles,Normal,3,27.0,2.39,81.0,ORBITE 2026-27
O004576,B03803,S09,2026-06-27,Fnac Spectacles,Normal,2,27.0,2.14,54.0,ORBITE 2026-27
O004577,B03804,S09,2026-06-27,Fnac Spectacles,Prévente,2,23.76,2.15,47.52,ORBITE 2026-27
O004578,B03805,S09,2026-06-27,Fnac Spectacles,Normal,2,27.0,2.21,54.0,ORBITE 2026-27
O004579,B00482,S09,2026-06-27,Site officiel,Normal,2,27.0,0.0,54.0,ORBITE 2026-27
O004580,B00542,S09,2026-06-27,Fnac Spectacles,Normal,2,27.0,1.95,54.0,ORBITE 2026-27
O004581,B03806,S09,2026-06-27,Site officiel,Normal,1,27.0,0.0,27.0,ORBITE 2026-27
O004582,B01696,S09,2026-06-27,Fnac Spectacles,Normal,2,27.0,2.86,54.0,ORBITE 2026-27
O004583,B03807,S09,2026-06-27,Shotgun,Prévente,2,23.76,2.14,47.52,ORBITE 2026-27
O004584,B03808,S09,2026-06-27,Site officiel,Normal,1,27.0,0.0,27.0,ORBITE 2026-27
O004585,B03809,S09,2026-06-27,Fnac Spectacles,Carré or,4,39.15,2.02,156.6,ORBITE 2026-27
O004586,B03810,S09,2026-06-27,Site officiel,Normal,2,27.0,0.0,54.0,ORBITE 2026-27
O004587,B01937,S09,2026-06-28,Dice,Normal,1,27.0,3.27,27.0,ORBITE 2026-27
O004588,B03811,S09,2026-06-28,Site officiel,Normal,1,27.0,0.0,27.0,ORBITE 2026-27
O004589,B03812,S09,2026-06-28,Ticketmaster,Prévente,1,23.76,2.89,23.76,ORBITE 2026-27
O004590,B03813,S09,2026-06-28,Fnac Spectacles,Prévente,3,23.76,2.09,71.28,ORBITE 2026-27
O004591,B03814,S09,2026-06-28,Fnac Spectacles,Normal,2,27.0,3.4,54.0,ORBITE 2026-27
O004592,B03815,S09,2026-06-28,Fnac Spectacles,Carré or,2,39.15,1.92,78.3,ORBITE 2026-27
O004593,B03816,S09,2026-06-28,Shotgun,Normal,2,27.0,1.92,54.0,ORBITE 2026-27
O004594,B03817,S09,2026-06-28,Ticketmaster,Normal,2,27.0,2.41,54.0,ORBITE 2026-27
O004595,B03818,S09,2026-06-28,Ticketmaster,Prévente,1,23.76,2.62,23.76,ORBITE 2026-27
O004596,B03819,S09,2026-06-28,Fnac Spectacles,Normal,2,27.0,2.58,54.0,ORBITE 2026-27
O004597,B01587,S09,2026-06-28,Fnac Spectacles,Normal,2,27.0,3.16,54.0,ORBITE 2026-27
O004598,B03820,S09,2026-06-28,Shotgun,Prévente,2,23.76,2.8,47.52,ORBITE 2026-27
O004599,B03821,S09,2026-06-28,Fnac Spectacles,Normal,1,27.0,2.9,27.0,ORBITE 2026-27
O004600,B03822,S09,2026-06-28,Fnac Spectacles,Normal,1,27.0,2.68,27.0,ORBITE 2026-27
O004601,B03823,S09,2026-06-29,Site officiel,Normal,1,27.0,0.0,27.0,ORBITE 2026-27
O004602,B03824,S09,2026-06-29,Fnac Spectacles,Normal,2,27.0,2.65,54.0,ORBITE 2026-27
O004603,B03825,S09,2026-06-29,Fnac Spectacles,Prévente,1,23.76,2.91,23.76,ORBITE 2026-27
O004604,B03826,S09,2026-06-29,Ticketmaster,Carré or,2,39.15,2.02,78.3,ORBITE 2026-27
O004605,B03827,S09,2026-06-29,Fnac Spectacles,Normal,2,27.0,2.61,54.0,ORBITE 2026-27
O004606,B03828,S09,2026-06-29,Dice,Normal,1,27.0,3.26,27.0,ORBITE 2026-27
O004607,B03829,S09,2026-06-29,Ticketmaster,Normal,2,27.0,2.76,54.0,ORBITE 2026-27
O004608,B00208,S09,2026-06-29,Fnac Spectacles,Carré or,2,39.15,3.08,78.3,ORBITE 2026-27
O004609,B03830,S09,2026-06-29,Shotgun,Normal,2,27.0,3.02,54.0,ORBITE 2026-27
O004610,B03831,S09,2026-06-29,Site officiel,Prévente,1,23.76,0.0,23.76,ORBITE 2026-27
O004611,B03832,S09,2026-06-29,Ticketmaster,Normal,2,27.0,2.05,54.0,ORBITE 2026-27
O004612,B03833,S09,2026-06-29,Site officiel,Normal,1,27.0,0.0,27.0,ORBITE 2026-27
O004613,B03834,S09,2026-06-29,Fnac Spectacles,Normal,2,27.0,3.14,54.0,ORBITE 2026-27
O004614,B03835,S09,2026-06-29,Fnac Spectacles,Normal,2,27.0,3.1,54.0,ORBITE 2026-27
O004615,B03836,S09,2026-06-29,Dice,Normal,1,27.0,2.61,27.0,ORBITE 2026-27
O004616,B03837,S09,2026-06-30,Fnac Spectacles,Normal,2,27.0,2.1,54.0,ORBITE 2026-27
O004617,B03838,S09,2026-06-30,Fnac Spectacles,Normal,2,27.0,2.05,54.0,ORBITE 2026-27
O004618,B03839,S09,2026-06-30,Dice,Normal,2,27.0,2.9,54.0,ORBITE 2026-27
O004619,B03840,S09,2026-06-30,Fnac Spectacles,Normal,2,27.0,2.92,54.0,ORBITE 2026-27
O004620,B03841,S09,2026-07-01,Ticketmaster,Carré or,2,39.15,2.68,78.3,ORBITE 2026-27
O004621,B03842,S09,2026-07-01,Dice,Normal,2,27.0,2.93,54.0,ORBITE 2026-27
O004622,B03843,S09,2026-07-01,Site officiel,Normal,1,27.0,0.0,27.0,ORBITE 2026-27
O004623,B03844,S09,2026-07-01,Ticketmaster,Normal,2,27.0,3.29,54.0,ORBITE 2026-27
O004624,B03845,S09,2026-07-01,Ticketmaster,Normal,3,27.0,2.89,81.0,ORBITE 2026-27
O004625,B03846,S09,2026-07-01,Shotgun,Normal,2,27.0,2.64,54.0,ORBITE 2026-27
O004626,B03847,S09,2026-07-01,Fnac Spectacles,Normal,2,27.0,2.35,54.0,ORBITE 2026-27
O004627,B03848,S09,2026-07-01,Fnac Spectacles,Normal,2,27.0,2.46,54.0,ORBITE 2026-27
O004628,B03849,S09,2026-07-01,Fnac Spectacles,Carré or,2,39.15,2.88,78.3,ORBITE 2026-27
O004629,B03850,S09,2026-07-02,Site officiel,Normal,2,27.0,0.0,54.0,ORBITE 2026-27
O004630,B03851,S09,2026-07-02,Fnac Spectacles,Normal,2,27.0,2.53,54.0,ORBITE 2026-27
O004631,B03852,S09,2026-07-02,Fnac Spectacles,Normal,1,27.0,2.53,27.0,ORBITE 2026-27
O004632,B03853,S09,2026-07-02,Site officiel,Carré or,2,39.15,0.0,78.3,ORBITE 2026-27
O004633,B03854,S09,2026-07-02,Fnac Spectacles,Normal,2,27.0,3.03,54.0,ORBITE 2026-27
O004634,B02657,S09,2026-07-02,Dice,Normal,2,27.0,3.23,54.0,ORBITE 2026-27
O004635,B03855,S09,2026-07-02,Dice,Normal,2,27.0,2.72,54.0,ORBITE 2026-27
O004636,B03856,S09,2026-07-02,Site officiel,Normal,2,27.0,0.0,54.0,ORBITE 2026-27
O004637,B03857,S09,2026-07-02,Dice,Normal,2,27.0,2.38,54.0,ORBITE 2026-27
O004638,B03858,S09,2026-07-03,Dice,Normal,2,27.0,3.33,54.0,ORBITE 2026-27
O004639,B03859,S09,2026-07-03,Site officiel,Carré or,1,39.15,0.0,39.15,ORBITE 2026-27
O004640,B03860,S09,2026-07-03,Dice,Normal,1,27.0,2.84,27.0,ORBITE 2026-27
O004641,B03111,S09,2026-07-03,Fnac Spectacles,Normal,2,27.0,3.01,54.0,ORBITE 2026-27
O004642,B03861,S09,2026-07-03,Fnac Spectacles,Normal,2,27.0,3.28,54.0,ORBITE 2026-27
O004643,B03862,S09,2026-07-04,Dice,Normal,1,27.0,2.5,27.0,ORBITE 2026-27
O004644,B03863,S09,2026-07-04,Fnac Spectacles,Normal,4,27.0,2.63,108.0,ORBITE 2026-27
O004645,B03864,S09,2026-07-04,Ticketmaster,Normal,2,27.0,3.38,54.0,ORBITE 2026-27
O004646,B03865,S09,2026-07-04,Dice,Normal,2,27.0,3.36,54.0,ORBITE 2026-27
O004647,B03866,S09,2026-07-04,Shotgun,Normal,2,27.0,3.15,54.0,ORBITE 2026-27
O004648,B03867,S09,2026-07-04,Site officiel,Normal,2,27.0,0.0,54.0,ORBITE 2026-27
O004649,B03868,S09,2026-07-05,Fnac Spectacles,Normal,2,27.0,3.29,54.0,ORBITE 2026-27
O004650,B03869,S09,2026-07-05,Ticketmaster,Normal,1,27.0,2.4,27.0,ORBITE 2026-27
O004651,B00393,S09,2026-07-05,Site officiel,Normal,2,27.0,0.0,54.0,ORBITE 2026-27
O004652,B03870,S09,2026-07-06,Dice,Normal,2,27.0,2.38,54.0,ORBITE 2026-27
O004653,B03871,S09,2026-07-06,Ticketmaster,Normal,2,27.0,2.5,54.0,ORBITE 2026-27
O004654,B03872,S09,2026-07-08,Fnac Spectacles,Normal,3,27.0,2.63,81.0,ORBITE 2026-27
O004655,B03873,S09,2026-07-08,Fnac Spectacles,Normal,2,27.0,3.2,54.0,ORBITE 2026-27
O004656,B03874,S09,2026-07-08,Fnac Spectacles,Normal,3,27.0,1.94,81.0,ORBITE 2026-27
O004657,B03875,S09,2026-07-08,Fnac Spectacles,Normal,2,27.0,2.2,54.0,ORBITE 2026-27
O004658,B03876,S09,2026-07-08,Shotgun,Normal,3,27.0,2.09,81.0,ORBITE 2026-27
O004659,B03877,S09,2026-07-09,Ticketmaster,Carré or,2,39.15,2.94,78.3,ORBITE 2026-27
O004660,B00486,S09,2026-07-09,Ticketmaster,Normal,1,27.0,2.24,27.0,ORBITE 2026-27
O004661,B03878,S09,2026-07-10,Site officiel,Normal,2,27.0,0.0,54.0,ORBITE 2026-27
O004662,B03879,S09,2026-07-10,Dice,Normal,2,27.0,2.22,54.0,ORBITE 2026-27
O004663,B03880,S09,2026-07-11,Site officiel,Normal,1,27.0,0.0,27.0,ORBITE 2026-27
O004664,B03881,S09,2026-07-11,Fnac Spectacles,Normal,2,27.0,3.33,54.0,ORBITE 2026-27
O004665,B03882,S09,2026-07-11,Fnac Spectacles,Normal,3,27.0,1.93,81.0,ORBITE 2026-27
O004666,B02696,S09,2026-07-12,Fnac Spectacles,Normal,2,27.0,2.25,54.0,ORBITE 2026-27
O004667,B03883,S09,2026-07-12,Site officiel,Normal,2,27.0,0.0,54.0,ORBITE 2026-27
O004668,B03884,S09,2026-07-12,Site officiel,Normal,3,27.0,0.0,81.0,ORBITE 2026-27
O004669,B03885,S09,2026-07-13,Fnac Spectacles,Normal,2,27.0,2.55,54.0,ORBITE 2026-27
O004670,B03886,S09,2026-07-13,Dice,Normal,1,27.0,2.44,27.0,ORBITE 2026-27
O004671,B03887,S09,2026-07-13,Fnac Spectacles,Normal,1,27.0,2.41,27.0,ORBITE 2026-27
O004672,B03888,S09,2026-07-13,Fnac Spectacles,Normal,2,27.0,1.99,54.0,ORBITE 2026-27
O004673,B02699,S09,2026-07-14,Ticketmaster,Normal,2,27.0,3.24,54.0,ORBITE 2026-27
O004674,B03889,S09,2026-07-14,Ticketmaster,Normal,2,27.0,2.75,54.0,ORBITE 2026-27
O004675,B03890,S09,2026-07-14,Shotgun,Normal,2,27.0,2.95,54.0,ORBITE 2026-27
O004676,B03891,S09,2026-07-15,Fnac Spectacles,Normal,2,27.0,2.39,54.0,ORBITE 2026-27
O004677,B03892,S09,2026-07-15,Fnac Spectacles,Normal,3,27.0,2.57,81.0,ORBITE 2026-27
O004678,B03893,S09,2026-07-15,Ticketmaster,Normal,2,27.0,2.7,54.0,ORBITE 2026-27
O004679,B03894,S09,2026-07-16,Fnac Spectacles,Normal,2,27.0,2.89,54.0,ORBITE 2026-27
O004680,B03895,S09,2026-07-17,Ticketmaster,Carré or,2,39.15,2.73,78.3,ORBITE 2026-27
O004681,B03896,S09,2026-07-18,Fnac Spectacles,Normal,2,27.0,2.13,54.0,ORBITE 2026-27
O004682,B03480,S09,2026-07-18,Site officiel,Normal,2,27.0,0.0,54.0,ORBITE 2026-27
O004683,B03897,S09,2026-07-19,Fnac Spectacles,Normal,1,27.0,2.14,27.0,ORBITE 2026-27
O004684,B03898,S09,2026-07-19,Fnac Spectacles,Normal,2,27.0,2.67,54.0,ORBITE 2026-27
O004685,B03899,S09,2026-07-20,Fnac Spectacles,Normal,1,27.0,2.92,27.0,ORBITE 2026-27
O004686,B03111,S09,2026-07-20,Shotgun,Carré or,1,39.15,3.0,39.15,ORBITE 2026-27
O004687,B02010,S09,2026-07-20,Ticketmaster,Carré or,4,39.15,1.94,156.6,ORBITE 2026-27
O004688,B03900,S09,2026-07-20,Fnac Spectacles,Normal,2,27.0,3.17,54.0,ORBITE 2026-27
O004689,B03901,S09,2026-07-21,Site officiel,Carré or,2,39.15,0.0,78.3,ORBITE 2026-27
O004690,B03902,S09,2026-07-21,Fnac Spectacles,Normal,1,27.0,2.51,27.0,ORBITE 2026-27
O004691,B03372,S09,2026-07-21,Dice,Normal,3,27.0,2.51,81.0,ORBITE 2026-27
O004692,B03903,S09,2026-07-21,Site officiel,Prévente,2,23.76,0.0,47.52,ORBITE 2026-27
O004693,B03904,S09,2026-07-22,Fnac Spectacles,Normal,2,27.0,3.1,54.0,ORBITE 2026-27
O004694,B03905,S09,2026-07-22,Fnac Spectacles,Carré or,2,39.15,2.63,78.3,ORBITE 2026-27
O004695,B03906,S09,2026-07-23,Site officiel,Normal,1,27.0,0.0,27.0,ORBITE 2026-27
O004696,B03907,S09,2026-07-23,Site officiel,Normal,2,27.0,0.0,54.0,ORBITE 2026-27
O004697,B03908,S09,2026-07-23,Fnac Spectacles,Normal,2,27.0,2.42,54.0,ORBITE 2026-27
O004698,B03909,S09,2026-07-24,Fnac Spectacles,Normal,2,27.0,2.97,54.0,ORBITE 2026-27
O004699,B03910,S09,2026-07-24,Ticketmaster,Normal,2,27.0,2.82,54.0,ORBITE 2026-27
O004700,B03911,S09,2026-07-25,Shotgun,Normal,1,27.0,2.27,27.0,ORBITE 2026-27
O004701,B03912,S09,2026-07-25,Dice,Normal,1,27.0,3.38,27.0,ORBITE 2026-27
O004702,B03913,S09,2026-07-25,Site officiel,Carré or,1,39.15,0.0,39.15,ORBITE 2026-27
O004703,B03914,S09,2026-07-25,Fnac Spectacles,Normal,3,27.0,3.1,81.0,ORBITE 2026-27
O004704,B03915,S09,2026-07-25,Site officiel,Normal,1,27.0,0.0,27.0,ORBITE 2026-27
O004705,B03916,S09,2026-07-26,Dice,Normal,2,27.0,2.9,54.0,ORBITE 2026-27
O004706,B03917,S09,2026-07-26,Shotgun,Carré or,2,39.15,2.92,78.3,ORBITE 2026-27
O004707,B02198,S09,2026-07-26,Fnac Spectacles,Normal,2,27.0,3.15,54.0,ORBITE 2026-27
O004708,B03918,S09,2026-07-26,Site officiel,Normal,1,27.0,0.0,27.0,ORBITE 2026-27
O004709,B03919,S09,2026-07-26,Site officiel,Normal,2,27.0,0.0,54.0,ORBITE 2026-27
O004710,B03920,S09,2026-07-26,Site officiel,Normal,1,27.0,0.0,27.0,ORBITE 2026-27
O004711,B03921,S09,2026-07-26,Ticketmaster,Normal,1,27.0,2.92,27.0,ORBITE 2026-27
O004712,B03922,S09,2026-07-27,Fnac Spectacles,Normal,2,27.0,2.9,54.0,ORBITE 2026-27
O004713,B03923,S09,2026-07-28,Fnac Spectacles,Normal,2,27.0,2.44,54.0,ORBITE 2026-27
O004714,B03924,S09,2026-07-28,Ticketmaster,Normal,2,27.0,1.97,54.0,ORBITE 2026-27
O004715,B03925,S09,2026-07-28,Dice,Normal,1,27.0,3.02,27.0,ORBITE 2026-27
O004716,B03926,S09,2026-07-28,Shotgun,Normal,2,27.0,2.96,54.0,ORBITE 2026-27
O004717,B03927,S09,2026-07-29,Fnac Spectacles,Normal,2,27.0,2.77,54.0,ORBITE 2026-27
O004718,B03928,S09,2026-07-29,Ticketmaster,Normal,2,27.0,3.02,54.0,ORBITE 2026-27
O004719,B03929,S09,2026-07-29,Fnac Spectacles,Normal,1,27.0,2.41,27.0,ORBITE 2026-27
O004720,B00880,S09,2026-07-29,Fnac Spectacles,Normal,1,27.0,2.88,27.0,ORBITE 2026-27
O004721,B03930,S09,2026-07-29,Dice,Normal,2,27.0,1.98,54.0,ORBITE 2026-27
O004722,B03931,S09,2026-07-30,Dice,Normal,2,27.0,2.5,54.0,ORBITE 2026-27
O004723,B03932,S09,2026-07-30,Site officiel,Normal,2,27.0,0.0,54.0,ORBITE 2026-27
O004724,B03933,S09,2026-07-31,Ticketmaster,Normal,2,27.0,2.9,54.0,ORBITE 2026-27
O004725,B03934,S09,2026-08-01,Fnac Spectacles,Normal,1,27.0,2.55,27.0,ORBITE 2026-27
O004726,B03935,S09,2026-08-01,Fnac Spectacles,Normal,2,27.0,3.26,54.0,ORBITE 2026-27
O004727,B03936,S09,2026-08-02,Site officiel,Normal,2,27.0,0.0,54.0,ORBITE 2026-27
O004728,B03937,S09,2026-08-02,Fnac Spectacles,Normal,1,27.0,2.42,27.0,ORBITE 2026-27
O004729,B03938,S09,2026-08-02,Dice,Normal,2,27.0,2.13,54.0,ORBITE 2026-27
O004730,B03939,S09,2026-08-03,Fnac Spectacles,Normal,2,27.0,2.38,54.0,ORBITE 2026-27
O004731,B03940,S09,2026-08-03,Ticketmaster,Normal,2,27.0,2.76,54.0,ORBITE 2026-27
O004732,B03941,S09,2026-08-03,Fnac Spectacles,Normal,4,27.0,3.27,108.0,ORBITE 2026-27
O004733,B03942,S09,2026-08-03,Fnac Spectacles,Normal,2,27.0,2.66,54.0,ORBITE 2026-27
O004734,B03943,S09,2026-08-04,Fnac Spectacles,Normal,2,27.0,2.61,54.0,ORBITE 2026-27
O004735,B03944,S09,2026-08-04,Dice,Prévente,2,23.76,2.32,47.52,ORBITE 2026-27
O004736,B03945,S09,2026-08-04,Fnac Spectacles,Normal,2,27.0,2.67,54.0,ORBITE 2026-27
O004737,B03946,S10,2026-06-23,Fnac Spectacles,Normal,2,26.0,3.21,52.0,ORBITE 2026-27
O004738,B01228,S10,2026-06-23,Fnac Spectacles,Normal,2,26.0,2.33,52.0,ORBITE 2026-27
O004739,B00448,S10,2026-06-23,Ticketmaster,Normal,2,26.0,3.3,52.0,ORBITE 2026-27
O004740,B03947,S10,2026-06-23,Ticketmaster,Normal,1,26.0,3.04,26.0,ORBITE 2026-27
O004741,B03948,S10,2026-06-23,Ticketmaster,Normal,2,26.0,2.96,52.0,ORBITE 2026-27
O004742,B01320,S10,2026-06-23,Fnac Spectacles,Prévente,2,22.88,2.59,45.76,ORBITE 2026-27
O004743,B03949,S10,2026-06-23,Dice,Normal,3,26.0,2.31,78.0,ORBITE 2026-27
O004744,B01704,S10,2026-06-23,Site officiel,Normal,1,26.0,0.0,26.0,ORBITE 2026-27
O004745,B03950,S10,2026-06-23,Ticketmaster,Normal,3,26.0,2.58,78.0,ORBITE 2026-27
O004746,B03951,S10,2026-06-23,Ticketmaster,Prévente,2,22.88,2.37,45.76,ORBITE 2026-27
O004747,B03952,S10,2026-06-23,Dice,Normal,2,26.0,2.87,52.0,ORBITE 2026-27
O004748,B03953,S10,2026-06-23,Fnac Spectacles,Prévente,2,22.88,2.49,45.76,ORBITE 2026-27
O004749,B03954,S10,2026-06-23,Site officiel,Normal,2,26.0,0.0,52.0,ORBITE 2026-27
O004750,B03955,S10,2026-06-23,Ticketmaster,Normal,3,26.0,2.53,78.0,ORBITE 2026-27
O004751,B03956,S10,2026-06-23,Site officiel,Normal,2,26.0,0.0,52.0,ORBITE 2026-27
O004752,B03957,S10,2026-06-23,Site officiel,Normal,2,26.0,0.0,52.0,ORBITE 2026-27
O004753,B00235,S10,2026-06-23,Ticketmaster,Prévente,3,22.88,3.25,68.64,ORBITE 2026-27
O004754,B03958,S10,2026-06-23,Ticketmaster,Prévente,2,22.88,2.68,45.76,ORBITE 2026-27
O004755,B03959,S10,2026-06-23,Site officiel,Prévente,1,22.88,0.0,22.88,ORBITE 2026-27
O004756,B03960,S10,2026-06-23,Site officiel,Prévente,2,22.88,0.0,45.76,ORBITE 2026-27
O004757,B00132,S10,2026-06-23,Ticketmaster,Prévente,2,22.88,3.25,45.76,ORBITE 2026-27
O004758,B03961,S10,2026-06-23,Ticketmaster,Normal,3,26.0,3.18,78.0,ORBITE 2026-27
O004759,B03962,S10,2026-06-23,Fnac Spectacles,Normal,1,26.0,2.12,26.0,ORBITE 2026-27
O004760,B00519,S10,2026-06-23,Dice,Normal,1,26.0,3.17,26.0,ORBITE 2026-27
O004761,B00658,S10,2026-06-23,Dice,Normal,2,26.0,2.61,52.0,ORBITE 2026-27
O004762,B00605,S10,2026-06-23,Site officiel,Normal,3,26.0,0.0,78.0,ORBITE 2026-27
O004763,B03963,S10,2026-06-23,Site officiel,Prévente,1,22.88,0.0,22.88,ORBITE 2026-27
O004764,B03241,S10,2026-06-23,Site officiel,Normal,2,26.0,0.0,52.0,ORBITE 2026-27
O004765,B03964,S10,2026-06-23,Site officiel,Normal,1,26.0,0.0,26.0,ORBITE 2026-27
O004766,B03965,S10,2026-06-23,Ticketmaster,Normal,2,26.0,2.1,52.0,ORBITE 2026-27
O004767,B00799,S10,2026-06-23,Site officiel,Prévente,1,22.88,0.0,22.88,ORBITE 2026-27
O004768,B03966,S10,2026-06-24,Shotgun,Prévente,1,22.88,2.95,22.88,ORBITE 2026-27
O004769,B03967,S10,2026-06-24,Ticketmaster,Normal,1,26.0,2.77,26.0,ORBITE 2026-27
O004770,B03968,S10,2026-06-24,Fnac Spectacles,Prévente,2,22.88,1.91,45.76,ORBITE 2026-27
O004771,B03969,S10,2026-06-24,Site officiel,Normal,2,26.0,0.0,52.0,ORBITE 2026-27
O004772,B03970,S10,2026-06-24,Fnac Spectacles,Normal,2,26.0,2.72,52.0,ORBITE 2026-27
O004773,B03971,S10,2026-06-24,Ticketmaster,Carré or,1,37.7,2.7,37.7,ORBITE 2026-27
O004774,B03972,S10,2026-06-24,Ticketmaster,Normal,3,26.0,2.2,78.0,ORBITE 2026-27
O004775,B03973,S10,2026-06-24,Fnac Spectacles,Normal,2,26.0,3.01,52.0,ORBITE 2026-27
O004776,B03974,S10,2026-06-24,Ticketmaster,Normal,1,26.0,1.95,26.0,ORBITE 2026-27
O004777,B03975,S10,2026-06-24,Shotgun,Carré or,2,37.7,2.82,75.4,ORBITE 2026-27
O004778,B01755,S10,2026-06-24,Site officiel,Normal,2,26.0,0.0,52.0,ORBITE 2026-27
O004779,B03976,S10,2026-06-24,Fnac Spectacles,Normal,2,26.0,3.24,52.0,ORBITE 2026-27
O004780,B03977,S10,2026-06-24,Site officiel,Carré or,2,37.7,0.0,75.4,ORBITE 2026-27
O004781,B03978,S10,2026-06-24,Fnac Spectacles,Carré or,3,37.7,3.36,113.1,ORBITE 2026-27
O004782,B03979,S10,2026-06-24,Fnac Spectacles,Normal,1,26.0,2.74,26.0,ORBITE 2026-27
O004783,B03980,S10,2026-06-25,Fnac Spectacles,Normal,1,26.0,2.78,26.0,ORBITE 2026-27
O004784,B00495,S10,2026-06-25,Site officiel,Normal,3,26.0,0.0,78.0,ORBITE 2026-27
O004785,B00284,S10,2026-06-25,Site officiel,Carré or,4,37.7,0.0,150.8,ORBITE 2026-27
O004786,B03981,S10,2026-06-25,Site officiel,Normal,2,26.0,0.0,52.0,ORBITE 2026-27
O004787,B03982,S10,2026-06-25,Site officiel,Normal,2,26.0,0.0,52.0,ORBITE 2026-27
O004788,B03983,S10,2026-06-25,Site officiel,Normal,2,26.0,0.0,52.0,ORBITE 2026-27
O004789,B00282,S10,2026-06-25,Shotgun,Normal,2,26.0,2.05,52.0,ORBITE 2026-27
O004790,B03984,S10,2026-06-25,Fnac Spectacles,Normal,2,26.0,3.19,52.0,ORBITE 2026-27
O004791,B03985,S10,2026-06-25,Site officiel,Normal,2,26.0,0.0,52.0,ORBITE 2026-27
O004792,B02330,S10,2026-06-25,Fnac Spectacles,Normal,2,26.0,2.36,52.0,ORBITE 2026-27
O004793,B03986,S10,2026-06-25,Ticketmaster,Normal,2,26.0,3.22,52.0,ORBITE 2026-27
O004794,B03987,S10,2026-06-26,Shotgun,Carré or,1,37.7,2.64,37.7,ORBITE 2026-27
O004795,B03988,S10,2026-06-26,Fnac Spectacles,Prévente,2,22.88,2.48,45.76,ORBITE 2026-27
O004796,B03787,S10,2026-06-26,Site officiel,Normal,2,26.0,0.0,52.0,ORBITE 2026-27
O004797,B03989,S10,2026-06-26,Site officiel,Normal,2,26.0,0.0,52.0,ORBITE 2026-27
O004798,B00449,S10,2026-06-26,Site officiel,Normal,2,26.0,0.0,52.0,ORBITE 2026-27
O004799,B03990,S10,2026-06-26,Site officiel,Normal,2,26.0,0.0,52.0,ORBITE 2026-27
O004800,B00276,S10,2026-06-26,Dice,Normal,2,26.0,2.77,52.0,ORBITE 2026-27
O004801,B03991,S10,2026-06-26,Dice,Normal,1,26.0,3.35,26.0,ORBITE 2026-27
O004802,B03992,S10,2026-06-26,Site officiel,Normal,2,26.0,0.0,52.0,ORBITE 2026-27
O004803,B03993,S10,2026-06-26,Fnac Spectacles,Normal,1,26.0,2.71,26.0,ORBITE 2026-27
O004804,B03994,S10,2026-06-26,Site officiel,Normal,2,26.0,0.0,52.0,ORBITE 2026-27
O004805,B03995,S10,2026-06-26,Shotgun,Normal,2,26.0,2.76,52.0,ORBITE 2026-27
O004806,B03996,S10,2026-06-26,Dice,Normal,2,26.0,3.04,52.0,ORBITE 2026-27
O004807,B03997,S10,2026-06-26,Ticketmaster,Normal,2,26.0,2.93,52.0,ORBITE 2026-27
O004808,B03998,S10,2026-06-26,Dice,Normal,2,26.0,2.96,52.0,ORBITE 2026-27
O004809,B03999,S10,2026-06-26,Fnac Spectacles,Normal,2,26.0,3.4,52.0,ORBITE 2026-27
O004810,B04000,S10,2026-06-26,Ticketmaster,Normal,1,26.0,2.62,26.0,ORBITE 2026-27
O004811,B04001,S10,2026-06-27,Site officiel,Normal,2,26.0,0.0,52.0,ORBITE 2026-27
O004812,B04002,S10,2026-06-27,Site officiel,Normal,2,26.0,0.0,52.0,ORBITE 2026-27
O004813,B04003,S10,2026-06-27,Shotgun,Normal,2,26.0,3.21,52.0,ORBITE 2026-27
O004814,B04004,S10,2026-06-27,Shotgun,Normal,2,26.0,2.92,52.0,ORBITE 2026-27
O004815,B04005,S10,2026-06-28,Dice,Prévente,1,22.88,2.9,22.88,ORBITE 2026-27
O004816,B04006,S10,2026-06-28,Ticketmaster,Carré or,2,37.7,2.5,75.4,ORBITE 2026-27
O004817,B04007,S10,2026-06-28,Fnac Spectacles,Normal,2,26.0,3.24,52.0,ORBITE 2026-27
O004818,B04008,S10,2026-06-28,Dice,Normal,2,26.0,2.88,52.0,ORBITE 2026-27
O004819,B00153,S10,2026-06-28,Dice,Normal,2,26.0,2.81,52.0,ORBITE 2026-27
O004820,B04009,S10,2026-06-28,Fnac Spectacles,Normal,2,26.0,3.09,52.0,ORBITE 2026-27
O004821,B03223,S10,2026-06-28,Fnac Spectacles,Normal,1,26.0,1.92,26.0,ORBITE 2026-27
O004822,B04010,S10,2026-06-28,Ticketmaster,Normal,2,26.0,2.59,52.0,ORBITE 2026-27
O004823,B04011,S10,2026-06-28,Fnac Spectacles,Prévente,2,22.88,2.35,45.76,ORBITE 2026-27
O004824,B04012,S10,2026-06-28,Site officiel,Normal,2,26.0,0.0,52.0,ORBITE 2026-27
O004825,B04013,S10,2026-06-29,Ticketmaster,Normal,2,26.0,2.07,52.0,ORBITE 2026-27
O004826,B04014,S10,2026-06-29,Dice,Normal,1,26.0,3.34,26.0,ORBITE 2026-27
O004827,B04015,S10,2026-06-29,Ticketmaster,Normal,2,26.0,1.96,52.0,ORBITE 2026-27
O004828,B04016,S10,2026-06-29,Fnac Spectacles,Normal,2,26.0,2.96,52.0,ORBITE 2026-27
O004829,B04017,S10,2026-06-29,Fnac Spectacles,Normal,2,26.0,3.26,52.0,ORBITE 2026-27
O004830,B04018,S10,2026-06-30,Dice,Normal,1,26.0,2.59,26.0,ORBITE 2026-27
O004831,B04019,S10,2026-06-30,Fnac Spectacles,Normal,1,26.0,1.94,26.0,ORBITE 2026-27
O004832,B04020,S10,2026-06-30,Fnac Spectacles,Normal,2,26.0,2.04,52.0,ORBITE 2026-27
O004833,B04021,S10,2026-06-30,Ticketmaster,Normal,2,26.0,2.56,52.0,ORBITE 2026-27
O004834,B04022,S10,2026-06-30,Fnac Spectacles,Normal,2,26.0,3.08,52.0,ORBITE 2026-27
O004835,B04023,S10,2026-06-30,Fnac Spectacles,Normal,1,26.0,2.09,26.0,ORBITE 2026-27
O004836,B00796,S10,2026-06-30,Dice,Normal,2,26.0,2.86,52.0,ORBITE 2026-27
O004837,B04024,S10,2026-07-01,Site officiel,Normal,2,26.0,0.0,52.0,ORBITE 2026-27
O004838,B04025,S10,2026-07-01,Ticketmaster,Normal,1,26.0,2.59,26.0,ORBITE 2026-27
O004839,B04026,S10,2026-07-01,Shotgun,Normal,1,26.0,2.93,26.0,ORBITE 2026-27
O004840,B04027,S10,2026-07-01,Ticketmaster,Normal,1,26.0,3.29,26.0,ORBITE 2026-27
O004841,B04028,S10,2026-07-01,Fnac Spectacles,Normal,2,26.0,2.23,52.0,ORBITE 2026-27
O004842,B04029,S10,2026-07-02,Dice,Normal,2,26.0,2.13,52.0,ORBITE 2026-27
O004843,B04030,S10,2026-07-02,Ticketmaster,Normal,2,26.0,3.29,52.0,ORBITE 2026-27
O004844,B03420,S10,2026-07-02,Dice,Normal,1,26.0,2.07,26.0,ORBITE 2026-27
O004845,B04031,S10,2026-07-02,Shotgun,Normal,4,26.0,2.43,104.0,ORBITE 2026-27
O004846,B04032,S10,2026-07-02,Site officiel,Normal,2,26.0,0.0,52.0,ORBITE 2026-27
O004847,B04033,S10,2026-07-03,Site officiel,Normal,1,26.0,0.0,26.0,ORBITE 2026-27
O004848,B04034,S10,2026-07-04,Fnac Spectacles,Normal,1,26.0,3.38,26.0,ORBITE 2026-27
O004849,B04035,S10,2026-07-04,Site officiel,Normal,2,26.0,0.0,52.0,ORBITE 2026-27
O004850,B04036,S10,2026-07-04,Fnac Spectacles,Normal,2,26.0,1.93,52.0,ORBITE 2026-27
O004851,B04037,S10,2026-07-05,Site officiel,Normal,2,26.0,0.0,52.0,ORBITE 2026-27
O004852,B04038,S10,2026-07-05,Dice,Normal,2,26.0,2.4,52.0,ORBITE 2026-27
O004853,B04039,S10,2026-07-05,Ticketmaster,Normal,1,26.0,2.3,26.0,ORBITE 2026-27
O004854,B01889,S10,2026-07-06,Site officiel,Normal,2,26.0,0.0,52.0,ORBITE 2026-27
O004855,B04040,S10,2026-07-06,Ticketmaster,Normal,1,26.0,1.96,26.0,ORBITE 2026-27
O004856,B04041,S10,2026-07-07,Fnac Spectacles,Normal,2,26.0,2.0,52.0,ORBITE 2026-27
O004857,B03239,S10,2026-07-07,Ticketmaster,Normal,2,26.0,1.94,52.0,ORBITE 2026-27
O004858,B02446,S10,2026-07-08,Shotgun,Normal,2,26.0,3.12,52.0,ORBITE 2026-27
O004859,B04042,S10,2026-07-08,Dice,Normal,2,26.0,2.18,52.0,ORBITE 2026-27
O004860,B04043,S10,2026-07-08,Fnac Spectacles,Normal,3,26.0,2.3,78.0,ORBITE 2026-27
O004861,B04044,S10,2026-07-08,Site officiel,Normal,3,26.0,0.0,78.0,ORBITE 2026-27
O004862,B04045,S10,2026-07-08,Ticketmaster,Normal,1,26.0,1.96,26.0,ORBITE 2026-27
O004863,B04046,S10,2026-07-09,Shotgun,Normal,4,26.0,1.98,104.0,ORBITE 2026-27
O004864,B04047,S10,2026-07-09,Shotgun,Normal,2,26.0,3.07,52.0,ORBITE 2026-27
O004865,B04048,S10,2026-07-09,Site officiel,Normal,2,26.0,0.0,52.0,ORBITE 2026-27
O004866,B01350,S10,2026-07-09,Site officiel,Normal,1,26.0,0.0,26.0,ORBITE 2026-27
O004867,B04049,S10,2026-07-09,Fnac Spectacles,Normal,2,26.0,2.32,52.0,ORBITE 2026-27
O004868,B04050,S10,2026-07-10,Dice,Normal,1,26.0,3.16,26.0,ORBITE 2026-27
O004869,B04051,S10,2026-07-10,Dice,Normal,2,26.0,2.1,52.0,ORBITE 2026-27
O004870,B04052,S10,2026-07-10,Site officiel,Normal,2,26.0,0.0,52.0,ORBITE 2026-27
O004871,B04053,S10,2026-07-10,Shotgun,Normal,2,26.0,3.38,52.0,ORBITE 2026-27
O004872,B04054,S10,2026-07-11,Site officiel,Carré or,2,37.7,0.0,75.4,ORBITE 2026-27
O004873,B04055,S10,2026-07-12,Site officiel,Normal,3,26.0,0.0,78.0,ORBITE 2026-27
O004874,B04056,S10,2026-07-12,Dice,Normal,2,26.0,3.29,52.0,ORBITE 2026-27
O004875,B04057,S10,2026-07-12,Site officiel,Normal,2,26.0,0.0,52.0,ORBITE 2026-27
O004876,B04058,S10,2026-07-13,Dice,Normal,1,26.0,2.58,26.0,ORBITE 2026-27
O004877,B04059,S10,2026-07-13,Ticketmaster,Normal,1,26.0,2.62,26.0,ORBITE 2026-27
O004878,B04060,S10,2026-07-15,Dice,Normal,2,26.0,1.92,52.0,ORBITE 2026-27
O004879,B04061,S10,2026-07-16,Fnac Spectacles,Normal,2,26.0,3.13,52.0,ORBITE 2026-27
O004880,B01033,S10,2026-07-16,Site officiel,Normal,2,26.0,0.0,52.0,ORBITE 2026-27
O004881,B04062,S10,2026-07-17,Dice,Normal,1,26.0,2.54,26.0,ORBITE 2026-27
O004882,B04063,S10,2026-07-18,Fnac Spectacles,Normal,2,26.0,2.9,52.0,ORBITE 2026-27
O004883,B04064,S10,2026-07-18,Dice,Normal,1,26.0,3.33,26.0,ORBITE 2026-27
O004884,B04065,S10,2026-07-18,Site officiel,Normal,1,26.0,0.0,26.0,ORBITE 2026-27
O004885,B04066,S10,2026-07-19,Ticketmaster,Carré or,2,37.7,2.35,75.4,ORBITE 2026-27
O004886,B04067,S10,2026-07-20,Ticketmaster,Normal,2,26.0,3.29,52.0,ORBITE 2026-27
O004887,B02443,S10,2026-07-20,Site officiel,Normal,1,26.0,0.0,26.0,ORBITE 2026-27
O004888,B04068,S10,2026-07-21,Dice,Normal,2,26.0,2.8,52.0,ORBITE 2026-27
O004889,B04069,S10,2026-07-21,Site officiel,Normal,1,26.0,0.0,26.0,ORBITE 2026-27
O004890,B04070,S10,2026-07-21,Shotgun,Normal,2,26.0,3.21,52.0,ORBITE 2026-27
O004891,B04071,S10,2026-07-21,Fnac Spectacles,Normal,2,26.0,2.26,52.0,ORBITE 2026-27
O004892,B04072,S10,2026-07-22,Fnac Spectacles,Normal,2,26.0,2.59,52.0,ORBITE 2026-27
O004893,B04073,S10,2026-07-23,Site officiel,Normal,2,26.0,0.0,52.0,ORBITE 2026-27
O004894,B04074,S10,2026-07-24,Site officiel,Normal,2,26.0,0.0,52.0,ORBITE 2026-27
O004895,B04075,S10,2026-07-24,Dice,Normal,1,26.0,3.27,26.0,ORBITE 2026-27
O004896,B04076,S10,2026-07-25,Site officiel,Normal,2,26.0,0.0,52.0,ORBITE 2026-27
O004897,B04077,S10,2026-07-26,Fnac Spectacles,Normal,2,26.0,2.59,52.0,ORBITE 2026-27
O004898,B00866,S10,2026-07-26,Site officiel,Normal,2,26.0,0.0,52.0,ORBITE 2026-27
O004899,B04078,S10,2026-07-26,Shotgun,Normal,2,26.0,2.28,52.0,ORBITE 2026-27
O004900,B00236,S10,2026-07-27,Fnac Spectacles,Normal,2,26.0,2.0,52.0,ORBITE 2026-27
O004901,B04079,S10,2026-07-27,Fnac Spectacles,Normal,2,26.0,3.25,52.0,ORBITE 2026-27
O004902,B04080,S10,2026-07-27,Site officiel,Normal,2,26.0,0.0,52.0,ORBITE 2026-27
O004903,B04081,S10,2026-07-27,Ticketmaster,Normal,2,26.0,2.35,52.0,ORBITE 2026-27
O004904,B04082,S10,2026-07-28,Fnac Spectacles,Prévente,1,22.88,2.9,22.88,ORBITE 2026-27
O004905,B04083,S10,2026-07-28,Fnac Spectacles,Normal,2,26.0,2.38,52.0,ORBITE 2026-27
O004906,B04084,S10,2026-07-29,Dice,Normal,2,26.0,2.02,52.0,ORBITE 2026-27
O004907,B04085,S10,2026-07-30,Fnac Spectacles,Normal,2,26.0,2.94,52.0,ORBITE 2026-27
O004908,B04086,S10,2026-07-31,Dice,Normal,4,26.0,2.29,104.0,ORBITE 2026-27
O004909,B01584,S10,2026-08-01,Dice,Normal,3,26.0,2.0,78.0,ORBITE 2026-27
O004910,B04087,S10,2026-08-01,Site officiel,Normal,2,26.0,0.0,52.0,ORBITE 2026-27
O004911,B04088,S10,2026-08-02,Dice,Normal,2,26.0,2.89,52.0,ORBITE 2026-27
O004912,B04089,S10,2026-08-02,Ticketmaster,Normal,2,26.0,2.0,52.0,ORBITE 2026-27
O004913,B04090,S10,2026-08-02,Dice,Normal,2,26.0,3.37,52.0,ORBITE 2026-27
O004914,B04091,S10,2026-08-03,Site officiel,Normal,2,26.0,0.0,52.0,ORBITE 2026-27
O004915,B01704,S10,2026-08-03,Dice,Normal,2,26.0,2.16,52.0,ORBITE 2026-27
O004916,B04092,S10,2026-08-03,Site officiel,Normal,2,26.0,0.0,52.0,ORBITE 2026-27
O004917,B04093,S10,2026-08-04,Dice,Normal,1,26.0,2.43,26.0,ORBITE 2026-27
O004918,B03201,S10,2026-08-04,Dice,Normal,2,26.0,3.31,52.0,ORBITE 2026-27
O004919,B00539,S11,2026-06-23,Fnac Spectacles,Normal,3,26.0,2.73,78.0,ORBITE 2026-27
O004920,B04094,S11,2026-06-23,Site officiel,Normal,2,26.0,0.0,52.0,ORBITE 2026-27
O004921,B04095,S11,2026-06-23,Dice,Prévente,2,22.88,3.23,45.76,ORBITE 2026-27
O004922,B04096,S11,2026-06-23,Ticketmaster,Normal,1,26.0,3.32,26.0,ORBITE 2026-27
O004923,B04097,S11,2026-06-23,Ticketmaster,Normal,2,26.0,2.81,52.0,ORBITE 2026-27
O004924,B00125,S11,2026-06-23,Fnac Spectacles,Normal,2,26.0,2.61,52.0,ORBITE 2026-27
O004925,B04098,S11,2026-06-23,Ticketmaster,Normal,1,26.0,2.29,26.0,ORBITE 2026-27
O004926,B04099,S11,2026-06-23,Dice,Normal,4,26.0,2.7,104.0,ORBITE 2026-27
O004927,B04100,S11,2026-06-23,Dice,Normal,1,26.0,1.92,26.0,ORBITE 2026-27
O004928,B04101,S11,2026-06-23,Fnac Spectacles,Normal,4,26.0,2.43,104.0,ORBITE 2026-27
O004929,B04102,S11,2026-06-23,Ticketmaster,Prévente,2,22.88,2.96,45.76,ORBITE 2026-27
O004930,B04103,S11,2026-06-23,Ticketmaster,Normal,2,26.0,3.36,52.0,ORBITE 2026-27
O004931,B04104,S11,2026-06-23,Ticketmaster,Normal,2,26.0,2.71,52.0,ORBITE 2026-27
O004932,B04105,S11,2026-06-23,Ticketmaster,Normal,2,26.0,1.92,52.0,ORBITE 2026-27
O004933,B04106,S11,2026-06-23,Fnac Spectacles,Normal,2,26.0,3.34,52.0,ORBITE 2026-27
O004934,B04107,S11,2026-06-23,Dice,Prévente,1,22.88,3.21,22.88,ORBITE 2026-27
O004935,B04108,S11,2026-06-23,Fnac Spectacles,Normal,2,26.0,3.38,52.0,ORBITE 2026-27
O004936,B04109,S11,2026-06-23,Site officiel,Normal,3,26.0,0.0,78.0,ORBITE 2026-27
O004937,B04110,S11,2026-06-23,Site officiel,Carré or,2,37.7,0.0,75.4,ORBITE 2026-27
O004938,B04111,S11,2026-06-23,Fnac Spectacles,Prévente,1,22.88,2.91,22.88,ORBITE 2026-27
O004939,B04112,S11,2026-06-23,Site officiel,Carré or,1,37.7,0.0,37.7,ORBITE 2026-27
O004940,B04113,S11,2026-06-23,Site officiel,Normal,2,26.0,0.0,52.0,ORBITE 2026-27
O004941,B01020,S11,2026-06-23,Dice,Normal,2,26.0,2.98,52.0,ORBITE 2026-27
O004942,B04114,S11,2026-06-23,Site officiel,Prévente,2,22.88,0.0,45.76,ORBITE 2026-27
O004943,B04115,S11,2026-06-23,Fnac Spectacles,Normal,2,26.0,2.91,52.0,ORBITE 2026-27
O004944,B04116,S11,2026-06-23,Site officiel,Normal,2,26.0,0.0,52.0,ORBITE 2026-27
O004945,B04117,S11,2026-06-23,Site officiel,Carré or,2,37.7,0.0,75.4,ORBITE 2026-27
O004946,B04118,S11,2026-06-23,Fnac Spectacles,Normal,2,26.0,1.91,52.0,ORBITE 2026-27
O004947,B04119,S11,2026-06-23,Fnac Spectacles,Normal,2,26.0,3.09,52.0,ORBITE 2026-27
O004948,B02400,S11,2026-06-23,Dice,Prévente,1,22.88,2.07,22.88,ORBITE 2026-27
O004949,B04120,S11,2026-06-24,Site officiel,Prévente,2,22.88,0.0,45.76,ORBITE 2026-27
O004950,B04121,S11,2026-06-24,Fnac Spectacles,Prévente,1,22.88,3.17,22.88,ORBITE 2026-27
O004951,B04122,S11,2026-06-24,Shotgun,Prévente,2,22.88,3.24,45.76,ORBITE 2026-27
O004952,B00298,S11,2026-06-24,Fnac Spectacles,Normal,2,26.0,2.87,52.0,ORBITE 2026-27
O004953,B03287,S11,2026-06-24,Dice,Normal,3,26.0,3.27,78.0,ORBITE 2026-27
O004954,B04123,S11,2026-06-24,Site officiel,Normal,2,26.0,0.0,52.0,ORBITE 2026-27
O004955,B04124,S11,2026-06-24,Site officiel,Normal,2,26.0,0.0,52.0,ORBITE 2026-27
O004956,B04125,S11,2026-06-24,Dice,Prévente,2,22.88,2.54,45.76,ORBITE 2026-27
O004957,B00684,S11,2026-06-24,Site officiel,Normal,2,26.0,0.0,52.0,ORBITE 2026-27
O004958,B04126,S11,2026-06-24,Ticketmaster,Normal,2,26.0,2.17,52.0,ORBITE 2026-27
O004959,B04127,S11,2026-06-24,Dice,Normal,2,26.0,2.08,52.0,ORBITE 2026-27
O004960,B01213,S11,2026-06-24,Fnac Spectacles,Prévente,2,22.88,1.95,45.76,ORBITE 2026-27
O004961,B04128,S11,2026-06-24,Dice,Normal,3,26.0,2.0,78.0,ORBITE 2026-27
O004962,B04129,S11,2026-06-24,Ticketmaster,Normal,2,26.0,3.29,52.0,ORBITE 2026-27
O004963,B04129,S11,2026-06-24,Fnac Spectacles,Normal,3,26.0,3.34,78.0,ORBITE 2026-27
O004964,B04130,S11,2026-06-24,Shotgun,Normal,1,26.0,3.01,26.0,ORBITE 2026-27
O004965,B04131,S11,2026-06-24,Dice,Normal,1,26.0,2.83,26.0,ORBITE 2026-27
O004966,B00338,S11,2026-06-24,Shotgun,Normal,1,26.0,2.42,26.0,ORBITE 2026-27
O004967,B04132,S11,2026-06-24,Ticketmaster,Normal,3,26.0,2.8,78.0,ORBITE 2026-27
O004968,B04133,S11,2026-06-24,Site officiel,Carré or,2,37.7,0.0,75.4,ORBITE 2026-27
O004969,B04134,S11,2026-06-25,Site officiel,Normal,2,26.0,0.0,52.0,ORBITE 2026-27
O004970,B04135,S11,2026-06-25,Fnac Spectacles,Prévente,2,22.88,2.51,45.76,ORBITE 2026-27
O004971,B00572,S11,2026-06-25,Ticketmaster,Normal,2,26.0,2.59,52.0,ORBITE 2026-27
O004972,B04136,S11,2026-06-25,Fnac Spectacles,Normal,2,26.0,2.56,52.0,ORBITE 2026-27
O004973,B04137,S11,2026-06-25,Fnac Spectacles,Normal,1,26.0,2.87,26.0,ORBITE 2026-27
O004974,B02294,S11,2026-06-25,Ticketmaster,Normal,2,26.0,2.28,52.0,ORBITE 2026-27
O004975,B04138,S11,2026-06-25,Site officiel,Carré or,1,37.7,0.0,37.7,ORBITE 2026-27
O004976,B00498,S11,2026-06-25,Ticketmaster,Normal,2,26.0,3.2,52.0,ORBITE 2026-27
O004977,B04139,S11,2026-06-25,Fnac Spectacles,Normal,1,26.0,2.56,26.0,ORBITE 2026-27
O004978,B04140,S11,2026-06-25,Shotgun,Prévente,4,22.88,2.16,91.52,ORBITE 2026-27
O004979,B04141,S11,2026-06-25,Site officiel,Carré or,2,37.7,0.0,75.4,ORBITE 2026-27
O004980,B04142,S11,2026-06-25,Site officiel,Normal,2,26.0,0.0,52.0,ORBITE 2026-27
O004981,B04143,S11,2026-06-25,Fnac Spectacles,Normal,2,26.0,2.75,52.0,ORBITE 2026-27
O004982,B04144,S11,2026-06-26,Shotgun,Carré or,1,37.7,3.04,37.7,ORBITE 2026-27
O004983,B04145,S11,2026-06-26,Fnac Spectacles,Normal,2,26.0,3.17,52.0,ORBITE 2026-27
O004984,B04146,S11,2026-06-26,Ticketmaster,Normal,2,26.0,2.44,52.0,ORBITE 2026-27
O004985,B04147,S11,2026-06-26,Fnac Spectacles,Normal,1,26.0,2.64,26.0,ORBITE 2026-27
O004986,B04148,S11,2026-06-26,Fnac Spectacles,Carré or,2,37.7,2.65,75.4,ORBITE 2026-27
O004987,B04149,S11,2026-06-26,Ticketmaster,Normal,1,26.0,1.94,26.0,ORBITE 2026-27
O004988,B04150,S11,2026-06-26,Ticketmaster,Normal,2,26.0,3.26,52.0,ORBITE 2026-27
O004989,B00250,S11,2026-06-26,Ticketmaster,Normal,2,26.0,1.91,52.0,ORBITE 2026-27
O004990,B04151,S11,2026-06-26,Fnac Spectacles,Normal,2,26.0,2.18,52.0,ORBITE 2026-27
O004991,B01299,S11,2026-06-26,Dice,Normal,2,26.0,2.68,52.0,ORBITE 2026-27
O004992,B04152,S11,2026-06-26,Fnac Spectacles,Normal,2,26.0,1.92,52.0,ORBITE 2026-27
O004993,B04153,S11,2026-06-26,Fnac Spectacles,Normal,4,26.0,2.3,104.0,ORBITE 2026-27
O004994,B04154,S11,2026-06-27,Ticketmaster,Normal,2,26.0,3.26,52.0,ORBITE 2026-27
O004995,B04155,S11,2026-06-27,Dice,Normal,2,26.0,2.11,52.0,ORBITE 2026-27
O004996,B04156,S11,2026-06-27,Site officiel,Normal,2,26.0,0.0,52.0,ORBITE 2026-27
O004997,B04157,S11,2026-06-27,Dice,Normal,1,26.0,2.58,26.0,ORBITE 2026-27
O004998,B04158,S11,2026-06-27,Site officiel,Normal,2,26.0,0.0,52.0,ORBITE 2026-27
O004999,B04159,S11,2026-06-27,Fnac Spectacles,Normal,2,26.0,2.96,52.0,ORBITE 2026-27
O005000,B04160,S11,2026-06-27,Ticketmaster,Normal,1,26.0,1.98,26.0,ORBITE 2026-27
O005001,B02874,S11,2026-06-27,Shotgun,Normal,1,26.0,2.12,26.0,ORBITE 2026-27
O005002,B04161,S11,2026-06-27,Site officiel,Normal,2,26.0,0.0,52.0,ORBITE 2026-27
O005003,B04162,S11,2026-06-28,Fnac Spectacles,Normal,2,26.0,2.36,52.0,ORBITE 2026-27
O005004,B04163,S11,2026-06-28,Site officiel,Normal,2,26.0,0.0,52.0,ORBITE 2026-27
O005005,B04164,S11,2026-06-28,Site officiel,Normal,2,26.0,0.0,52.0,ORBITE 2026-27
O005006,B04165,S11,2026-06-28,Shotgun,Normal,2,26.0,2.31,52.0,ORBITE 2026-27
O005007,B04166,S11,2026-06-28,Fnac Spectacles,Normal,2,26.0,2.61,52.0,ORBITE 2026-27
O005008,B04167,S11,2026-06-28,Fnac Spectacles,Normal,2,26.0,2.07,52.0,ORBITE 2026-27
O005009,B04168,S11,2026-06-28,Site officiel,Normal,2,26.0,0.0,52.0,ORBITE 2026-27
O005010,B04169,S11,2026-06-28,Fnac Spectacles,Normal,1,26.0,2.2,26.0,ORBITE 2026-27
O005011,B04170,S11,2026-06-28,Ticketmaster,Normal,2,26.0,2.45,52.0,ORBITE 2026-27
O005012,B04171,S11,2026-06-28,Fnac Spectacles,Normal,1,26.0,2.42,26.0,ORBITE 2026-27
O005013,B04172,S11,2026-06-28,Fnac Spectacles,Normal,2,26.0,1.95,52.0,ORBITE 2026-27
O005014,B04173,S11,2026-06-28,Fnac Spectacles,Normal,2,26.0,2.59,52.0,ORBITE 2026-27
O005015,B04174,S11,2026-06-28,Fnac Spectacles,Normal,2,26.0,2.44,52.0,ORBITE 2026-27
O005016,B04175,S11,2026-06-29,Site officiel,Normal,2,26.0,0.0,52.0,ORBITE 2026-27
O005017,B04176,S11,2026-06-29,Fnac Spectacles,Normal,3,26.0,2.04,78.0,ORBITE 2026-27
O005018,B04177,S11,2026-06-29,Fnac Spectacles,Normal,2,26.0,3.17,52.0,ORBITE 2026-27
O005019,B04178,S11,2026-06-29,Site officiel,Normal,1,26.0,0.0,26.0,ORBITE 2026-27
O005020,B04179,S11,2026-06-30,Site officiel,Normal,1,26.0,0.0,26.0,ORBITE 2026-27
O005021,B04180,S11,2026-06-30,Fnac Spectacles,Normal,2,26.0,2.56,52.0,ORBITE 2026-27
O005022,B04181,S11,2026-06-30,Site officiel,Normal,2,26.0,0.0,52.0,ORBITE 2026-27
O005023,B01167,S11,2026-06-30,Fnac Spectacles,Normal,2,26.0,2.16,52.0,ORBITE 2026-27
O005024,B04182,S11,2026-06-30,Ticketmaster,Normal,1,26.0,2.27,26.0,ORBITE 2026-27
O005025,B02705,S11,2026-06-30,Site officiel,Normal,1,26.0,0.0,26.0,ORBITE 2026-27
O005026,B04183,S11,2026-06-30,Fnac Spectacles,Normal,2,26.0,2.79,52.0,ORBITE 2026-27
O005027,B04184,S11,2026-06-30,Ticketmaster,Normal,2,26.0,2.31,52.0,ORBITE 2026-27
O005028,B04185,S11,2026-06-30,Fnac Spectacles,Normal,2,26.0,2.0,52.0,ORBITE 2026-27
O005029,B03007,S11,2026-07-01,Fnac Spectacles,Normal,2,26.0,2.85,52.0,ORBITE 2026-27
O005030,B04186,S11,2026-07-02,Ticketmaster,Normal,2,26.0,3.14,52.0,ORBITE 2026-27
O005031,B04187,S11,2026-07-02,Site officiel,Carré or,1,37.7,0.0,37.7,ORBITE 2026-27
O005032,B04188,S11,2026-07-02,Ticketmaster,Normal,1,26.0,2.0,26.0,ORBITE 2026-27
O005033,B01767,S11,2026-07-02,Fnac Spectacles,Normal,2,26.0,3.03,52.0,ORBITE 2026-27
O005034,B04189,S11,2026-07-02,Dice,Normal,2,26.0,3.4,52.0,ORBITE 2026-27
O005035,B00781,S11,2026-07-02,Shotgun,Normal,1,26.0,2.31,26.0,ORBITE 2026-27
O005036,B04190,S11,2026-07-02,Site officiel,Normal,3,26.0,0.0,78.0,ORBITE 2026-27
O005037,B04191,S11,2026-07-03,Fnac Spectacles,Normal,1,26.0,2.0,26.0,ORBITE 2026-27
O005038,B04192,S11,2026-07-03,Site officiel,Normal,2,26.0,0.0,52.0,ORBITE 2026-27
O005039,B04193,S11,2026-07-03,Dice,Normal,2,26.0,2.42,52.0,ORBITE 2026-27
O005040,B04194,S11,2026-07-04,Site officiel,Normal,2,26.0,0.0,52.0,ORBITE 2026-27
O005041,B04195,S11,2026-07-04,Fnac Spectacles,Normal,2,26.0,2.74,52.0,ORBITE 2026-27
O005042,B04196,S11,2026-07-04,Ticketmaster,Normal,1,26.0,3.11,26.0,ORBITE 2026-27
O005043,B04197,S11,2026-07-04,Ticketmaster,Normal,2,26.0,3.07,52.0,ORBITE 2026-27
O005044,B04198,S11,2026-07-05,Dice,Carré or,1,37.7,2.28,37.7,ORBITE 2026-27
O005045,B04199,S11,2026-07-05,Ticketmaster,Normal,2,26.0,2.18,52.0,ORBITE 2026-27
O005046,B04200,S11,2026-07-06,Ticketmaster,Normal,1,26.0,3.35,26.0,ORBITE 2026-27
O005047,B04201,S11,2026-07-06,Site officiel,Normal,2,26.0,0.0,52.0,ORBITE 2026-27
O005048,B04202,S11,2026-07-06,Ticketmaster,Normal,2,26.0,3.27,52.0,ORBITE 2026-27
O005049,B04203,S11,2026-07-06,Fnac Spectacles,Normal,2,26.0,2.82,52.0,ORBITE 2026-27
O005050,B04204,S11,2026-07-06,Site officiel,Normal,2,26.0,0.0,52.0,ORBITE 2026-27
O005051,B04205,S11,2026-07-06,Ticketmaster,Normal,2,26.0,1.91,52.0,ORBITE 2026-27
O005052,B04206,S11,2026-07-07,Ticketmaster,Normal,1,26.0,2.44,26.0,ORBITE 2026-27
O005053,B04207,S11,2026-07-07,Ticketmaster,Normal,2,26.0,3.37,52.0,ORBITE 2026-27
O005054,B04208,S11,2026-07-07,Site officiel,Normal,1,26.0,0.0,26.0,ORBITE 2026-27
O005055,B04209,S11,2026-07-08,Dice,Carré or,2,37.7,2.1,75.4,ORBITE 2026-27
O005056,B04210,S11,2026-07-08,Fnac Spectacles,Normal,2,26.0,2.4,52.0,ORBITE 2026-27
O005057,B04211,S11,2026-07-09,Fnac Spectacles,Carré or,3,37.7,1.97,113.1,ORBITE 2026-27
O005058,B04212,S11,2026-07-11,Fnac Spectacles,Normal,2,26.0,2.51,52.0,ORBITE 2026-27
O005059,B04213,S11,2026-07-11,Fnac Spectacles,Normal,2,26.0,2.31,52.0,ORBITE 2026-27
O005060,B04214,S11,2026-07-12,Fnac Spectacles,Normal,1,26.0,3.35,26.0,ORBITE 2026-27
O005061,B04215,S11,2026-07-12,Fnac Spectacles,Normal,2,26.0,2.97,52.0,ORBITE 2026-27
O005062,B04216,S11,2026-07-12,Shotgun,Prévente,3,22.88,2.59,68.64,ORBITE 2026-27
O005063,B04217,S11,2026-07-12,Fnac Spectacles,Normal,2,26.0,2.56,52.0,ORBITE 2026-27
O005064,B04218,S11,2026-07-12,Dice,Normal,1,26.0,2.41,26.0,ORBITE 2026-27
O005065,B04219,S11,2026-07-12,Fnac Spectacles,Normal,1,26.0,2.42,26.0,ORBITE 2026-27
O005066,B04220,S11,2026-07-13,Shotgun,Carré or,3,37.7,2.29,113.1,ORBITE 2026-27
O005067,B04221,S11,2026-07-13,Dice,Normal,1,26.0,2.95,26.0,ORBITE 2026-27
O005068,B04222,S11,2026-07-15,Fnac Spectacles,Normal,2,26.0,2.43,52.0,ORBITE 2026-27
O005069,B04223,S11,2026-07-16,Fnac Spectacles,Normal,2,26.0,2.85,52.0,ORBITE 2026-27
O005070,B04224,S11,2026-07-16,Ticketmaster,Normal,2,26.0,2.63,52.0,ORBITE 2026-27
O005071,B04225,S11,2026-07-17,Dice,Normal,1,26.0,2.77,26.0,ORBITE 2026-27
O005072,B04226,S11,2026-07-17,Site officiel,Normal,2,26.0,0.0,52.0,ORBITE 2026-27
O005073,B04227,S11,2026-07-18,Ticketmaster,Normal,2,26.0,2.4,52.0,ORBITE 2026-27
O005074,B04228,S11,2026-07-18,Ticketmaster,Normal,2,26.0,2.65,52.0,ORBITE 2026-27
O005075,B04229,S11,2026-07-19,Fnac Spectacles,Normal,2,26.0,2.39,52.0,ORBITE 2026-27
O005076,B00963,S11,2026-07-21,Fnac Spectacles,Normal,2,26.0,2.05,52.0,ORBITE 2026-27
O005077,B04230,S11,2026-07-21,Site officiel,Normal,1,26.0,0.0,26.0,ORBITE 2026-27
O005078,B04231,S11,2026-07-23,Shotgun,Normal,1,26.0,3.3,26.0,ORBITE 2026-27
O005079,B04232,S11,2026-07-23,Dice,Normal,2,26.0,3.06,52.0,ORBITE 2026-27
O005080,B04233,S11,2026-07-24,Ticketmaster,Normal,3,26.0,3.24,78.0,ORBITE 2026-27
O005081,B04234,S11,2026-07-24,Site officiel,Normal,1,26.0,0.0,26.0,ORBITE 2026-27
O005082,B04235,S11,2026-07-24,Ticketmaster,Normal,1,26.0,1.94,26.0,ORBITE 2026-27
O005083,B04236,S11,2026-07-24,Ticketmaster,Normal,2,26.0,2.93,52.0,ORBITE 2026-27
O005084,B04237,S11,2026-07-25,Site officiel,Carré or,1,37.7,0.0,37.7,ORBITE 2026-27
O005085,B04238,S11,2026-07-25,Dice,Normal,2,26.0,2.19,52.0,ORBITE 2026-27
O005086,B04239,S11,2026-07-27,Ticketmaster,Normal,3,26.0,3.31,78.0,ORBITE 2026-27
O005087,B04240,S11,2026-07-29,Dice,Normal,1,26.0,2.29,26.0,ORBITE 2026-27
O005088,B04241,S11,2026-07-29,Dice,Normal,2,26.0,2.91,52.0,ORBITE 2026-27
O005089,B03266,S11,2026-07-29,Ticketmaster,Normal,3,26.0,2.46,78.0,ORBITE 2026-27
O005090,B04242,S11,2026-07-30,Site officiel,Normal,2,26.0,0.0,52.0,ORBITE 2026-27
O005091,B04243,S11,2026-07-30,Ticketmaster,Normal,2,26.0,1.97,52.0,ORBITE 2026-27
O005092,B04244,S11,2026-07-31,Ticketmaster,Normal,2,26.0,2.28,52.0,ORBITE 2026-27
O005093,B02530,S11,2026-07-31,Fnac Spectacles,Carré or,2,37.7,2.98,75.4,ORBITE 2026-27
O005094,B04245,S11,2026-07-31,Ticketmaster,Normal,1,26.0,2.99,26.0,ORBITE 2026-27
O005095,B04246,S11,2026-07-31,Ticketmaster,Normal,2,26.0,3.19,52.0,ORBITE 2026-27
O005096,B04247,S11,2026-08-01,Shotgun,Normal,2,26.0,3.33,52.0,ORBITE 2026-27
O005097,B04248,S11,2026-08-02,Site officiel,Normal,2,26.0,0.0,52.0,ORBITE 2026-27
O005098,B04249,S11,2026-08-02,Site officiel,Normal,1,26.0,0.0,26.0,ORBITE 2026-27
O005099,B04250,S11,2026-08-02,Site officiel,Normal,2,26.0,0.0,52.0,ORBITE 2026-27
O005100,B00843,S11,2026-08-02,Shotgun,Normal,2,26.0,2.16,52.0,ORBITE 2026-27
O005101,B04251,S11,2026-08-04,Fnac Spectacles,Normal,2,26.0,3.07,52.0,ORBITE 2026-27
O005102,B01389,S12,2026-06-30,Site officiel,Normal,2,29.0,0.0,58.0,ORBITE 2026-27
O005103,B00470,S12,2026-06-30,Shotgun,Normal,2,29.0,1.91,58.0,ORBITE 2026-27
O005104,B04252,S12,2026-06-30,Dice,Normal,2,29.0,2.9,58.0,ORBITE 2026-27
O005105,B04253,S12,2026-06-30,Dice,Carré or,2,42.05,2.18,84.1,ORBITE 2026-27
O005106,B04254,S12,2026-06-30,Shotgun,Prévente,4,25.52,2.75,102.08,ORBITE 2026-27
O005107,B04255,S12,2026-06-30,Fnac Spectacles,Normal,2,29.0,2.71,58.0,ORBITE 2026-27
O005108,B04256,S12,2026-06-30,Shotgun,Normal,2,29.0,2.61,58.0,ORBITE 2026-27
O005109,B04257,S12,2026-06-30,Ticketmaster,Normal,2,29.0,2.01,58.0,ORBITE 2026-27
O005110,B00707,S12,2026-06-30,Dice,Normal,2,29.0,2.0,58.0,ORBITE 2026-27
O005111,B04258,S12,2026-06-30,Dice,Normal,2,29.0,2.22,58.0,ORBITE 2026-27
O005112,B04259,S12,2026-06-30,Site officiel,Prévente,2,25.52,0.0,51.04,ORBITE 2026-27
O005113,B04260,S12,2026-06-30,Ticketmaster,Prévente,2,25.52,3.16,51.04,ORBITE 2026-27
O005114,B04261,S12,2026-06-30,Dice,Normal,2,29.0,2.4,58.0,ORBITE 2026-27
O005115,B04262,S12,2026-06-30,Ticketmaster,Normal,2,29.0,3.06,58.0,ORBITE 2026-27
O005116,B04263,S12,2026-06-30,Dice,Normal,2,29.0,2.86,58.0,ORBITE 2026-27
O005117,B04264,S12,2026-06-30,Fnac Spectacles,Normal,2,29.0,3.13,58.0,ORBITE 2026-27
O005118,B04265,S12,2026-06-30,Dice,Normal,2,29.0,1.98,58.0,ORBITE 2026-27
O005119,B04266,S12,2026-06-30,Fnac Spectacles,Prévente,2,25.52,3.0,51.04,ORBITE 2026-27
O005120,B04267,S12,2026-06-30,Dice,Normal,2,29.0,2.16,58.0,ORBITE 2026-27
O005121,B01559,S12,2026-06-30,Shotgun,Prévente,2,25.52,2.48,51.04,ORBITE 2026-27
O005122,B04268,S12,2026-06-30,Ticketmaster,Normal,3,29.0,2.02,87.0,ORBITE 2026-27
O005123,B02844,S12,2026-06-30,Dice,Carré or,1,42.05,2.9,42.05,ORBITE 2026-27
O005124,B04269,S12,2026-06-30,Dice,Normal,1,29.0,2.37,29.0,ORBITE 2026-27
O005125,B04270,S12,2026-06-30,Fnac Spectacles,Prévente,2,25.52,1.91,51.04,ORBITE 2026-27
O005126,B04271,S12,2026-06-30,Dice,Normal,2,29.0,3.18,58.0,ORBITE 2026-27
O005127,B04272,S12,2026-06-30,Dice,Normal,2,29.0,2.65,58.0,ORBITE 2026-27
O005128,B04273,S12,2026-06-30,Shotgun,Normal,1,29.0,1.91,29.0,ORBITE 2026-27
O005129,B04274,S12,2026-06-30,Dice,Normal,1,29.0,2.6,29.0,ORBITE 2026-27
O005130,B00142,S12,2026-06-30,Fnac Spectacles,Normal,2,29.0,3.2,58.0,ORBITE 2026-27
O005131,B04275,S12,2026-06-30,Dice,Normal,2,29.0,3.14,58.0,ORBITE 2026-27
O005132,B04276,S12,2026-06-30,Shotgun,Normal,2,29.0,2.66,58.0,ORBITE 2026-27
O005133,B04277,S12,2026-06-30,Ticketmaster,Normal,1,29.0,2.58,29.0,ORBITE 2026-27
O005134,B04278,S12,2026-06-30,Site officiel,Normal,1,29.0,0.0,29.0,ORBITE 2026-27
O005135,B04279,S12,2026-06-30,Fnac Spectacles,Prévente,1,25.52,2.02,25.52,ORBITE 2026-27
O005136,B04280,S12,2026-06-30,Site officiel,Normal,1,29.0,0.0,29.0,ORBITE 2026-27
O005137,B04281,S12,2026-06-30,Ticketmaster,Carré or,1,42.05,1.93,42.05,ORBITE 2026-27
O005138,B04282,S12,2026-06-30,Site officiel,Normal,2,29.0,0.0,58.0,ORBITE 2026-27
O005139,B04283,S12,2026-06-30,Ticketmaster,Normal,2,29.0,2.35,58.0,ORBITE 2026-27
O005140,B03695,S12,2026-06-30,Site officiel,Normal,1,29.0,0.0,29.0,ORBITE 2026-27
O005141,B04284,S12,2026-06-30,Site officiel,Prévente,2,25.52,0.0,51.04,ORBITE 2026-27
O005142,B04285,S12,2026-06-30,Ticketmaster,Prévente,2,25.52,2.9,51.04,ORBITE 2026-27
O005143,B04286,S12,2026-06-30,Shotgun,Normal,2,29.0,2.15,58.0,ORBITE 2026-27
O005144,B04287,S12,2026-07-01,Shotgun,Carré or,4,42.05,2.77,168.2,ORBITE 2026-27
O005145,B04288,S12,2026-07-01,Fnac Spectacles,Prévente,1,25.52,2.23,25.52,ORBITE 2026-27
O005146,B04289,S12,2026-07-01,Dice,Normal,2,29.0,2.68,58.0,ORBITE 2026-27
O005147,B04290,S12,2026-07-01,Fnac Spectacles,Prévente,2,25.52,2.18,51.04,ORBITE 2026-27
O005148,B00468,S12,2026-07-01,Shotgun,Normal,1,29.0,2.46,29.0,ORBITE 2026-27
O005149,B00482,S12,2026-07-01,Site officiel,Prévente,2,25.52,0.0,51.04,ORBITE 2026-27
O005150,B04291,S12,2026-07-01,Dice,Normal,2,29.0,2.67,58.0,ORBITE 2026-27
O005151,B04292,S12,2026-07-01,Site officiel,Prévente,2,25.52,0.0,51.04,ORBITE 2026-27
O005152,B00469,S12,2026-07-01,Fnac Spectacles,Prévente,2,25.52,3.1,51.04,ORBITE 2026-27
O005153,B04293,S12,2026-07-01,Site officiel,Normal,3,29.0,0.0,87.0,ORBITE 2026-27
O005154,B04294,S12,2026-07-01,Shotgun,Prévente,2,25.52,2.57,51.04,ORBITE 2026-27
O005155,B03120,S12,2026-07-01,Site officiel,Carré or,2,42.05,0.0,84.1,ORBITE 2026-27
O005156,B04295,S12,2026-07-01,Fnac Spectacles,Normal,2,29.0,2.18,58.0,ORBITE 2026-27
O005157,B04296,S12,2026-07-01,Dice,Carré or,2,42.05,2.5,84.1,ORBITE 2026-27
O005158,B04297,S12,2026-07-01,Fnac Spectacles,Carré or,2,42.05,2.34,84.1,ORBITE 2026-27
O005159,B01641,S12,2026-07-01,Dice,Normal,2,29.0,3.19,58.0,ORBITE 2026-27
O005160,B01345,S12,2026-07-01,Fnac Spectacles,Normal,2,29.0,3.18,58.0,ORBITE 2026-27
O005161,B00386,S12,2026-07-01,Dice,Normal,2,29.0,2.83,58.0,ORBITE 2026-27
O005162,B04298,S12,2026-07-01,Site officiel,Normal,2,29.0,0.0,58.0,ORBITE 2026-27
O005163,B04299,S12,2026-07-01,Ticketmaster,Prévente,2,25.52,3.32,51.04,ORBITE 2026-27
O005164,B04300,S12,2026-07-01,Dice,Normal,2,29.0,2.77,58.0,ORBITE 2026-27
O005165,B04301,S12,2026-07-01,Site officiel,Normal,2,29.0,0.0,58.0,ORBITE 2026-27
O005166,B04302,S12,2026-07-01,Ticketmaster,Normal,1,29.0,2.11,29.0,ORBITE 2026-27
O005167,B00696,S12,2026-07-01,Dice,Normal,2,29.0,2.43,58.0,ORBITE 2026-27
O005168,B01354,S12,2026-07-01,Dice,Prévente,1,25.52,2.36,25.52,ORBITE 2026-27
O005169,B04303,S12,2026-07-01,Ticketmaster,Normal,2,29.0,2.0,58.0,ORBITE 2026-27
O005170,B04304,S12,2026-07-01,Site officiel,Normal,1,29.0,0.0,29.0,ORBITE 2026-27
O005171,B04305,S12,2026-07-01,Site officiel,Normal,1,29.0,0.0,29.0,ORBITE 2026-27
O005172,B02131,S12,2026-07-02,Dice,Normal,1,29.0,2.58,29.0,ORBITE 2026-27
O005173,B00744,S12,2026-07-02,Dice,Normal,3,29.0,1.95,87.0,ORBITE 2026-27
O005174,B04306,S12,2026-07-02,Ticketmaster,Normal,1,29.0,2.22,29.0,ORBITE 2026-27
O005175,B04307,S12,2026-07-02,Ticketmaster,Normal,3,29.0,3.25,87.0,ORBITE 2026-27
O005176,B04308,S12,2026-07-02,Site officiel,Normal,2,29.0,0.0,58.0,ORBITE 2026-27
O005177,B04309,S12,2026-07-02,Shotgun,Normal,1,29.0,2.49,29.0,ORBITE 2026-27
O005178,B04310,S12,2026-07-02,Ticketmaster,Normal,1,29.0,2.24,29.0,ORBITE 2026-27
O005179,B02558,S12,2026-07-02,Site officiel,Normal,4,29.0,0.0,116.0,ORBITE 2026-27
O005180,B00704,S12,2026-07-02,Shotgun,Prévente,2,25.52,3.37,51.04,ORBITE 2026-27
O005181,B04311,S12,2026-07-02,Shotgun,Normal,1,29.0,3.23,29.0,ORBITE 2026-27
O005182,B04312,S12,2026-07-02,Site officiel,Normal,3,29.0,0.0,87.0,ORBITE 2026-27
O005183,B04313,S12,2026-07-02,Shotgun,Normal,3,29.0,2.62,87.0,ORBITE 2026-27
O005184,B04314,S12,2026-07-02,Site officiel,Normal,2,29.0,0.0,58.0,ORBITE 2026-27
O005185,B04315,S12,2026-07-02,Dice,Normal,4,29.0,2.81,116.0,ORBITE 2026-27
O005186,B04316,S12,2026-07-02,Ticketmaster,Normal,2,29.0,2.32,58.0,ORBITE 2026-27
O005187,B04317,S12,2026-07-02,Site officiel,Normal,1,29.0,0.0,29.0,ORBITE 2026-27
O005188,B04318,S12,2026-07-03,Dice,Normal,2,29.0,2.1,58.0,ORBITE 2026-27
O005189,B04319,S12,2026-07-03,Ticketmaster,Normal,2,29.0,2.79,58.0,ORBITE 2026-27
O005190,B04320,S12,2026-07-03,Shotgun,Normal,4,29.0,2.3,116.0,ORBITE 2026-27
O005191,B04321,S12,2026-07-03,Site officiel,Normal,2,29.0,0.0,58.0,ORBITE 2026-27
O005192,B04322,S12,2026-07-03,Fnac Spectacles,Normal,2,29.0,3.18,58.0,ORBITE 2026-27
O005193,B04323,S12,2026-07-03,Site officiel,Normal,2,29.0,0.0,58.0,ORBITE 2026-27
O005194,B04324,S12,2026-07-03,Site officiel,Prévente,1,25.52,0.0,25.52,ORBITE 2026-27
O005195,B04325,S12,2026-07-03,Ticketmaster,Prévente,2,25.52,2.67,51.04,ORBITE 2026-27
O005196,B04326,S12,2026-07-03,Site officiel,Normal,2,29.0,0.0,58.0,ORBITE 2026-27
O005197,B04327,S12,2026-07-03,Ticketmaster,Normal,3,29.0,2.42,87.0,ORBITE 2026-27
O005198,B04328,S12,2026-07-03,Fnac Spectacles,Normal,2,29.0,3.38,58.0,ORBITE 2026-27
O005199,B04329,S12,2026-07-03,Site officiel,Normal,1,29.0,0.0,29.0,ORBITE 2026-27
O005200,B04330,S12,2026-07-03,Dice,Normal,2,29.0,2.09,58.0,ORBITE 2026-27
O005201,B03433,S12,2026-07-03,Site officiel,Normal,3,29.0,0.0,87.0,ORBITE 2026-27
O005202,B04331,S12,2026-07-03,Ticketmaster,Prévente,2,25.52,2.03,51.04,ORBITE 2026-27
O005203,B00862,S12,2026-07-03,Ticketmaster,Prévente,2,25.52,3.27,51.04,ORBITE 2026-27
O005204,B04332,S12,2026-07-04,Shotgun,Normal,2,29.0,3.22,58.0,ORBITE 2026-27
O005205,B04333,S12,2026-07-04,Dice,Normal,2,29.0,1.92,58.0,ORBITE 2026-27
O005206,B04334,S12,2026-07-04,Dice,Normal,2,29.0,2.46,58.0,ORBITE 2026-27
O005207,B04335,S12,2026-07-04,Dice,Normal,3,29.0,2.59,87.0,ORBITE 2026-27
O005208,B04336,S12,2026-07-04,Ticketmaster,Prévente,2,25.52,2.38,51.04,ORBITE 2026-27
O005209,B04337,S12,2026-07-04,Ticketmaster,Normal,1,29.0,2.63,29.0,ORBITE 2026-27
O005210,B04338,S12,2026-07-04,Shotgun,Normal,2,29.0,1.96,58.0,ORBITE 2026-27
O005211,B01927,S12,2026-07-04,Dice,Normal,1,29.0,2.4,29.0,ORBITE 2026-27
O005212,B04339,S12,2026-07-04,Dice,Normal,1,29.0,3.18,29.0,ORBITE 2026-27
O005213,B04340,S12,2026-07-04,Ticketmaster,Normal,2,29.0,2.09,58.0,ORBITE 2026-27
O005214,B04341,S12,2026-07-04,Fnac Spectacles,Normal,1,29.0,3.33,29.0,ORBITE 2026-27
O005215,B04342,S12,2026-07-05,Site officiel,Prévente,2,25.52,0.0,51.04,ORBITE 2026-27
O005216,B04343,S12,2026-07-05,Site officiel,Normal,2,29.0,0.0,58.0,ORBITE 2026-27
O005217,B04344,S12,2026-07-05,Site officiel,Normal,2,29.0,0.0,58.0,ORBITE 2026-27
O005218,B04345,S12,2026-07-05,Shotgun,Normal,2,29.0,2.26,58.0,ORBITE 2026-27
O005219,B04346,S12,2026-07-05,Shotgun,Normal,2,29.0,2.5,58.0,ORBITE 2026-27
O005220,B02886,S12,2026-07-05,Shotgun,Normal,2,29.0,2.7,58.0,ORBITE 2026-27
O005221,B04347,S12,2026-07-05,Shotgun,Prévente,2,25.52,2.96,51.04,ORBITE 2026-27
O005222,B04348,S12,2026-07-05,Site officiel,Normal,2,29.0,0.0,58.0,ORBITE 2026-27
O005223,B04349,S12,2026-07-05,Site officiel,Normal,1,29.0,0.0,29.0,ORBITE 2026-27
O005224,B04350,S12,2026-07-05,Site officiel,Normal,2,29.0,0.0,58.0,ORBITE 2026-27
O005225,B04351,S12,2026-07-05,Dice,Normal,2,29.0,2.98,58.0,ORBITE 2026-27
O005226,B04352,S12,2026-07-05,Dice,Normal,2,29.0,2.94,58.0,ORBITE 2026-27
O005227,B02185,S12,2026-07-06,Ticketmaster,Normal,2,29.0,2.18,58.0,ORBITE 2026-27
O005228,B04353,S12,2026-07-06,Shotgun,Normal,2,29.0,2.57,58.0,ORBITE 2026-27
O005229,B04354,S12,2026-07-06,Shotgun,Normal,2,29.0,2.09,58.0,ORBITE 2026-27
O005230,B04355,S12,2026-07-06,Shotgun,Prévente,2,25.52,3.05,51.04,ORBITE 2026-27
O005231,B04356,S12,2026-07-06,Dice,Prévente,2,25.52,2.46,51.04,ORBITE 2026-27
O005232,B04357,S12,2026-07-06,Fnac Spectacles,Normal,1,29.0,3.01,29.0,ORBITE 2026-27
O005233,B04358,S12,2026-07-07,Ticketmaster,Normal,2,29.0,2.42,58.0,ORBITE 2026-27
O005234,B04359,S12,2026-07-07,Fnac Spectacles,Normal,2,29.0,2.32,58.0,ORBITE 2026-27
O005235,B04360,S12,2026-07-07,Ticketmaster,Normal,2,29.0,1.93,58.0,ORBITE 2026-27
O005236,B04361,S12,2026-07-07,Dice,Normal,2,29.0,2.4,58.0,ORBITE 2026-27
O005237,B04362,S12,2026-07-07,Site officiel,Carré or,2,42.05,0.0,84.1,ORBITE 2026-27
O005238,B04363,S12,2026-07-07,Ticketmaster,Normal,2,29.0,2.56,58.0,ORBITE 2026-27
O005239,B04364,S12,2026-07-08,Shotgun,Normal,2,29.0,2.78,58.0,ORBITE 2026-27
O005240,B04365,S12,2026-07-08,Shotgun,Carré or,4,42.05,3.35,168.2,ORBITE 2026-27
O005241,B04366,S12,2026-07-08,Dice,Normal,2,29.0,2.07,58.0,ORBITE 2026-27
O005242,B04367,S12,2026-07-08,Ticketmaster,Normal,2,29.0,2.42,58.0,ORBITE 2026-27
O005243,B04368,S12,2026-07-08,Shotgun,Normal,2,29.0,2.9,58.0,ORBITE 2026-27
O005244,B02645,S12,2026-07-08,Site officiel,Normal,1,29.0,0.0,29.0,ORBITE 2026-27
O005245,B02252,S12,2026-07-08,Dice,Normal,2,29.0,2.66,58.0,ORBITE 2026-27
O005246,B04369,S12,2026-07-09,Site officiel,Normal,2,29.0,0.0,58.0,ORBITE 2026-27
O005247,B02222,S12,2026-07-09,Shotgun,Normal,2,29.0,2.89,58.0,ORBITE 2026-27
O005248,B04370,S12,2026-07-09,Shotgun,Normal,2,29.0,2.37,58.0,ORBITE 2026-27
O005249,B00890,S12,2026-07-09,Dice,Normal,2,29.0,3.37,58.0,ORBITE 2026-27
O005250,B04371,S12,2026-07-09,Dice,Normal,2,29.0,2.52,58.0,ORBITE 2026-27
O005251,B04372,S12,2026-07-09,Dice,Normal,3,29.0,2.98,87.0,ORBITE 2026-27
O005252,B04373,S12,2026-07-09,Dice,Normal,3,29.0,2.34,87.0,ORBITE 2026-27
O005253,B04374,S12,2026-07-10,Ticketmaster,Normal,2,29.0,2.58,58.0,ORBITE 2026-27
O005254,B04375,S12,2026-07-10,Fnac Spectacles,Normal,2,29.0,3.14,58.0,ORBITE 2026-27
O005255,B04376,S12,2026-07-10,Shotgun,Normal,2,29.0,2.13,58.0,ORBITE 2026-27
O005256,B04377,S12,2026-07-10,Shotgun,Normal,2,29.0,2.36,58.0,ORBITE 2026-27
O005257,B04378,S12,2026-07-10,Shotgun,Normal,2,29.0,2.92,58.0,ORBITE 2026-27
O005258,B01411,S12,2026-07-10,Site officiel,Normal,2,29.0,0.0,58.0,ORBITE 2026-27
O005259,B04379,S12,2026-07-10,Ticketmaster,Normal,2,29.0,2.62,58.0,ORBITE 2026-27
O005260,B04380,S12,2026-07-10,Fnac Spectacles,Normal,2,29.0,2.0,58.0,ORBITE 2026-27
O005261,B04381,S12,2026-07-10,Site officiel,Normal,2,29.0,0.0,58.0,ORBITE 2026-27
O005262,B04382,S12,2026-07-10,Fnac Spectacles,Prévente,1,25.52,2.75,25.52,ORBITE 2026-27
O005263,B04383,S12,2026-07-10,Dice,Normal,2,29.0,3.02,58.0,ORBITE 2026-27
O005264,B04384,S12,2026-07-10,Site officiel,Normal,2,29.0,0.0,58.0,ORBITE 2026-27
O005265,B03932,S12,2026-07-11,Dice,Normal,1,29.0,2.19,29.0,ORBITE 2026-27
O005266,B04385,S12,2026-07-11,Dice,Normal,2,29.0,2.29,58.0,ORBITE 2026-27
O005267,B04386,S12,2026-07-11,Shotgun,Normal,3,29.0,2.02,87.0,ORBITE 2026-27
O005268,B00077,S12,2026-07-11,Dice,Normal,2,29.0,1.95,58.0,ORBITE 2026-27
O005269,B04387,S12,2026-07-11,Fnac Spectacles,Normal,2,29.0,2.0,58.0,ORBITE 2026-27
O005270,B04388,S12,2026-07-12,Dice,Normal,2,29.0,2.41,58.0,ORBITE 2026-27
O005271,B04389,S12,2026-07-12,Site officiel,Normal,3,29.0,0.0,87.0,ORBITE 2026-27
O005272,B03366,S12,2026-07-12,Shotgun,Normal,3,29.0,2.85,87.0,ORBITE 2026-27
O005273,B04390,S12,2026-07-12,Dice,Normal,4,29.0,2.06,116.0,ORBITE 2026-27
O005274,B04391,S12,2026-07-12,Site officiel,Normal,2,29.0,0.0,58.0,ORBITE 2026-27
O005275,B04392,S12,2026-07-13,Shotgun,Normal,2,29.0,3.14,58.0,ORBITE 2026-27
O005276,B04393,S12,2026-07-14,Shotgun,Normal,2,29.0,3.03,58.0,ORBITE 2026-27
O005277,B04394,S12,2026-07-14,Site officiel,Normal,1,29.0,0.0,29.0,ORBITE 2026-27
O005278,B04395,S12,2026-07-14,Site officiel,Normal,2,29.0,0.0,58.0,ORBITE 2026-27
O005279,B04396,S12,2026-07-14,Ticketmaster,Normal,1,29.0,3.32,29.0,ORBITE 2026-27
O005280,B04397,S12,2026-07-15,Dice,Normal,1,29.0,2.63,29.0,ORBITE 2026-27
O005281,B04398,S12,2026-07-15,Fnac Spectacles,Normal,2,29.0,3.19,58.0,ORBITE 2026-27
O005282,B04399,S12,2026-07-15,Fnac Spectacles,Normal,1,29.0,2.99,29.0,ORBITE 2026-27
O005283,B04400,S12,2026-07-15,Shotgun,Normal,2,29.0,2.91,58.0,ORBITE 2026-27
O005284,B04401,S12,2026-07-16,Fnac Spectacles,Normal,2,29.0,2.88,58.0,ORBITE 2026-27
O005285,B04402,S12,2026-07-16,Site officiel,Normal,2,29.0,0.0,58.0,ORBITE 2026-27
O005286,B04403,S12,2026-07-16,Site officiel,Normal,2,29.0,0.0,58.0,ORBITE 2026-27
O005287,B04404,S12,2026-07-16,Dice,Normal,2,29.0,1.91,58.0,ORBITE 2026-27
O005288,B04405,S12,2026-07-16,Dice,Normal,2,29.0,1.98,58.0,ORBITE 2026-27
O005289,B04406,S12,2026-07-16,Dice,Normal,2,29.0,2.93,58.0,ORBITE 2026-27
O005290,B03983,S12,2026-07-17,Dice,Normal,2,29.0,2.04,58.0,ORBITE 2026-27
O005291,B04407,S12,2026-07-17,Ticketmaster,Normal,3,29.0,2.75,87.0,ORBITE 2026-27
O005292,B04408,S12,2026-07-17,Fnac Spectacles,Normal,2,29.0,2.07,58.0,ORBITE 2026-27
O005293,B04409,S12,2026-07-18,Shotgun,Prévente,2,25.52,2.24,51.04,ORBITE 2026-27
O005294,B04410,S12,2026-07-18,Fnac Spectacles,Normal,1,29.0,2.56,29.0,ORBITE 2026-27
O005295,B04411,S12,2026-07-18,Ticketmaster,Carré or,1,42.05,3.07,42.05,ORBITE 2026-27
O005296,B04412,S12,2026-07-18,Site officiel,Normal,4,29.0,0.0,116.0,ORBITE 2026-27
O005297,B04413,S12,2026-07-19,Ticketmaster,Normal,2,29.0,2.35,58.0,ORBITE 2026-27
O005298,B04414,S12,2026-07-19,Dice,Normal,2,29.0,2.62,58.0,ORBITE 2026-27
O005299,B04415,S12,2026-07-19,Fnac Spectacles,Normal,2,29.0,2.84,58.0,ORBITE 2026-27
O005300,B04416,S12,2026-07-19,Site officiel,Normal,2,29.0,0.0,58.0,ORBITE 2026-27
O005301,B04417,S12,2026-07-19,Shotgun,Normal,2,29.0,2.82,58.0,ORBITE 2026-27
O005302,B04418,S12,2026-07-19,Ticketmaster,Normal,1,29.0,2.65,29.0,ORBITE 2026-27
O005303,B04419,S12,2026-07-20,Ticketmaster,Normal,1,29.0,1.97,29.0,ORBITE 2026-27
O005304,B04420,S12,2026-07-20,Ticketmaster,Normal,2,29.0,2.49,58.0,ORBITE 2026-27
O005305,B03824,S12,2026-07-20,Fnac Spectacles,Normal,1,29.0,2.44,29.0,ORBITE 2026-27
O005306,B04421,S12,2026-07-22,Dice,Normal,2,29.0,2.32,58.0,ORBITE 2026-27
O005307,B04422,S12,2026-07-22,Site officiel,Normal,2,29.0,0.0,58.0,ORBITE 2026-27
O005308,B04423,S12,2026-07-22,Site officiel,Normal,2,29.0,0.0,58.0,ORBITE 2026-27
O005309,B04424,S12,2026-07-22,Fnac Spectacles,Normal,2,29.0,3.18,58.0,ORBITE 2026-27
O005310,B04425,S12,2026-07-22,Site officiel,Carré or,2,42.05,0.0,84.1,ORBITE 2026-27
O005311,B04426,S12,2026-07-24,Dice,Normal,1,29.0,3.27,29.0,ORBITE 2026-27
O005312,B04427,S12,2026-07-24,Shotgun,Normal,2,29.0,3.18,58.0,ORBITE 2026-27
O005313,B04428,S12,2026-07-24,Shotgun,Normal,1,29.0,2.99,29.0,ORBITE 2026-27
O005314,B04429,S12,2026-07-24,Fnac Spectacles,Normal,2,29.0,2.92,58.0,ORBITE 2026-27
O005315,B04430,S12,2026-07-24,Dice,Normal,2,29.0,2.33,58.0,ORBITE 2026-27
O005316,B04431,S12,2026-07-25,Site officiel,Normal,4,29.0,0.0,116.0,ORBITE 2026-27
O005317,B04432,S12,2026-07-25,Shotgun,Carré or,1,42.05,2.52,42.05,ORBITE 2026-27
O005318,B04433,S12,2026-07-25,Site officiel,Normal,2,29.0,0.0,58.0,ORBITE 2026-27
O005319,B04434,S12,2026-07-25,Fnac Spectacles,Normal,2,29.0,3.03,58.0,ORBITE 2026-27
O005320,B04435,S12,2026-07-26,Ticketmaster,Normal,2,29.0,2.43,58.0,ORBITE 2026-27
O005321,B04436,S12,2026-07-26,Dice,Normal,2,29.0,2.71,58.0,ORBITE 2026-27
O005322,B01747,S12,2026-07-26,Ticketmaster,Normal,1,29.0,3.02,29.0,ORBITE 2026-27
O005323,B03271,S12,2026-07-26,Site officiel,Normal,1,29.0,0.0,29.0,ORBITE 2026-27
O005324,B04437,S12,2026-07-26,Dice,Normal,2,29.0,3.24,58.0,ORBITE 2026-27
O005325,B04438,S12,2026-07-28,Ticketmaster,Normal,2,29.0,2.1,58.0,ORBITE 2026-27
O005326,B04439,S12,2026-07-29,Fnac Spectacles,Normal,2,29.0,2.82,58.0,ORBITE 2026-27
O005327,B04440,S12,2026-07-29,Site officiel,Normal,2,29.0,0.0,58.0,ORBITE 2026-27
O005328,B04441,S12,2026-07-29,Shotgun,Normal,1,29.0,2.06,29.0,ORBITE 2026-27
O005329,B04442,S12,2026-07-29,Site officiel,Normal,2,29.0,0.0,58.0,ORBITE 2026-27
O005330,B04443,S12,2026-07-30,Shotgun,Normal,2,29.0,2.89,58.0,ORBITE 2026-27
O005331,B04444,S12,2026-07-31,Fnac Spectacles,Normal,2,29.0,3.38,58.0,ORBITE 2026-27
O005332,B04445,S12,2026-07-31,Dice,Normal,2,29.0,3.25,58.0,ORBITE 2026-27
O005333,B04446,S12,2026-07-31,Site officiel,Normal,1,29.0,0.0,29.0,ORBITE 2026-27
O005334,B04447,S12,2026-08-01,Site officiel,Carré or,1,42.05,0.0,42.05,ORBITE 2026-27
O005335,B00711,S12,2026-08-01,Ticketmaster,Normal,2,29.0,1.99,58.0,ORBITE 2026-27
O005336,B00726,S12,2026-08-01,Shotgun,Normal,1,29.0,2.03,29.0,ORBITE 2026-27
O005337,B04448,S12,2026-08-02,Dice,Normal,1,29.0,2.33,29.0,ORBITE 2026-27
O005338,B04449,S12,2026-08-02,Dice,Normal,2,29.0,2.69,58.0,ORBITE 2026-27
O005339,B04450,S12,2026-08-03,Shotgun,Normal,3,29.0,3.19,87.0,ORBITE 2026-27
O005340,B04451,S12,2026-08-03,Dice,Normal,2,29.0,2.32,58.0,ORBITE 2026-27
O005341,B04452,S12,2026-08-03,Fnac Spectacles,Normal,2,29.0,2.7,58.0,ORBITE 2026-27
O005342,B02511,S12,2026-08-03,Dice,Normal,2,29.0,2.23,58.0,ORBITE 2026-27
O005343,B04453,S12,2026-08-03,Site officiel,Normal,2,29.0,0.0,58.0,ORBITE 2026-27
O005344,B04454,S12,2026-08-04,Dice,Normal,2,29.0,2.16,58.0,ORBITE 2026-27
O005345,B01171,S12,2026-08-04,Site officiel,Normal,2,29.0,0.0,58.0,ORBITE 2026-27
O005346,B04455,S12,2026-08-04,Site officiel,Normal,3,29.0,0.0,87.0,ORBITE 2026-27
