buyer_id,recency,frequency,monetary,R,F,M,segment,contactable,opt_in_email,opt_in_push,source,dept
B00001,40,4,288.3,3,4,4,Noyau dur,True,True,False,Tournée 2024,75
B00002,49,6,229.52,2,4,4,Noyau dur,True,True,False,Tournée 2024,75
B00003,678,3,117.0,1,3,4,À réactiver,False,False,True,Tournée 2024,75
B00004,697,1,24.0,1,1,1,À réactiver,False,False,True,Tournée 2024,75
B00005,677,3,168.0,1,3,4,À réactiver,False,False,False,Tournée 2024,75
B00006,679,3,240.0,1,3,4,À réactiver,True,True,False,Tournée 2024,75
B00007,710,1,48.0,1,1,2,À réactiver,True,True,False,Tournée 2024,75
B00008,699,4,188.0,1,4,4,À réactiver,True,True,False,Tournée 2024,35
B00009,680,2,72.0,1,2,3,À réactiver,False,False,False,Tournée 2024,75
B00010,690,2,96.0,1,2,4,À réactiver,True,True,False,Tournée 2024,75
B00011,47,3,153.2,2,3,4,Noyau dur,False,False,False,Tournée 2024,44
B00012,692,1,48.0,1,1,2,À réactiver,True,True,False,Tournée 2024,75
B00013,726,2,96.0,1,2,4,À réactiver,True,True,False,Tournée 2024,75
B00014,705,3,144.0,1,3,4,À réactiver,True,True,False,Tournée 2024,75
B00015,671,2,68.0,1,2,3,À réactiver,True,True,False,Tournée 2024,75
B00016,56,2,78.0,1,2,4,Noyau dur,True,True,False,Tournée 2024,75
B00017,684,3,91.0,1,3,4,À réactiver,True,True,True,Tournée 2024,75
B00018,746,1,48.0,1,1,2,À réactiver,True,True,False,Tournée 2024,75
B00019,63,3,184.0,1,3,4,Noyau dur,True,True,False,Tournée 2024,75
B00020,698,5,210.0,1,4,4,À réactiver,False,False,False,Tournée 2024,75
B00021,741,1,96.0,1,1,4,À réactiver,True,True,False,Tournée 2024,75
B00022,48,4,196.0,2,4,4,Noyau dur,False,False,False,Tournée 2024,75
B00023,56,2,76.8,1,2,4,Noyau dur,True,True,True,Tournée 2024,75
B00024,62,2,104.32,1,2,4,Noyau dur,True,True,False,Tournée 2024,75
B00025,668,3,110.0,1,3,4,À réactiver,True,True,False,Tournée 2024,75
B00026,730,1,48.0,1,1,2,À réactiver,False,False,False,Tournée 2024,75
B00027,684,2,92.0,1,2,4,À réactiver,False,False,False,Tournée 2024,75
B00028,695,3,118.0,1,3,4,À réactiver,False,False,False,Tournée 2024,31
B00029,686,3,112.0,1,3,4,À réactiver,True,True,False,Tournée 2024,75
B00030,745,1,48.0,1,1,2,À réactiver,False,False,False,Tournée 2024,75
B00031,701,5,208.0,1,4,4,À réactiver,False,False,False,Tournée 2024,75
B00032,745,1,96.0,1,1,4,À réactiver,True,True,True,Tournée 2024,75
B00033,725,1,72.0,1,1,3,À réactiver,True,True,False,Tournée 2024,75
B00034,667,2,114.0,1,2,4,À réactiver,True,True,False,Tournée 2024,67
B00035,709,1,48.0,1,1,2,À réactiver,True,True,True,Tournée 2024,75
B00036,735,2,72.0,1,2,3,À réactiver,True,True,False,Tournée 2024,75
B00037,641,2,68.0,1,2,3,À réactiver,False,False,False,Tournée 2024,33
B00038,739,1,48.0,1,1,2,À réactiver,True,True,True,Tournée 2024,75
B00039,706,1,48.0,1,1,2,À réactiver,True,True,False,Tournée 2024,33
B00040,702,1,24.0,1,1,1,À réactiver,False,False,False,Tournée 2024,75
B00041,753,1,24.0,1,1,1,À réactiver,False,False,False,Tournée 2024,75
B00042,61,2,112.0,1,2,4,Noyau dur,True,True,False,Tournée 2024,75
B00043,693,1,48.0,1,1,2,À réactiver,True,True,False,Tournée 2024,75
B00044,727,3,96.0,1,3,4,À réactiver,True,True,False,Tournée 2024,BE
B00045,56,3,150.0,1,3,4,Noyau dur,False,False,False,Tournée 2024,44
B00046,714,1,48.0,1,1,2,À réactiver,False,False,False,Tournée 2024,75
B00047,711,1,48.0,1,1,2,À réactiver,True,True,False,Tournée 2024,75
B00048,681,1,48.0,1,1,2,À réactiver,True,True,True,Tournée 2024,75
B00049,755,1,48.0,1,1,2,À réactiver,True,True,False,Tournée 2024,75
B00050,42,3,146.0,3,3,4,Noyau dur,True,True,False,Tournée 2024,75
B00051,688,1,48.0,1,1,2,À réactiver,True,True,True,Tournée 2024,75
B00052,688,2,45.0,1,2,2,À réactiver,True,True,True,Tournée 2024,75
B00053,59,3,164.8,1,3,4,Noyau dur,False,False,True,Tournée 2024,67
B00054,55,2,100.8,2,2,4,Noyau dur,False,False,True,Tournée 2024,75
B00055,48,2,105.2,2,2,4,Noyau dur,True,True,False,Tournée 2024,75
B00056,730,2,120.0,1,2,4,À réactiver,True,True,False,Tournée 2024,75
B00057,652,2,90.0,1,2,4,À réactiver,True,True,False,Tournée 2024,75
B00058,690,1,48.0,1,1,2,À réactiver,True,True,False,Tournée 2024,75
B00059,38,3,173.0,3,3,4,Noyau dur,True,True,False,Tournée 2024,75
B00060,728,1,48.0,1,1,2,À réactiver,True,True,False,Tournée 2024,75
B00061,700,1,48.0,1,1,2,À réactiver,True,True,False,Tournée 2024,75
B00062,710,1,48.0,1,1,2,À réactiver,False,False,False,Tournée 2024,75
B00063,679,1,24.0,1,1,1,À réactiver,True,True,False,Tournée 2024,75
B00064,706,1,48.0,1,1,2,À réactiver,True,True,False,Tournée 2024,75
B00065,737,2,120.0,1,2,4,À réactiver,True,True,True,Tournée 2024,75
B00066,48,2,108.0,2,2,4,Noyau dur,False,False,False,Tournée 2024,75
B00067,692,3,114.0,1,3,4,À réactiver,True,True,False,Tournée 2024,75
B00068,709,1,48.0,1,1,2,À réactiver,True,True,True,Tournée 2024,75
B00069,694,1,48.0,1,1,2,À réactiver,False,False,False,Tournée 2024,75
B00070,726,1,24.0,1,1,1,À réactiver,True,True,False,Tournée 2024,75
B00071,727,1,48.0,1,1,2,À réactiver,True,True,False,Tournée 2024,75
B00072,716,1,96.0,1,1,4,À réactiver,True,True,False,Tournée 2024,75
B00073,691,1,48.0,1,1,2,À réactiver,False,False,False,Tournée 2024,44
B00074,754,1,48.0,1,1,2,À réactiver,False,False,False,Tournée 2024,75
B00075,684,3,160.0,1,3,4,À réactiver,True,True,False,Tournée 2024,59
B00076,56,2,84.0,1,2,4,Noyau dur,True,True,False,Tournée 2024,75
B00077,24,3,128.0,4,3,4,Noyau dur,True,True,False,Tournée 2024,33
B00078,723,1,48.0,1,1,2,À réactiver,False,False,False,Tournée 2024,75
B00079,52,2,100.8,2,2,4,Noyau dur,True,True,False,Tournée 2024,75
B00080,696,2,96.0,1,2,4,À réactiver,False,False,False,Tournée 2024,75
B00081,55,3,120.0,2,3,4,Noyau dur,True,True,False,Tournée 2024,75
B00082,670,2,90.0,1,2,4,À réactiver,True,True,False,Tournée 2024,75
B00083,49,3,206.0,2,3,4,Noyau dur,True,True,False,Tournée 2024,75
B00084,701,2,116.0,1,2,4,À réactiver,True,True,False,Tournée 2024,75
B00085,717,2,70.0,1,2,3,À réactiver,False,False,False,Tournée 2024,75
B00086,682,2,72.0,1,2,3,À réactiver,True,True,False,Tournée 2024,75
B00087,690,3,158.0,1,3,4,À réactiver,True,True,False,Tournée 2024,75
B00088,691,2,96.0,1,2,4,À réactiver,True,True,False,Tournée 2024,75
B00089,749,1,48.0,1,1,2,À réactiver,False,False,False,Tournée 2024,75
B00090,753,1,48.0,1,1,2,À réactiver,True,True,False,Tournée 2024,13
B00091,711,1,48.0,1,1,2,À réactiver,False,False,False,Tournée 2024,75
B00092,691,3,116.0,1,3,4,À réactiver,True,True,False,Tournée 2024,75
B00093,689,1,48.0,1,1,2,À réactiver,False,False,True,Tournée 2024,75
B00094,684,3,138.0,1,3,4,À réactiver,False,False,False,Tournée 2024,75
B00095,739,1,48.0,1,1,2,À réactiver,True,True,False,Tournée 2024,75
B00096,706,2,92.0,1,2,4,À réactiver,True,True,False,Tournée 2024,75
B00097,678,1,48.0,1,1,2,À réactiver,True,True,False,Tournée 2024,75
B00098,743,1,48.0,1,1,2,À réactiver,True,True,False,Tournée 2024,75
B00099,712,2,69.0,1,2,3,À réactiver,True,True,False,Tournée 2024,75
B00100,39,2,75.0,3,2,4,Noyau dur,False,False,False,Tournée 2024,35
B00101,753,1,48.0,1,1,2,À réactiver,True,True,True,Tournée 2024,75
B00102,721,2,72.0,1,2,3,À réactiver,False,False,False,Tournée 2024,75
B00103,42,5,222.0,3,4,4,Noyau dur,True,True,False,Tournée 2024,75
B00104,736,1,24.0,1,1,1,À réactiver,False,False,False,Tournée 2024,75
B00105,683,1,72.0,1,1,4,À réactiver,True,True,False,Tournée 2024,34
B00106,673,3,156.0,1,3,4,À réactiver,True,True,False,Tournée 2024,75
B00107,56,3,176.0,1,3,4,Noyau dur,True,True,False,Tournée 2024,75
B00108,735,1,48.0,1,1,2,À réactiver,True,True,True,Tournée 2024,75
B00109,703,1,48.0,1,1,2,À réactiver,True,True,False,Tournée 2024,75
B00110,727,2,92.0,1,2,4,À réactiver,False,False,False,Tournée 2024,75
B00111,679,2,72.0,1,2,4,À réactiver,True,True,True,Tournée 2024,75
B00112,732,1,48.0,1,1,2,À réactiver,False,False,False,Tournée 2024,75
B00113,676,1,48.0,1,1,2,À réactiver,False,False,False,Tournée 2024,75
B00114,692,1,48.0,1,1,2,À réactiver,True,True,False,Tournée 2024,75
B00115,29,2,88.6,3,2,4,Noyau dur,False,False,False,Tournée 2024,75
B00116,696,1,72.0,1,1,4,À réactiver,True,True,False,Tournée 2024,75
B00117,60,4,224.0,1,4,4,Noyau dur,True,True,True,Tournée 2024,75
B00118,677,1,24.0,1,1,1,À réactiver,False,False,False,Tournée 2024,34
B00119,710,1,24.0,1,1,1,À réactiver,True,True,False,Tournée 2024,75
B00120,720,1,24.0,1,1,1,À réactiver,False,False,False,Tournée 2024,35
B00121,39,3,146.0,3,3,4,Noyau dur,False,False,True,Tournée 2024,75
B00122,695,1,48.0,1,1,2,À réactiver,True,True,False,Tournée 2024,75
B00123,641,2,116.0,1,2,4,À réactiver,True,True,False,Tournée 2024,75
B00124,646,3,134.0,1,3,4,À réactiver,True,True,False,Tournée 2024,75
B00125,42,2,76.0,3,2,4,Noyau dur,False,False,False,Tournée 2024,59
B00126,676,3,136.0,1,3,4,À réactiver,True,True,False,Tournée 2024,75
B00127,704,2,92.0,1,2,4,À réactiver,True,True,False,Tournée 2024,75
B00128,45,2,104.0,2,2,4,Noyau dur,True,True,False,Tournée 2024,13
B00129,754,1,48.0,1,1,2,À réactiver,True,True,True,Tournée 2024,75
B00130,686,1,48.0,1,1,2,À réactiver,True,True,False,Tournée 2024,75
B00131,696,1,48.0,1,1,2,À réactiver,True,True,False,Tournée 2024,75
B00132,42,3,91.75999999999999,3,3,4,Noyau dur,False,False,False,Tournée 2024,44
B00133,44,2,97.28,2,2,4,Noyau dur,False,False,True,Tournée 2024,75
B00134,739,1,48.0,1,1,2,À réactiver,False,False,True,Tournée 2024,75
B00135,654,4,180.0,1,4,4,À réactiver,True,True,False,Tournée 2024,75
B00136,728,1,48.0,1,1,2,À réactiver,True,True,False,Tournée 2024,75
B00137,726,1,48.0,1,1,2,À réactiver,True,True,False,Tournée 2024,75
B00138,739,1,48.0,1,1,2,À réactiver,False,False,True,Tournée 2024,75
B00139,674,2,114.0,1,2,4,À réactiver,False,False,True,Tournée 2024,75
B00140,666,3,136.0,1,3,4,À réactiver,True,True,False,Tournée 2024,75
B00141,693,1,24.0,1,1,1,À réactiver,True,True,False,Tournée 2024,75
B00142,35,3,130.0,3,3,4,Noyau dur,False,False,True,Tournée 2024,75
B00143,744,1,24.0,1,1,1,À réactiver,True,True,True,Tournée 2024,75
B00144,62,2,88.0,1,2,4,Noyau dur,True,True,False,Tournée 2024,75
B00145,675,2,68.0,1,2,3,À réactiver,False,False,True,Tournée 2024,31
B00146,701,1,48.0,1,1,2,À réactiver,True,True,False,Tournée 2024,13
B00147,46,2,90.0,2,2,4,Noyau dur,True,True,True,Tournée 2024,75
B00148,730,1,48.0,1,1,2,À réactiver,True,True,True,Tournée 2024,75
B00149,711,1,24.0,1,1,1,À réactiver,True,True,True,Tournée 2024,75
B00150,647,2,92.0,1,2,4,À réactiver,True,True,False,Tournée 2024,75
B00151,731,1,48.0,1,1,2,À réactiver,False,False,False,Tournée 2024,75
B00152,699,1,24.0,1,1,1,À réactiver,False,False,True,Tournée 2024,75
B00153,37,3,144.0,3,3,4,Noyau dur,True,True,False,Tournée 2024,75
B00154,710,1,48.0,1,1,2,À réactiver,True,True,False,Tournée 2024,31
B00155,714,1,24.0,1,1,1,À réactiver,True,True,True,Tournée 2024,67
B00156,740,1,48.0,1,1,2,À réactiver,True,True,True,Tournée 2024,75
B00157,61,2,112.0,1,2,4,Noyau dur,True,True,True,Tournée 2024,75
B00158,62,2,58.0,1,2,3,Noyau dur,True,True,True,Tournée 2024,67
B00159,742,1,24.0,1,1,1,À réactiver,True,True,False,Tournée 2024,75
B00160,746,1,48.0,1,1,2,À réactiver,False,False,False,Tournée 2024,75
B00161,744,1,48.0,1,1,2,À réactiver,True,True,True,Tournée 2024,75
B00162,680,3,136.0,1,3,4,À réactiver,False,False,False,Tournée 2024,75
B00163,717,1,48.0,1,1,2,À réactiver,True,True,True,Tournée 2024,75
B00164,57,3,180.0,1,3,4,Noyau dur,False,False,True,Tournée 2024,75
B00165,55,3,230.0,2,3,4,Noyau dur,False,False,True,Tournée 2024,75
B00166,55,3,99.0,2,3,4,Noyau dur,False,False,False,Tournée 2024,69
B00167,690,2,88.0,1,2,4,À réactiver,True,True,False,Tournée 2024,34
B00168,694,1,44.0,1,1,1,À réactiver,False,False,True,Tournée 2024,69
B00169,670,1,22.0,1,1,1,À réactiver,True,True,True,Tournée 2024,69
B00170,746,1,44.0,1,1,1,À réactiver,True,True,False,Tournée 2024,69
B00171,662,2,88.0,1,2,4,À réactiver,True,True,True,Tournée 2024,69
B00172,739,1,44.0,1,1,1,À réactiver,False,False,False,Tournée 2024,69
B00173,679,2,44.0,1,2,1,À réactiver,True,True,False,Tournée 2024,69
B00174,741,2,66.0,1,2,3,À réactiver,False,False,False,Tournée 2024,69
B00175,705,1,44.0,1,1,1,À réactiver,True,True,False,Tournée 2024,69
B00176,672,2,66.0,1,2,3,À réactiver,True,True,False,Tournée 2024,69
B00177,691,1,44.0,1,1,1,À réactiver,False,False,False,Tournée 2024,31
B00178,715,1,44.0,1,1,1,À réactiver,True,True,False,Tournée 2024,69
B00179,741,1,44.0,1,1,1,À réactiver,True,True,False,Tournée 2024,69
B00180,711,1,44.0,1,1,1,À réactiver,False,False,False,Tournée 2024,33
B00181,704,1,22.0,1,1,1,À réactiver,True,True,False,Tournée 2024,69
B00182,678,1,44.0,1,1,1,À réactiver,False,False,True,Tournée 2024,69
B00183,661,3,110.0,1,3,4,À réactiver,True,True,False,Tournée 2024,69
B00184,732,1,44.0,1,1,1,À réactiver,False,False,False,Tournée 2024,69
B00185,670,1,44.0,1,1,1,À réactiver,True,True,False,Tournée 2024,69
B00186,694,2,110.0,1,2,4,À réactiver,True,True,False,Tournée 2024,34
B00187,710,1,44.0,1,1,1,À réactiver,False,False,False,Tournée 2024,69
B00188,739,1,88.0,1,1,4,À réactiver,True,True,True,Tournée 2024,33
B00189,671,1,22.0,1,1,1,À réactiver,False,False,False,Tournée 2024,69
B00190,722,2,88.0,1,2,4,À réactiver,True,True,True,Tournée 2024,69
B00191,687,2,66.0,1,2,3,À réactiver,True,True,False,Tournée 2024,69
B00192,683,1,44.0,1,1,1,À réactiver,True,True,False,Tournée 2024,69
B00193,52,2,78.0,2,2,4,Noyau dur,True,True,True,Tournée 2024,69
B00194,25,2,112.0,4,2,4,Noyau dur,True,True,False,Tournée 2024,33
B00195,704,1,22.0,1,1,1,À réactiver,True,True,False,Tournée 2024,69
B00196,677,1,22.0,1,1,1,À réactiver,True,True,True,Tournée 2024,67
B00197,749,1,44.0,1,1,1,À réactiver,True,True,True,Tournée 2024,69
B00198,49,3,162.0,2,3,4,Noyau dur,True,True,False,Tournée 2024,69
B00199,738,1,44.0,1,1,1,À réactiver,True,True,False,Tournée 2024,69
B00200,744,1,22.0,1,1,1,À réactiver,False,False,False,Tournée 2024,69
B00201,676,2,88.0,1,2,4,À réactiver,False,False,False,Tournée 2024,69
B00202,679,1,44.0,1,1,1,À réactiver,True,True,True,Tournée 2024,69
B00203,687,2,88.0,1,2,4,À réactiver,True,True,False,Tournée 2024,69
B00204,737,1,44.0,1,1,1,À réactiver,False,False,False,Tournée 2024,69
B00205,677,1,66.0,1,1,3,À réactiver,True,True,False,Tournée 2024,69
B00206,689,1,44.0,1,1,1,À réactiver,False,False,False,Tournée 2024,69
B00207,670,1,44.0,1,1,1,À réactiver,True,True,False,Tournée 2024,69
B00208,36,2,122.3,3,2,4,Noyau dur,False,False,False,Tournée 2024,67
B00209,696,1,44.0,1,1,1,À réactiver,False,False,False,Tournée 2024,69
B00210,663,2,44.0,1,2,1,À réactiver,True,True,False,Tournée 2024,69
B00211,669,1,44.0,1,1,1,À réactiver,False,False,False,Tournée 2024,69
B00212,733,1,44.0,1,1,1,À réactiver,True,True,False,Tournée 2024,34
B00213,681,1,44.0,1,1,1,À réactiver,True,True,False,Tournée 2024,69
B00214,729,1,44.0,1,1,1,À réactiver,True,True,False,Tournée 2024,69
B00215,55,4,192.0,2,4,4,Noyau dur,True,True,False,Tournée 2024,69
B00216,680,2,66.0,1,2,3,À réactiver,False,False,False,Tournée 2024,59
B00217,662,2,88.0,1,2,4,À réactiver,True,True,False,Tournée 2024,69
B00218,719,1,44.0,1,1,1,À réactiver,True,True,True,Tournée 2024,69
B00219,61,2,90.0,1,2,4,Noyau dur,True,True,True,Tournée 2024,69
B00220,41,2,76.0,3,2,4,Noyau dur,True,True,True,Tournée 2024,69
B00221,55,2,100.0,2,2,4,Noyau dur,False,False,True,Tournée 2024,69
B00222,54,2,82.0,2,2,4,Noyau dur,True,True,False,Tournée 2024,33
B00223,741,1,22.0,1,1,1,À réactiver,True,True,False,Tournée 2024,69
B00224,726,2,88.0,1,2,4,À réactiver,True,True,True,Tournée 2024,69
B00225,704,2,66.0,1,2,3,À réactiver,True,True,False,Tournée 2024,35
B00226,682,3,198.0,1,3,4,À réactiver,True,True,False,Tournée 2024,69
B00227,696,3,110.0,1,3,4,À réactiver,True,True,False,Tournée 2024,69
B00228,696,2,66.0,1,2,3,À réactiver,True,True,False,Tournée 2024,31
B00229,683,1,44.0,1,1,1,À réactiver,False,False,False,Tournée 2024,69
B00230,691,1,44.0,1,1,1,À réactiver,True,True,False,Tournée 2024,67
B00231,742,1,66.0,1,1,3,À réactiver,False,False,False,Tournée 2024,69
B00232,41,2,76.0,3,2,4,Noyau dur,False,False,False,Tournée 2024,69
B00233,736,1,44.0,1,1,1,À réactiver,True,True,False,Tournée 2024,69
B00234,729,1,44.0,1,1,1,À réactiver,True,True,False,Tournée 2024,69
B00235,42,2,112.64,3,2,4,Noyau dur,True,True,False,Tournée 2024,69
B00236,8,2,96.0,4,2,4,Noyau dur,True,True,False,Tournée 2024,69
B00237,677,1,44.0,1,1,1,À réactiver,True,True,False,Tournée 2024,69
B00238,673,2,88.0,1,2,4,À réactiver,True,True,False,Tournée 2024,69
B00239,40,2,98.0,3,2,4,Noyau dur,True,True,False,Tournée 2024,69
B00240,696,2,66.0,1,2,3,À réactiver,False,False,False,Tournée 2024,69
B00241,683,1,44.0,1,1,1,À réactiver,True,True,False,Tournée 2024,69
B00242,40,3,94.16,3,3,4,Noyau dur,False,False,False,Tournée 2024,69
B00243,38,3,122.0,3,3,4,Noyau dur,True,True,False,Tournée 2024,69
B00244,54,2,96.8,2,2,4,Noyau dur,True,True,False,Tournée 2024,69
B00245,681,2,66.0,1,2,3,À réactiver,False,False,False,Tournée 2024,69
B00246,62,3,98.0,1,3,4,Noyau dur,True,True,False,Tournée 2024,69
B00247,706,1,44.0,1,1,1,À réactiver,True,True,False,Tournée 2024,13
B00248,657,3,130.0,1,3,4,À réactiver,True,True,False,Tournée 2024,69
B00249,705,1,44.0,1,1,1,À réactiver,False,False,False,Tournée 2024,69
B00250,39,2,96.0,3,2,4,Noyau dur,True,True,False,Tournée 2024,69
B00251,61,3,156.0,1,3,4,Noyau dur,False,False,False,Tournée 2024,69
B00252,690,1,66.0,1,1,3,À réactiver,False,False,False,Tournée 2024,31
B00253,704,2,88.0,1,2,4,À réactiver,True,True,False,Tournée 2024,69
B00254,680,1,22.0,1,1,1,À réactiver,True,True,True,Tournée 2024,59
B00255,732,1,88.0,1,1,4,À réactiver,True,True,False,Tournée 2024,69
B00256,724,1,44.0,1,1,1,À réactiver,False,False,False,Tournée 2024,69
B00257,56,2,82.0,1,2,4,Noyau dur,True,True,False,Tournée 2024,69
B00258,700,1,44.0,1,1,1,À réactiver,True,True,False,Tournée 2024,13
B00259,694,2,66.0,1,2,3,À réactiver,True,True,False,Tournée 2024,69
B00260,728,1,44.0,1,1,1,À réactiver,True,True,False,Tournée 2024,75
B00261,692,1,22.0,1,1,1,À réactiver,True,True,False,Tournée 2024,33
B00262,53,2,50.0,2,2,2,Noyau dur,False,False,False,Tournée 2024,33
B00263,56,2,74.0,1,2,4,Noyau dur,True,True,False,Tournée 2024,44
B00264,666,2,88.0,1,2,4,À réactiver,False,False,False,Tournée 2024,33
B00265,723,1,44.0,1,1,1,À réactiver,True,True,False,Tournée 2024,35
B00266,54,3,164.0,2,3,4,Noyau dur,True,True,False,Tournée 2024,33
B00267,33,2,100.0,3,2,4,Noyau dur,True,True,False,Tournée 2024,33
B00268,672,3,88.0,1,3,4,À réactiver,True,True,True,Tournée 2024,33
B00269,697,1,22.0,1,1,1,À réactiver,False,False,False,Tournée 2024,33
B00270,700,1,44.0,1,1,1,À réactiver,True,True,False,Tournée 2024,33
B00271,720,1,22.0,1,1,1,À réactiver,True,True,False,Tournée 2024,33
B00272,735,1,66.0,1,1,3,À réactiver,True,True,False,Tournée 2024,33
B00273,684,1,22.0,1,1,1,À réactiver,True,True,False,Tournée 2024,44
B00274,687,1,44.0,1,1,1,À réactiver,True,True,False,Tournée 2024,33
B00275,706,1,44.0,1,1,1,À réactiver,False,False,False,Tournée 2024,33
B00276,39,4,160.0,3,4,4,Noyau dur,True,True,True,Tournée 2024,33
B00277,717,1,44.0,1,1,1,À réactiver,True,True,False,Tournée 2024,33
B00278,734,1,44.0,1,1,1,À réactiver,False,False,False,Tournée 2024,33
B00279,696,1,22.0,1,1,1,À réactiver,False,False,False,Tournée 2024,33
B00280,55,2,104.0,2,2,4,Noyau dur,True,True,False,Tournée 2024,69
B00281,712,1,44.0,1,1,1,À réactiver,False,False,False,Tournée 2024,33
B00282,40,2,140.0,3,2,4,Noyau dur,False,False,False,Tournée 2024,33
B00283,645,2,107.0,1,2,4,À réactiver,True,True,False,Tournée 2024,33
B00284,40,2,194.8,3,2,4,Noyau dur,True,True,False,Tournée 2024,33
B00285,718,1,44.0,1,1,1,À réactiver,True,True,False,Tournée 2024,35
B00286,686,2,66.0,1,2,3,À réactiver,True,True,False,Tournée 2024,BE
B00287,731,1,44.0,1,1,1,À réactiver,True,True,False,Tournée 2024,33
B00288,669,1,44.0,1,1,1,À réactiver,False,False,False,Tournée 2024,34
B00289,742,1,44.0,1,1,1,À réactiver,True,True,False,Tournée 2024,33
B00290,732,1,22.0,1,1,1,À réactiver,False,False,True,Tournée 2024,33
B00291,56,2,70.4,1,2,3,Noyau dur,True,True,False,Tournée 2024,44
B00292,667,1,66.0,1,1,3,À réactiver,False,False,False,Tournée 2024,33
B00293,737,1,44.0,1,1,1,À réactiver,True,True,False,Tournée 2024,69
B00294,38,2,76.0,3,2,4,Noyau dur,True,True,False,Tournée 2024,33
B00295,667,3,108.0,1,3,4,À réactiver,False,False,False,Tournée 2024,33
B00296,725,2,66.0,1,2,3,À réactiver,True,True,True,Tournée 2024,33
B00297,696,1,22.0,1,1,1,À réactiver,False,False,False,Tournée 2024,33
B00298,41,3,155.84,3,3,4,Noyau dur,True,True,False,Tournée 2024,67
B00299,48,3,131.0,2,3,4,Noyau dur,True,True,False,Tournée 2024,33
B00300,696,1,22.0,1,1,1,À réactiver,True,True,False,Tournée 2024,33
B00301,670,1,44.0,1,1,1,À réactiver,True,True,False,Tournée 2024,33
B00302,676,2,88.0,1,2,4,À réactiver,True,True,True,Tournée 2024,33
B00303,712,1,44.0,1,1,1,À réactiver,False,False,False,Tournée 2024,44
B00304,59,4,152.0,1,4,4,Noyau dur,True,True,False,Tournée 2024,33
B00305,681,1,44.0,1,1,1,À réactiver,False,False,False,Tournée 2024,33
B00306,662,1,44.0,1,1,1,À réactiver,True,True,False,Tournée 2024,33
B00307,53,4,178.0,2,4,4,Noyau dur,True,True,False,Tournée 2024,33
B00308,709,1,22.0,1,1,1,À réactiver,True,True,True,Tournée 2024,69
B00309,700,1,44.0,1,1,1,À réactiver,True,True,False,Tournée 2024,33
B00310,681,1,22.0,1,1,1,À réactiver,False,False,False,Tournée 2024,33
B00311,705,2,86.0,1,2,4,À réactiver,True,True,True,Tournée 2024,33
B00312,675,1,44.0,1,1,1,À réactiver,False,False,False,Tournée 2024,33
B00313,716,1,44.0,1,1,1,À réactiver,True,True,False,Tournée 2024,33
B00314,691,1,22.0,1,1,1,À réactiver,True,True,False,Tournée 2024,33
B00315,643,2,66.0,1,2,3,À réactiver,False,False,True,Tournée 2024,33
B00316,704,1,44.0,1,1,1,À réactiver,True,True,False,Tournée 2024,33
B00317,48,2,84.6,2,2,4,Noyau dur,True,True,False,Tournée 2024,33
B00318,43,3,142.0,3,3,4,Noyau dur,True,True,False,Tournée 2024,33
B00319,729,2,88.0,1,2,4,À réactiver,False,False,True,Tournée 2024,59
B00320,688,1,22.0,1,1,1,À réactiver,True,True,False,Tournée 2024,13
B00321,730,1,22.0,1,1,1,À réactiver,False,False,False,Tournée 2024,33
B00322,737,1,44.0,1,1,1,À réactiver,True,True,False,Tournée 2024,67
B00323,705,1,44.0,1,1,1,À réactiver,False,False,False,Tournée 2024,33
B00324,56,3,138.0,1,3,4,Noyau dur,False,False,True,Tournée 2024,13
B00325,667,1,44.0,1,1,1,À réactiver,False,False,False,Tournée 2024,33
B00326,702,1,44.0,1,1,1,À réactiver,False,False,False,Tournée 2024,33
B00327,698,1,22.0,1,1,1,À réactiver,True,True,False,Tournée 2024,33
B00328,663,3,176.0,1,3,4,À réactiver,True,True,False,Tournée 2024,33
B00329,61,2,51.92,1,2,2,Noyau dur,True,True,False,Tournée 2024,33
B00330,698,3,130.0,1,3,4,À réactiver,True,True,False,Tournée 2024,33
B00331,51,2,104.0,2,2,4,Noyau dur,True,True,False,Tournée 2024,35
B00332,49,2,112.0,2,2,4,Noyau dur,True,True,False,Tournée 2024,67
B00333,676,1,22.0,1,1,1,À réactiver,True,True,False,Tournée 2024,33
B00334,699,1,44.0,1,1,1,À réactiver,True,True,False,Tournée 2024,33
B00335,62,2,56.0,1,2,2,Noyau dur,False,False,False,Tournée 2024,33
B00336,677,1,22.0,1,1,1,À réactiver,True,True,True,Tournée 2024,33
B00337,55,2,140.8,2,2,4,Noyau dur,True,True,False,Tournée 2024,34
B00338,19,3,200.5,4,3,4,Noyau dur,False,False,False,Tournée 2024,33
B00339,729,1,44.0,1,1,1,À réactiver,False,False,False,Tournée 2024,33
B00340,45,3,118.0,2,3,4,Noyau dur,False,False,False,Tournée 2024,31
B00341,666,1,44.0,1,1,1,À réactiver,True,True,False,Tournée 2024,33
B00342,680,1,44.0,1,1,1,À réactiver,True,True,False,Tournée 2024,33
B00343,668,1,22.0,1,1,1,À réactiver,False,False,False,Tournée 2024,35
B00344,685,1,22.0,1,1,1,À réactiver,True,True,False,Tournée 2024,33
B00345,679,1,44.0,1,1,1,À réactiver,True,True,False,Tournée 2024,33
B00346,676,1,44.0,1,1,1,À réactiver,True,True,True,Tournée 2024,33
B00347,712,1,44.0,1,1,1,À réactiver,False,False,False,Tournée 2024,34
B00348,689,1,22.0,1,1,1,À réactiver,False,False,False,Tournée 2024,33
B00349,689,1,44.0,1,1,1,À réactiver,False,False,False,Tournée 2024,33
B00350,667,1,22.0,1,1,1,À réactiver,True,True,False,Tournée 2024,33
B00351,735,1,44.0,1,1,1,À réactiver,False,False,False,Tournée 2024,69
B00352,700,1,44.0,1,1,1,À réactiver,False,False,True,Tournée 2024,33
B00353,47,2,94.0,2,2,4,Noyau dur,True,True,False,Tournée 2024,33
B00354,722,1,22.0,1,1,1,À réactiver,True,True,False,Tournée 2024,33
B00355,672,2,44.0,1,2,1,À réactiver,True,True,False,Tournée 2024,33
B00356,655,2,88.0,1,2,4,À réactiver,False,False,False,Tournée 2024,33
B00357,739,1,66.0,1,1,3,À réactiver,True,True,False,Tournée 2024,33
B00358,706,1,66.0,1,1,3,À réactiver,False,False,False,Tournée 2024,33
B00359,730,1,44.0,1,1,1,À réactiver,False,False,False,Tournée 2024,33
B00360,739,1,44.0,1,1,1,À réactiver,True,True,False,Tournée 2024,35
B00361,695,1,44.0,1,1,1,À réactiver,True,True,False,Tournée 2024,34
B00362,50,3,168.0,2,3,4,Noyau dur,True,True,False,Tournée 2024,69
B00363,63,2,90.0,1,2,4,Noyau dur,False,False,False,Tournée 2024,33
B00364,733,1,66.0,1,1,3,À réactiver,False,False,False,Tournée 2024,33
B00365,696,1,44.0,1,1,1,À réactiver,True,True,False,Tournée 2024,33
B00366,740,1,22.0,1,1,1,À réactiver,False,False,True,Tournée 2024,33
B00367,696,1,22.0,1,1,1,À réactiver,True,True,True,Tournée 2024,33
B00368,665,2,110.0,1,2,4,À réactiver,True,True,True,Tournée 2024,33
B00369,49,2,78.0,2,2,4,Noyau dur,True,True,True,Tournée 2024,BE
B00370,54,2,74.8,2,2,4,Noyau dur,True,True,True,Tournée 2024,33
B00371,646,3,193.0,1,3,4,À réactiver,True,True,False,Tournée 2024,35
B00372,43,2,100.0,3,2,4,Noyau dur,False,False,False,Tournée 2024,33
B00373,670,1,44.0,1,1,1,À réactiver,True,True,False,Tournée 2024,33
B00374,637,2,110.0,1,2,4,À réactiver,True,True,True,Tournée 2024,59
B00375,674,1,44.0,1,1,1,À réactiver,True,True,False,Tournée 2024,33
B00376,680,1,44.0,1,1,1,À réactiver,False,False,False,Tournée 2024,33
B00377,39,3,132.0,3,3,4,Noyau dur,False,False,False,Tournée 2024,44
B00378,698,1,44.0,1,1,1,À réactiver,True,True,True,Tournée 2024,33
B00379,702,1,22.0,1,1,1,À réactiver,True,True,False,Tournée 2024,33
B00380,667,1,44.0,1,1,1,À réactiver,False,False,False,Tournée 2024,33
B00381,731,1,44.0,1,1,1,À réactiver,True,True,False,Tournée 2024,44
B00382,706,2,88.0,1,2,4,À réactiver,True,True,False,Tournée 2024,44
B00383,721,1,44.0,1,1,1,À réactiver,True,True,True,Tournée 2024,44
B00384,663,1,44.0,1,1,1,À réactiver,False,False,False,Tournée 2024,44
B00385,662,1,44.0,1,1,1,À réactiver,True,True,True,Tournée 2024,44
B00386,34,3,180.0,3,3,4,Noyau dur,True,True,False,Tournée 2024,44
B00387,703,1,44.0,1,1,1,À réactiver,False,False,False,Tournée 2024,44
B00388,703,1,44.0,1,1,1,À réactiver,False,False,False,Tournée 2024,44
B00389,63,2,76.0,1,2,4,Noyau dur,True,True,False,Tournée 2024,44
B00390,693,1,44.0,1,1,1,À réactiver,True,True,False,Tournée 2024,44
B00391,701,1,44.0,1,1,1,À réactiver,True,True,False,Tournée 2024,44
B00392,721,2,43.0,1,2,1,À réactiver,True,True,False,Tournée 2024,75
B00393,30,2,76.0,3,2,4,Noyau dur,False,False,False,Tournée 2024,44
B00394,46,3,160.0,2,3,4,Noyau dur,True,True,False,Tournée 2024,44
B00395,693,1,44.0,1,1,1,À réactiver,False,False,True,Tournée 2024,44
B00396,678,1,44.0,1,1,1,À réactiver,True,True,False,Tournée 2024,44
B00397,53,3,115.0,2,3,4,Noyau dur,False,False,False,Tournée 2024,44
B00398,719,1,66.0,1,1,3,À réactiver,False,False,False,Tournée 2024,44
B00399,705,1,44.0,1,1,1,À réactiver,True,True,False,Tournée 2024,44
B00400,698,1,22.0,1,1,1,À réactiver,False,False,False,Tournée 2024,44
B00401,712,1,22.0,1,1,1,À réactiver,True,True,True,Tournée 2024,44
B00402,668,1,44.0,1,1,1,À réactiver,True,True,False,Tournée 2024,44
B00403,675,1,66.0,1,1,3,À réactiver,False,False,False,Tournée 2024,BE
B00404,715,1,44.0,1,1,1,À réactiver,False,False,True,Tournée 2024,44
B00405,657,1,22.0,1,1,1,À réactiver,False,False,False,Tournée 2024,44
B00406,719,1,44.0,1,1,1,À réactiver,False,False,False,Tournée 2024,44
B00407,685,2,66.0,1,2,3,À réactiver,True,True,False,Tournée 2024,34
B00408,676,3,110.0,1,3,4,À réactiver,True,True,False,Tournée 2024,44
B00409,696,1,88.0,1,1,4,À réactiver,False,False,True,Tournée 2024,44
B00410,704,1,44.0,1,1,1,À réactiver,True,True,True,Tournée 2024,44
B00411,28,3,122.6,3,3,4,Noyau dur,True,True,False,Tournée 2024,44
B00412,681,1,66.0,1,1,3,À réactiver,True,True,False,Tournée 2024,44
B00413,704,2,86.0,1,2,4,À réactiver,False,False,False,Tournée 2024,44
B00414,669,1,44.0,1,1,1,À réactiver,False,False,False,Tournée 2024,44
B00415,660,1,22.0,1,1,1,À réactiver,False,False,False,Tournée 2024,44
B00416,674,2,66.0,1,2,3,À réactiver,False,False,False,Tournée 2024,BE
B00417,49,3,142.0,2,3,4,Noyau dur,False,False,False,Tournée 2024,44
B00418,721,1,44.0,1,1,1,À réactiver,False,False,False,Tournée 2024,44
B00419,648,1,44.0,1,1,1,À réactiver,True,True,False,Tournée 2024,44
B00420,720,1,44.0,1,1,1,À réactiver,True,True,False,Tournée 2024,44
B00421,669,1,22.0,1,1,1,À réactiver,True,True,False,Tournée 2024,44
B00422,691,1,22.0,1,1,1,À réactiver,False,False,False,Tournée 2024,44
B00423,656,2,132.0,1,2,4,À réactiver,True,True,False,Tournée 2024,44
B00424,50,2,100.0,2,2,4,Noyau dur,False,False,True,Tournée 2024,44
B00425,725,1,44.0,1,1,1,À réactiver,False,False,True,Tournée 2024,44
B00426,47,2,88.0,2,2,4,Noyau dur,True,True,False,Tournée 2024,44
B00427,719,1,22.0,1,1,1,À réactiver,False,False,False,Tournée 2024,44
B00428,682,1,44.0,1,1,1,À réactiver,True,True,False,Tournée 2024,44
B00429,677,1,22.0,1,1,1,À réactiver,True,True,False,Tournée 2024,44
B00430,667,2,132.0,1,2,4,À réactiver,False,False,False,Tournée 2024,44
B00431,715,1,44.0,1,1,1,À réactiver,True,True,False,Tournée 2024,44
B00432,54,2,142.56,2,2,4,Noyau dur,True,True,False,Tournée 2024,44
B00433,671,1,22.0,1,1,1,À réactiver,False,False,True,Tournée 2024,44
B00434,690,1,44.0,1,1,1,À réactiver,True,True,False,Tournée 2024,35
B00435,652,2,88.0,1,2,4,À réactiver,True,True,True,Tournée 2024,44
B00436,673,1,22.0,1,1,1,À réactiver,True,True,False,Tournée 2024,44
B00437,659,1,66.0,1,1,3,À réactiver,True,True,False,Tournée 2024,44
B00438,685,1,22.0,1,1,1,À réactiver,False,False,False,Tournée 2024,34
B00439,664,1,44.0,1,1,1,À réactiver,False,False,False,Tournée 2024,BE
B00440,53,3,167.0,2,3,4,Noyau dur,False,False,True,Tournée 2024,34
B00441,663,1,22.0,1,1,1,À réactiver,True,True,False,Tournée 2024,BE
B00442,659,1,44.0,1,1,1,À réactiver,False,False,False,Tournée 2024,44
B00443,656,1,44.0,1,1,1,À réactiver,True,True,False,Tournée 2024,44
B00444,721,1,22.0,1,1,1,À réactiver,True,True,False,Tournée 2024,44
B00445,726,1,44.0,1,1,1,À réactiver,False,False,True,Tournée 2024,BE
B00446,725,1,22.0,1,1,1,À réactiver,True,True,False,Tournée 2024,44
B00447,56,2,100.0,1,2,4,Noyau dur,True,True,False,Tournée 2024,44
B00448,36,3,101.0,3,3,4,Noyau dur,False,False,False,Tournée 2024,44
B00449,39,2,74.0,3,2,4,Noyau dur,True,True,True,Tournée 2024,13
B00450,700,1,44.0,1,1,1,À réactiver,True,True,False,Tournée 2024,44
B00451,698,1,88.0,1,1,4,À réactiver,False,False,False,Tournée 2024,44
B00452,720,1,44.0,1,1,1,À réactiver,False,False,False,Tournée 2024,44
B00453,42,2,69.52000000000001,3,2,3,Noyau dur,True,True,False,Tournée 2024,44
B00454,706,2,86.0,1,2,4,À réactiver,True,True,True,Tournée 2024,44
B00455,673,1,22.0,1,1,1,À réactiver,False,False,False,Tournée 2024,44
B00456,651,2,66.0,1,2,3,À réactiver,False,False,True,Tournée 2024,35
B00457,701,1,44.0,1,1,1,À réactiver,True,True,False,Tournée 2024,44
B00458,702,1,66.0,1,1,3,À réactiver,False,False,False,Tournée 2024,44
B00459,718,1,44.0,1,1,1,À réactiver,False,False,False,Tournée 2024,44
B00460,47,2,88.0,2,2,4,Noyau dur,True,True,True,Tournée 2024,44
B00461,710,1,44.0,1,1,1,À réactiver,True,True,True,Tournée 2024,44
B00462,658,2,43.0,1,2,1,À réactiver,True,True,False,Tournée 2024,44
B00463,43,2,72.0,3,2,4,Noyau dur,True,True,False,Tournée 2024,44
B00464,708,1,44.0,1,1,1,À réactiver,True,True,False,Tournée 2024,33
B00465,714,1,22.0,1,1,1,À réactiver,False,False,False,Tournée 2024,44
B00466,46,2,98.0,2,2,4,Noyau dur,False,False,True,Tournée 2024,44
B00467,20,2,72.0,4,2,4,Noyau dur,True,True,False,Tournée 2024,44
B00468,34,2,73.0,3,2,4,Noyau dur,True,True,False,Tournée 2024,44
B00469,34,2,139.04,3,2,4,Noyau dur,True,True,True,Tournée 2024,44
B00470,35,4,222.0,3,4,4,Noyau dur,False,False,False,Tournée 2024,34
B00471,63,2,180.0,1,2,4,Noyau dur,True,True,True,Tournée 2024,44
B00472,712,1,44.0,1,1,1,À réactiver,True,True,True,Tournée 2024,44
B00473,697,1,22.0,1,1,1,À réactiver,True,True,False,Tournée 2024,44
B00474,699,1,22.0,1,1,1,À réactiver,True,True,False,Tournée 2024,44
B00475,673,1,44.0,1,1,1,À réactiver,False,False,False,Tournée 2024,44
B00476,697,2,66.0,1,2,3,À réactiver,False,False,True,Tournée 2024,44
B00477,704,1,44.0,1,1,1,À réactiver,False,False,False,Tournée 2024,44
B00478,701,1,44.0,1,1,1,À réactiver,True,True,False,Tournée 2024,BE
B00479,691,1,44.0,1,1,1,À réactiver,True,True,False,Tournée 2024,34
B00480,694,1,42.0,1,1,1,À réactiver,True,True,False,Tournée 2024,59
B00481,713,1,21.0,1,1,1,À réactiver,True,True,False,Tournée 2024,59
B00482,34,3,126.03999999999999,3,3,4,Noyau dur,False,False,False,Tournée 2024,59
B00483,651,2,86.0,1,2,4,À réactiver,True,True,True,Tournée 2024,59
B00484,38,2,127.0,3,2,4,Noyau dur,False,False,False,Tournée 2024,59
B00485,676,1,42.0,1,1,1,À réactiver,True,True,False,Tournée 2024,59
B00486,26,3,123.0,4,3,4,Noyau dur,True,True,False,Tournée 2024,34
B00487,671,1,42.0,1,1,1,À réactiver,False,False,False,Tournée 2024,59
B00488,711,1,63.0,1,1,3,À réactiver,False,False,True,Tournée 2024,59
B00489,41,3,87.76,3,3,4,Noyau dur,True,True,False,Tournée 2024,59
B00490,48,2,77.0,2,2,4,Noyau dur,False,False,True,Tournée 2024,59
B00491,641,1,21.0,1,1,1,À réactiver,False,False,False,Tournée 2024,59
B00492,667,1,84.0,1,1,4,À réactiver,False,False,False,Tournée 2024,59
B00493,708,1,42.0,1,1,1,À réactiver,True,True,False,Tournée 2024,59
B00494,63,2,110.0,1,2,4,Noyau dur,True,True,False,Tournée 2024,59
B00495,40,3,159.0,3,3,4,Noyau dur,True,True,True,Tournée 2024,59
B00496,672,1,42.0,1,1,1,À réactiver,True,True,False,Tournée 2024,59
B00497,673,1,42.0,1,1,1,À réactiver,False,False,False,Tournée 2024,59
B00498,40,2,94.0,3,2,4,Noyau dur,False,False,False,Tournée 2024,59
B00499,705,1,42.0,1,1,1,À réactiver,True,True,False,Tournée 2024,59
B00500,704,1,42.0,1,1,1,À réactiver,False,False,True,Tournée 2024,59
B00501,682,1,63.0,1,1,3,À réactiver,True,True,False,Tournée 2024,59
B00502,709,1,42.0,1,1,1,À réactiver,False,False,False,Tournée 2024,59
B00503,657,1,21.0,1,1,1,À réactiver,False,False,True,Tournée 2024,59
B00504,655,1,42.0,1,1,1,À réactiver,False,False,True,Tournée 2024,59
B00505,656,1,42.0,1,1,1,À réactiver,True,True,True,Tournée 2024,59
B00506,657,1,42.0,1,1,1,À réactiver,True,True,False,Tournée 2024,59
B00507,721,1,21.0,1,1,1,À réactiver,True,True,False,Tournée 2024,59
B00508,38,2,85.0,3,2,4,Noyau dur,False,False,False,Tournée 2024,59
B00509,695,1,42.0,1,1,1,À réactiver,True,True,False,Tournée 2024,67
B00510,675,1,42.0,1,1,1,À réactiver,True,True,False,Tournée 2024,59
B00511,50,2,75.0,2,2,4,Noyau dur,True,True,False,Tournée 2024,69
B00512,674,1,42.0,1,1,1,À réactiver,True,True,True,Tournée 2024,59
B00513,651,1,42.0,1,1,1,À réactiver,True,True,False,Tournée 2024,59
B00514,701,1,42.0,1,1,1,À réactiver,False,False,False,Tournée 2024,33
B00515,641,1,42.0,1,1,1,À réactiver,True,True,True,Tournée 2024,59
B00516,60,2,106.0,1,2,4,Noyau dur,True,True,False,Tournée 2024,59
B00517,720,1,42.0,1,1,1,À réactiver,False,False,False,Tournée 2024,59
B00518,698,2,86.0,1,2,4,À réactiver,True,True,False,Tournée 2024,59
B00519,42,2,68.0,3,2,3,Noyau dur,True,True,True,Tournée 2024,59
B00520,679,1,42.0,1,1,1,À réactiver,False,False,True,Tournée 2024,59
B00521,679,2,64.0,1,2,3,À réactiver,True,True,False,Tournée 2024,59
B00522,660,1,42.0,1,1,1,À réactiver,True,True,False,Tournée 2024,59
B00523,671,1,42.0,1,1,1,À réactiver,False,False,True,Tournée 2024,44
B00524,715,1,42.0,1,1,1,À réactiver,True,True,False,Tournée 2024,59
B00525,678,1,42.0,1,1,1,À réactiver,True,True,False,Tournée 2024,59
B00526,701,1,84.0,1,1,4,À réactiver,True,True,False,Tournée 2024,59
B00527,688,1,42.0,1,1,1,À réactiver,True,True,True,Tournée 2024,59
B00528,718,1,21.0,1,1,1,À réactiver,False,False,False,Tournée 2024,59
B00529,688,1,42.0,1,1,1,À réactiver,True,True,True,Tournée 2024,BE
B00530,682,1,21.0,1,1,1,À réactiver,False,False,False,Tournée 2024,59
B00531,696,1,42.0,1,1,1,À réactiver,True,True,False,Tournée 2024,59
B00532,687,1,21.0,1,1,1,À réactiver,False,False,True,Tournée 2024,59
B00533,62,2,101.84,1,2,4,Noyau dur,True,True,True,Tournée 2024,59
B00534,49,2,75.0,2,2,4,Noyau dur,False,False,False,Tournée 2024,59
B00535,35,2,70.0,3,2,3,Noyau dur,True,True,True,Tournée 2024,59
B00536,43,2,72.0,3,2,4,Noyau dur,False,False,False,Tournée 2024,59
B00537,659,1,42.0,1,1,1,À réactiver,False,False,False,Tournée 2024,59
B00538,713,1,42.0,1,1,1,À réactiver,False,False,False,Tournée 2024,59
B00539,42,2,120.0,3,2,4,Noyau dur,True,True,True,Tournée 2024,59
B00540,61,2,110.0,1,2,4,Noyau dur,False,False,False,Tournée 2024,59
B00541,681,1,21.0,1,1,1,À réactiver,True,True,False,Tournée 2024,13
B00542,38,2,96.0,3,2,4,Noyau dur,True,True,False,Tournée 2024,59
B00543,708,1,42.0,1,1,1,À réactiver,True,True,False,Tournée 2024,44
B00544,703,1,42.0,1,1,1,À réactiver,True,True,False,Tournée 2024,59
B00545,704,1,42.0,1,1,1,À réactiver,False,False,False,Tournée 2024,34
B00546,697,1,42.0,1,1,1,À réactiver,False,False,False,Tournée 2024,59
B00547,56,4,187.0,1,4,4,Noyau dur,True,True,False,Tournée 2024,59
B00548,709,1,42.0,1,1,1,À réactiver,True,True,False,Tournée 2024,59
B00549,690,1,42.0,1,1,1,À réactiver,True,True,True,Tournée 2024,34
B00550,61,2,76.0,1,2,4,Noyau dur,True,True,False,Tournée 2024,59
B00551,721,1,42.0,1,1,1,À réactiver,True,True,False,Tournée 2024,69
B00552,682,1,21.0,1,1,1,À réactiver,False,False,False,Tournée 2024,59
B00553,49,2,92.0,2,2,4,Noyau dur,False,False,False,Tournée 2024,59
B00554,63,2,53.0,1,2,2,Noyau dur,True,True,False,Tournée 2024,59
B00555,646,1,21.0,1,1,1,À réactiver,True,True,False,Tournée 2024,59
B00556,644,1,42.0,1,1,1,À réactiver,True,True,False,Tournée 2024,59
B00557,716,1,21.0,1,1,1,À réactiver,False,False,False,Tournée 2024,75
B00558,679,1,42.0,1,1,1,À réactiver,True,True,False,Tournée 2024,59
B00559,59,2,157.0,1,2,4,Noyau dur,True,True,True,Tournée 2024,59
B00560,52,2,105.0,2,2,4,Noyau dur,True,True,False,Tournée 2024,59
B00561,672,1,42.0,1,1,1,À réactiver,True,True,False,Tournée 2024,59
B00562,688,1,42.0,1,1,1,À réactiver,True,True,False,Tournée 2024,59
B00563,700,1,42.0,1,1,1,À réactiver,True,True,False,Tournée 2024,59
B00564,648,1,42.0,1,1,1,À réactiver,True,True,False,Tournée 2024,59
B00565,49,2,90.0,2,2,4,Noyau dur,True,True,False,Tournée 2024,33
B00566,636,1,44.0,1,1,1,À réactiver,False,False,True,Tournée 2024,31
B00567,648,1,22.0,1,1,1,À réactiver,True,True,False,Tournée 2024,31
B00568,672,1,66.0,1,1,3,À réactiver,True,True,True,Tournée 2024,31
B00569,664,1,44.0,1,1,1,À réactiver,True,True,False,Tournée 2024,31
B00570,678,1,44.0,1,1,1,À réactiver,True,True,False,Tournée 2024,31
B00571,660,1,44.0,1,1,1,À réactiver,True,True,False,Tournée 2024,44
B00572,40,2,96.0,3,2,4,Noyau dur,True,True,False,Tournée 2024,31
B00573,63,2,142.6,1,2,4,Noyau dur,False,False,False,Tournée 2024,31
B00574,645,1,44.0,1,1,1,À réactiver,False,False,False,Tournée 2024,31
B00575,691,1,44.0,1,1,1,À réactiver,True,True,False,Tournée 2024,BE
B00576,644,1,44.0,1,1,1,À réactiver,False,False,False,Tournée 2024,31
B00577,62,2,124.0,1,2,4,Noyau dur,False,False,False,Tournée 2024,31
B00578,659,1,44.0,1,1,1,À réactiver,True,True,False,Tournée 2024,31
B00579,658,1,44.0,1,1,1,À réactiver,True,True,True,Tournée 2024,31
B00580,647,1,22.0,1,1,1,À réactiver,False,False,True,Tournée 2024,13
B00581,644,1,44.0,1,1,1,À réactiver,True,True,False,Tournée 2024,31
B00582,681,1,44.0,1,1,1,À réactiver,False,False,False,Tournée 2024,59
B00583,666,1,44.0,1,1,1,À réactiver,True,True,True,Tournée 2024,34
B00584,56,2,96.8,1,2,4,Noyau dur,True,True,False,Tournée 2024,31
B00585,711,1,44.0,1,1,1,À réactiver,True,True,False,Tournée 2024,31
B00586,685,1,22.0,1,1,1,À réactiver,True,True,False,Tournée 2024,31
B00587,39,2,98.0,3,2,4,Noyau dur,False,False,True,Tournée 2024,31
B00588,641,1,44.0,1,1,1,À réactiver,True,True,False,Tournée 2024,31
B00589,678,1,44.0,1,1,1,À réactiver,True,True,False,Tournée 2024,31
B00590,20,3,106.0,4,3,4,Noyau dur,True,True,True,Tournée 2024,31
B00591,645,1,44.0,1,1,1,À réactiver,False,False,False,Tournée 2024,31
B00592,691,1,44.0,1,1,1,À réactiver,True,True,False,Tournée 2024,31
B00593,680,1,44.0,1,1,1,À réactiver,False,False,False,Tournée 2024,33
B00594,634,1,44.0,1,1,1,À réactiver,True,True,False,Tournée 2024,31
B00595,689,1,44.0,1,1,1,À réactiver,True,True,False,Tournée 2024,31
B00596,650,1,44.0,1,1,1,À réactiver,True,True,False,Tournée 2024,31
B00597,52,2,134.0,2,2,4,Noyau dur,True,True,False,Tournée 2024,31
B00598,639,1,22.0,1,1,1,À réactiver,False,False,False,Tournée 2024,31
B00599,9,2,104.0,4,2,4,Noyau dur,True,True,False,Tournée 2024,33
B00600,655,1,44.0,1,1,1,À réactiver,False,False,False,Tournée 2024,31
B00601,638,1,44.0,1,1,1,À réactiver,True,True,False,Tournée 2024,31
B00602,675,1,44.0,1,1,1,À réactiver,True,True,False,Tournée 2024,BE
B00603,48,2,69.0,2,2,3,Noyau dur,True,True,False,Tournée 2024,31
B00604,49,2,156.0,2,2,4,Noyau dur,True,True,False,Tournée 2024,31
B00605,41,3,176.0,3,3,4,Noyau dur,True,True,False,Tournée 2024,31
B00606,690,1,22.0,1,1,1,À réactiver,False,False,False,Tournée 2024,BE
B00607,690,1,44.0,1,1,1,À réactiver,True,True,False,Tournée 2024,31
B00608,714,1,44.0,1,1,1,À réactiver,True,True,False,Tournée 2024,31
B00609,649,1,22.0,1,1,1,À réactiver,True,True,False,Tournée 2024,31
B00610,686,1,44.0,1,1,1,À réactiver,True,True,False,Tournée 2024,33
B00611,681,1,44.0,1,1,1,À réactiver,True,True,False,Tournée 2024,31
B00612,698,1,22.0,1,1,1,À réactiver,True,True,False,Tournée 2024,59
B00613,685,1,44.0,1,1,1,À réactiver,True,True,False,Tournée 2024,31
B00614,26,2,90.0,4,2,4,Noyau dur,True,True,False,Tournée 2024,31
B00615,696,1,44.0,1,1,2,À réactiver,True,True,False,Tournée 2024,31
B00616,677,1,44.0,1,1,2,À réactiver,False,False,False,Tournée 2024,31
B00617,53,2,98.0,2,2,4,Noyau dur,True,True,False,Tournée 2024,31
B00618,640,2,44.0,1,2,2,À réactiver,True,True,False,Tournée 2024,31
B00619,677,1,44.0,1,1,2,À réactiver,True,True,True,Tournée 2024,BE
B00620,51,2,93.28,2,2,4,Noyau dur,True,True,True,Tournée 2024,31
B00621,677,1,22.0,1,1,1,À réactiver,True,True,False,Tournée 2024,33
B00622,661,1,44.0,1,1,2,À réactiver,False,False,True,Tournée 2024,31
B00623,634,1,44.0,1,1,2,À réactiver,False,False,True,Tournée 2024,31
B00624,55,3,146.0,2,3,4,Noyau dur,True,True,False,Tournée 2024,31
B00625,692,1,44.0,1,1,2,À réactiver,True,True,False,Tournée 2024,69
B00626,709,1,22.0,1,1,1,À réactiver,True,True,False,Tournée 2024,31
B00627,667,1,44.0,1,1,2,À réactiver,True,True,False,Tournée 2024,31
B00628,47,2,104.0,2,2,4,Noyau dur,True,True,False,Tournée 2024,31
B00629,690,1,22.0,1,1,1,À réactiver,True,True,False,Tournée 2024,31
B00630,635,1,44.0,1,1,2,À réactiver,True,True,False,Tournée 2024,44
B00631,641,1,44.0,1,1,2,À réactiver,True,True,False,Tournée 2024,31
B00632,665,1,44.0,1,1,2,À réactiver,False,False,True,Tournée 2024,31
B00633,680,1,88.0,1,1,4,À réactiver,True,True,False,Tournée 2024,31
B00634,49,2,94.0,2,2,4,Noyau dur,False,False,False,Tournée 2024,31
B00635,58,2,112.0,1,2,4,Noyau dur,True,True,False,Tournée 2024,31
B00636,678,1,22.0,1,1,1,À réactiver,False,False,False,Tournée 2024,35
B00637,655,2,88.0,1,2,4,À réactiver,False,False,False,Tournée 2024,31
B00638,703,1,44.0,1,1,2,À réactiver,True,True,False,Tournée 2024,31
B00639,641,1,44.0,1,1,2,À réactiver,False,False,False,Tournée 2024,31
B00640,643,1,44.0,1,1,2,À réactiver,True,True,True,Tournée 2024,31
B00641,695,1,44.0,1,1,2,À réactiver,True,True,False,Tournée 2024,31
B00642,691,1,44.0,1,1,2,À réactiver,False,False,False,Tournée 2024,31
B00643,705,1,44.0,1,1,2,À réactiver,True,True,True,Tournée 2024,31
B00644,667,1,44.0,1,1,2,À réactiver,True,True,False,Tournée 2024,31
B00645,710,1,44.0,1,1,2,À réactiver,False,False,True,Tournée 2024,31
B00646,46,3,101.0,2,3,4,Noyau dur,True,True,False,Tournée 2024,31
B00647,681,1,44.0,1,1,2,À réactiver,True,True,True,Tournée 2024,31
B00648,668,1,44.0,1,1,2,À réactiver,True,True,True,Tournée 2024,31
B00649,712,1,44.0,1,1,2,À réactiver,True,True,False,Tournée 2024,31
B00650,15,2,104.0,4,2,4,Noyau dur,False,False,False,Tournée 2024,31
B00651,687,2,88.0,1,2,4,À réactiver,False,False,False,Tournée 2024,31
B00652,669,1,44.0,1,1,2,À réactiver,True,True,False,Tournée 2024,31
B00653,674,1,66.0,1,1,3,À réactiver,False,False,False,Tournée 2024,31
B00654,661,1,44.0,1,1,2,À réactiver,False,False,False,Tournée 2024,31
B00655,684,1,44.0,1,1,2,À réactiver,True,True,False,Tournée 2024,31
B00656,671,1,44.0,1,1,2,À réactiver,True,True,False,Tournée 2024,31
B00657,63,2,146.0,1,2,4,Noyau dur,True,True,False,Tournée 2024,31
B00658,42,2,74.0,3,2,4,Noyau dur,True,True,False,Tournée 2024,75
B00659,698,1,44.0,1,1,2,À réactiver,True,True,False,Tournée 2024,31
B00660,695,1,66.0,1,1,3,À réactiver,False,False,False,Tournée 2024,31
B00661,709,1,44.0,1,1,2,À réactiver,True,True,False,Tournée 2024,31
B00662,700,1,44.0,1,1,2,À réactiver,True,True,False,Tournée 2024,31
B00663,665,1,44.0,1,1,2,À réactiver,True,True,False,Tournée 2024,31
B00664,43,2,100.0,3,2,4,Noyau dur,True,True,False,Tournée 2024,44
B00665,43,2,98.0,3,2,4,Noyau dur,False,False,False,Tournée 2024,31
B00666,710,1,22.0,1,1,1,À réactiver,True,True,False,Tournée 2024,31
B00667,643,1,44.0,1,1,2,À réactiver,True,True,False,Tournée 2024,31
B00668,37,2,98.0,3,2,4,Noyau dur,True,True,False,Tournée 2024,31
B00669,711,1,44.0,1,1,2,À réactiver,False,False,False,Tournée 2024,34
B00670,42,2,105.15,3,2,4,Noyau dur,True,True,False,Tournée 2024,31
B00671,699,1,44.0,1,1,2,À réactiver,True,True,False,Tournée 2024,31
B00672,63,2,134.0,1,2,4,Noyau dur,False,False,False,Tournée 2024,31
B00673,705,1,88.0,1,1,4,À réactiver,True,True,False,Tournée 2024,31
B00674,24,2,112.0,4,2,4,Noyau dur,False,False,False,Tournée 2024,31
B00675,636,1,22.0,1,1,1,À réactiver,False,False,False,Tournée 2024,31
B00676,705,1,44.0,1,1,2,À réactiver,False,False,False,Tournée 2024,31
B00677,711,1,44.0,1,1,2,À réactiver,True,True,False,Tournée 2024,31
B00678,56,2,82.0,1,2,4,Noyau dur,True,True,False,Tournée 2024,31
B00679,679,1,22.0,1,1,1,À réactiver,False,False,False,Tournée 2024,31
B00680,652,1,44.0,1,1,2,À réactiver,True,True,False,Tournée 2024,31
B00681,672,1,44.0,1,1,2,À réactiver,True,True,False,Tournée 2024,BE
B00682,676,1,44.0,1,1,2,À réactiver,True,True,False,Tournée 2024,31
B00683,21,2,100.0,4,2,4,Noyau dur,False,False,False,Tournée 2024,31
B00684,21,3,174.0,4,3,4,Noyau dur,True,True,True,Tournée 2024,31
B00685,647,1,44.0,1,1,2,À réactiver,False,False,False,Tournée 2024,31
B00686,48,3,144.0,2,3,4,Noyau dur,False,False,False,Tournée 2024,31
B00687,36,2,72.0,3,2,4,Noyau dur,True,True,False,Tournée 2024,67
B00688,53,2,98.0,2,2,4,Noyau dur,True,True,False,Tournée 2024,31
B00689,643,1,22.0,1,1,1,À réactiver,True,True,False,Tournée 2024,31
B00690,54,2,100.0,2,2,4,Noyau dur,False,False,True,Tournée 2024,BE
B00691,645,1,44.0,1,1,2,À réactiver,True,True,False,Tournée 2024,31
B00692,52,2,74.8,2,2,4,Noyau dur,False,False,False,Tournée 2024,31
B00693,711,1,88.0,1,1,4,À réactiver,True,True,False,Tournée 2024,35
B00694,693,1,44.0,1,1,2,À réactiver,False,False,True,Tournée 2024,31
B00695,655,1,44.0,1,1,2,À réactiver,False,False,False,Tournée 2024,31
B00696,34,2,102.0,3,2,4,Noyau dur,False,False,False,Tournée 2024,31
B00697,696,1,44.0,1,1,2,À réactiver,True,True,False,Tournée 2024,31
B00698,679,1,44.0,1,1,2,À réactiver,False,False,False,Tournée 2024,31
B00699,634,1,44.0,1,1,2,À réactiver,True,True,False,Tournée 2024,31
B00700,711,1,22.0,1,1,1,À réactiver,True,True,False,Tournée 2024,31
B00701,693,1,44.0,1,1,2,À réactiver,True,True,False,Tournée 2024,31
B00702,661,1,44.0,1,1,2,À réactiver,False,False,False,Tournée 2024,44
B00703,635,1,44.0,1,1,2,À réactiver,False,False,False,Tournée 2024,59
B00704,33,2,95.03999999999999,3,2,4,Noyau dur,False,False,False,Tournée 2024,31
B00705,53,2,104.0,2,2,4,Noyau dur,False,False,False,Tournée 2024,31
B00706,634,1,44.0,1,1,2,À réactiver,True,True,False,Tournée 2024,31
B00707,35,2,102.0,3,2,4,Noyau dur,True,True,False,Tournée 2024,31
B00708,684,1,44.0,1,1,2,À réactiver,False,False,False,Tournée 2024,31
B00709,63,2,156.8,1,2,4,Gros paniers,False,True,False,Tournée ORBITE,75
B00710,6,4,252.0,4,4,4,Multi-dates,False,False,True,Tournée ORBITE,75
B00711,3,2,154.0,4,2,4,Multi-dates,True,True,False,Tournée ORBITE,75
B00712,62,3,256.0,1,3,4,Gros paniers,False,False,False,Tournée ORBITE,75
B00713,39,3,230.0,3,3,4,Multi-dates,False,False,False,Tournée ORBITE,75
B00714,63,3,188.32,1,3,4,Multi-dates,False,False,False,Tournée ORBITE,75
B00715,63,2,120.32,1,2,4,Gros paniers,False,False,True,Tournée ORBITE,35
B00716,63,1,64.0,1,1,3,Nouveaux acheteurs,False,True,False,Tournée ORBITE,75
B00717,56,3,154.4,1,3,4,Multi-dates,True,True,False,Tournée ORBITE,75
B00718,62,2,96.0,1,2,4,Gros paniers,False,True,True,Tournée ORBITE,75
B00719,63,1,32.0,1,1,1,Nouveaux acheteurs,False,False,False,Tournée ORBITE,75
B00720,55,2,124.0,2,2,4,Multi-dates,False,True,False,Tournée ORBITE,75
B00721,63,2,128.0,1,2,4,Gros paniers,False,True,False,Tournée ORBITE,75
B00722,63,1,32.0,1,1,1,Nouveaux acheteurs,True,True,False,Tournée ORBITE,75
B00723,13,2,132.0,4,2,4,Multi-dates,False,True,False,Tournée ORBITE,44
B00724,56,2,92.0,1,2,4,Multi-dates,False,True,False,Tournée ORBITE,75
B00725,60,2,128.0,1,2,4,Gros paniers,False,True,True,Tournée ORBITE,75
B00726,3,2,75.4,4,2,4,Multi-dates,False,True,False,Tournée ORBITE,75
B00727,63,1,64.0,1,1,3,Nouveaux acheteurs,False,True,False,Tournée ORBITE,75
B00728,40,2,118.0,3,2,4,Multi-dates,False,False,False,Tournée ORBITE,75
B00729,63,1,28.16,1,1,1,Nouveaux acheteurs,True,True,True,Tournée ORBITE,75
B00730,61,2,96.0,1,2,4,Gros paniers,False,True,True,Tournée ORBITE,34
B00731,63,1,56.32,1,1,3,Nouveaux acheteurs,False,True,False,Tournée ORBITE,75
B00732,52,2,96.0,2,2,4,Gros paniers,False,False,False,Tournée ORBITE,75
B00733,63,1,64.0,1,1,3,Nouveaux acheteurs,True,True,False,Tournée ORBITE,35
B00734,63,1,64.0,1,1,3,Nouveaux acheteurs,False,False,False,Tournée ORBITE,75
B00735,63,1,64.0,1,1,3,Nouveaux acheteurs,False,True,False,Tournée ORBITE,BE
B00736,63,1,32.0,1,1,1,Nouveaux acheteurs,False,True,False,Tournée ORBITE,75
B00737,63,3,93.92,1,3,4,Multi-dates,True,True,False,Tournée ORBITE,31
B00738,38,3,241.8,3,3,4,Multi-dates,True,True,False,Tournée ORBITE,44
B00739,63,1,64.0,1,1,3,Nouveaux acheteurs,False,True,True,Tournée ORBITE,75
B00740,63,1,28.16,1,1,1,Nouveaux acheteurs,True,True,False,Tournée ORBITE,75
B00741,56,2,84.16,1,2,4,Multi-dates,False,False,False,Tournée ORBITE,75
B00742,63,1,56.32,1,1,3,Nouveaux acheteurs,False,True,True,Tournée ORBITE,75
B00743,63,1,56.32,1,1,3,Nouveaux acheteurs,False,True,False,Tournée ORBITE,59
B00744,33,2,119.0,3,2,4,Multi-dates,False,False,False,Tournée ORBITE,75
B00745,63,1,64.0,1,1,3,Nouveaux acheteurs,False,True,True,Tournée ORBITE,35
B00746,63,1,56.32,1,1,3,Nouveaux acheteurs,False,True,True,Tournée ORBITE,75
B00747,56,3,164.0,1,3,4,Multi-dates,True,True,False,Tournée ORBITE,75
B00748,63,1,64.0,1,1,3,Nouveaux acheteurs,False,False,False,Tournée ORBITE,75
B00749,51,2,126.0,2,2,4,Multi-dates,False,True,False,Tournée ORBITE,75
B00750,48,2,98.0,2,2,4,Multi-dates,True,True,True,Tournée ORBITE,75
B00751,62,2,96.0,1,2,4,Gros paniers,True,True,False,Tournée ORBITE,44
B00752,39,2,110.32,3,2,4,Multi-dates,False,False,False,Tournée ORBITE,59
B00753,62,4,228.0,1,4,4,Multi-dates,False,False,False,Tournée ORBITE,75
B00754,62,1,84.48,1,1,4,Gros paniers,False,True,True,Tournée ORBITE,75
B00755,62,1,64.0,1,1,3,Nouveaux acheteurs,False,False,False,Tournée ORBITE,35
B00756,62,1,92.8,1,1,4,Gros paniers,False,True,False,Tournée ORBITE,75
B00757,62,1,96.0,1,1,4,Gros paniers,False,False,False,Tournée ORBITE,44
B00758,62,1,64.0,1,1,3,Nouveaux acheteurs,False,True,False,Tournée ORBITE,75
B00759,62,1,64.0,1,1,3,Nouveaux acheteurs,False,True,True,Tournée ORBITE,69
B00760,13,3,130.0,4,3,4,Multi-dates,False,False,False,Tournée ORBITE,75
B00761,62,1,32.0,1,1,1,Nouveaux acheteurs,False,True,False,Tournée ORBITE,75
B00762,61,2,128.0,1,2,4,Gros paniers,False,False,False,Tournée ORBITE,75
B00763,45,2,120.0,2,2,4,Multi-dates,False,True,True,Tournée ORBITE,75
B00764,62,1,64.0,1,1,3,Nouveaux acheteurs,True,True,False,Tournée ORBITE,75
B00765,61,2,120.32,1,2,4,Gros paniers,False,True,True,Tournée ORBITE,75
B00766,62,1,96.0,1,1,4,Gros paniers,False,True,False,Tournée ORBITE,35
B00767,62,1,64.0,1,1,3,Nouveaux acheteurs,False,True,False,Tournée ORBITE,59
B00768,62,1,64.0,1,1,3,Nouveaux acheteurs,True,True,False,Tournée ORBITE,75
B00769,62,1,32.0,1,1,1,Nouveaux acheteurs,False,True,True,Tournée ORBITE,69
B00770,56,2,90.4,1,2,4,Multi-dates,False,True,False,Tournée ORBITE,75
B00771,59,2,96.0,1,2,4,Gros paniers,False,True,False,Tournée ORBITE,75
B00772,62,1,64.0,1,1,3,Nouveaux acheteurs,False,True,False,Tournée ORBITE,75
B00773,62,1,64.0,1,1,3,Nouveaux acheteurs,False,True,True,Tournée ORBITE,75
B00774,62,2,92.16,1,2,4,Gros paniers,True,True,False,Tournée ORBITE,75
B00775,61,2,128.0,1,2,4,Gros paniers,False,False,False,Tournée ORBITE,75
B00776,62,1,32.0,1,1,1,Nouveaux acheteurs,False,True,True,Tournée ORBITE,75
B00777,5,3,167.15,4,3,4,Multi-dates,True,True,False,Tournée ORBITE,75
B00778,62,1,92.8,1,1,4,Gros paniers,False,True,False,Tournée ORBITE,75
B00779,62,1,64.0,1,1,3,Nouveaux acheteurs,True,True,False,Tournée ORBITE,75
B00780,62,1,64.0,1,1,3,Nouveaux acheteurs,False,True,False,Tournée ORBITE,34
B00781,26,3,122.0,4,3,4,Multi-dates,False,False,False,Tournée ORBITE,75
B00782,62,1,32.0,1,1,1,Nouveaux acheteurs,False,False,True,Tournée ORBITE,67
B00783,39,3,196.0,3,3,4,Multi-dates,False,False,True,Tournée ORBITE,35
B00784,62,1,32.0,1,1,1,Nouveaux acheteurs,True,True,True,Tournée ORBITE,75
B00785,62,1,56.32,1,1,3,Nouveaux acheteurs,False,True,True,Tournée ORBITE,75
B00786,62,1,64.0,1,1,3,Nouveaux acheteurs,False,True,False,Tournée ORBITE,75
B00787,62,1,92.8,1,1,4,Gros paniers,False,True,True,Tournée ORBITE,75
B00788,59,3,196.0,1,3,4,Multi-dates,False,True,True,Tournée ORBITE,13
B00789,62,1,96.0,1,1,4,Gros paniers,False,True,False,Tournée ORBITE,67
B00790,62,1,28.16,1,1,1,Nouveaux acheteurs,False,False,False,Tournée ORBITE,75
B00791,24,2,91.0,4,2,4,Multi-dates,False,False,False,Tournée ORBITE,75
B00792,10,3,152.0,4,3,4,Multi-dates,True,True,False,Tournée ORBITE,75
B00793,62,1,64.0,1,1,3,Nouveaux acheteurs,False,True,False,Tournée ORBITE,75
B00794,62,1,28.16,1,1,1,Nouveaux acheteurs,False,True,False,Tournée ORBITE,75
B00795,59,2,96.0,1,2,4,Gros paniers,False,True,False,Tournée ORBITE,13
B00796,35,2,108.32,3,2,4,Multi-dates,False,False,False,Tournée ORBITE,75
B00797,61,1,56.32,1,1,3,Nouveaux acheteurs,False,True,False,Tournée ORBITE,75
B00798,61,1,32.0,1,1,1,Nouveaux acheteurs,False,False,False,Tournée ORBITE,BE
B00799,42,2,86.88,3,2,4,Multi-dates,True,True,False,Tournée ORBITE,75
B00800,61,1,128.0,1,1,4,Gros paniers,True,True,False,Tournée ORBITE,75
B00801,61,1,64.0,1,1,3,Nouveaux acheteurs,False,True,False,Tournée ORBITE,75
B00802,51,2,64.0,2,2,3,Nouveaux acheteurs,False,False,True,Tournée ORBITE,75
B00803,61,1,64.0,1,1,3,Nouveaux acheteurs,False,True,False,Tournée ORBITE,67
B00804,61,1,64.0,1,1,3,Nouveaux acheteurs,False,True,False,Tournée ORBITE,75
B00805,61,1,64.0,1,1,3,Nouveaux acheteurs,False,True,False,Tournée ORBITE,75
B00806,7,2,120.32,4,2,4,Gros paniers,False,True,True,Tournée ORBITE,31
B00807,5,2,96.0,4,2,4,Gros paniers,True,True,False,Tournée ORBITE,75
B00808,61,1,64.0,1,1,3,Nouveaux acheteurs,False,True,False,Tournée ORBITE,75
B00809,58,2,128.0,1,2,4,Gros paniers,True,True,False,Tournée ORBITE,35
B00810,61,1,64.0,1,1,3,Nouveaux acheteurs,False,False,False,Tournée ORBITE,75
B00811,44,2,156.0,2,2,4,Multi-dates,False,True,False,Tournée ORBITE,75
B00812,61,2,66.0,1,2,3,Multi-dates,False,True,False,Tournée ORBITE,75
B00813,61,1,64.0,1,1,3,Nouveaux acheteurs,False,True,True,Tournée ORBITE,75
B00814,61,1,64.0,1,1,3,Nouveaux acheteurs,True,True,True,Tournée ORBITE,75
B00815,61,1,56.32,1,1,3,Nouveaux acheteurs,False,True,False,Tournée ORBITE,75
B00816,61,1,64.0,1,1,3,Nouveaux acheteurs,False,False,True,Tournée ORBITE,67
B00817,61,1,56.32,1,1,3,Nouveaux acheteurs,False,False,False,Tournée ORBITE,75
B00818,44,2,124.0,2,2,4,Multi-dates,False,True,False,Tournée ORBITE,75
B00819,55,2,156.0,2,2,4,Multi-dates,False,False,False,Tournée ORBITE,34
B00820,61,1,32.0,1,1,1,Nouveaux acheteurs,False,False,True,Tournée ORBITE,75
B00821,56,2,122.0,1,2,4,Multi-dates,False,False,False,Tournée ORBITE,75
B00822,61,1,28.16,1,1,1,Nouveaux acheteurs,False,False,False,Tournée ORBITE,75
B00823,61,1,64.0,1,1,3,Nouveaux acheteurs,False,False,False,Tournée ORBITE,75
B00824,61,1,64.0,1,1,3,Nouveaux acheteurs,False,True,False,Tournée ORBITE,75
B00825,60,1,32.0,1,1,1,Nouveaux acheteurs,True,True,False,Tournée ORBITE,75
B00826,60,1,64.0,1,1,3,Nouveaux acheteurs,False,True,False,Tournée ORBITE,35
B00827,60,1,64.0,1,1,3,Nouveaux acheteurs,False,True,False,Tournée ORBITE,75
B00828,53,2,160.0,2,2,4,Gros paniers,False,True,False,Tournée ORBITE,75
B00829,60,1,92.8,1,1,4,Gros paniers,False,True,False,Tournée ORBITE,75
B00830,60,1,64.0,1,1,3,Nouveaux acheteurs,False,False,False,Tournée ORBITE,75
B00831,60,1,56.32,1,1,3,Nouveaux acheteurs,True,True,True,Tournée ORBITE,75
B00832,53,2,192.0,2,2,4,Gros paniers,False,False,False,Tournée ORBITE,75
B00833,60,1,64.0,1,1,3,Nouveaux acheteurs,True,True,False,Tournée ORBITE,75
B00834,58,2,96.0,1,2,4,Gros paniers,False,True,False,Tournée ORBITE,34
B00835,31,3,156.16,3,3,4,Gros paniers,False,False,False,Tournée ORBITE,75
B00836,60,1,128.0,1,1,4,Gros paniers,True,True,True,Tournée ORBITE,75
B00837,14,2,128.0,4,2,4,Gros paniers,True,True,False,Tournée ORBITE,75
B00838,60,1,64.0,1,1,3,Nouveaux acheteurs,False,False,False,Tournée ORBITE,75
B00839,60,1,64.0,1,1,3,Nouveaux acheteurs,False,False,False,Tournée ORBITE,75
B00840,48,2,130.0,2,2,4,Multi-dates,False,False,False,Tournée ORBITE,75
B00841,60,1,28.16,1,1,1,Nouveaux acheteurs,True,True,True,Tournée ORBITE,75
B00842,9,3,140.28,4,3,4,Multi-dates,False,False,False,Tournée ORBITE,35
B00843,2,5,295.2,4,4,4,Multi-dates,False,True,False,Tournée ORBITE,59
B00844,60,1,64.0,1,1,3,Nouveaux acheteurs,False,False,False,Tournée ORBITE,75
B00845,60,1,96.0,1,1,4,Gros paniers,False,True,False,Tournée ORBITE,75
B00846,60,1,32.0,1,1,1,Nouveaux acheteurs,False,True,False,Tournée ORBITE,75
B00847,60,1,64.0,1,1,3,Nouveaux acheteurs,False,False,False,Tournée ORBITE,75
B00848,53,3,267.2,2,3,4,Gros paniers,False,True,False,Tournée ORBITE,75
B00849,59,1,64.0,1,1,3,Nouveaux acheteurs,False,False,False,Tournée ORBITE,75
B00850,59,1,56.32,1,1,3,Nouveaux acheteurs,False,False,True,Tournée ORBITE,75
B00851,43,3,185.0,3,3,4,Multi-dates,False,True,True,Tournée ORBITE,75
B00852,56,2,94.0,1,2,4,Multi-dates,False,False,False,Tournée ORBITE,75
B00853,59,1,32.0,1,1,1,Nouveaux acheteurs,True,True,False,Tournée ORBITE,75
B00854,59,1,64.0,1,1,3,Nouveaux acheteurs,True,True,False,Tournée ORBITE,75
B00855,59,1,28.16,1,1,1,Nouveaux acheteurs,False,True,False,Tournée ORBITE,75
B00856,59,1,32.0,1,1,1,Nouveaux acheteurs,False,False,False,Tournée ORBITE,75
B00857,59,1,56.32,1,1,3,Nouveaux acheteurs,False,True,False,Tournée ORBITE,34
B00858,59,1,56.32,1,1,3,Nouveaux acheteurs,True,True,False,Tournée ORBITE,75
B00859,59,1,64.0,1,1,3,Nouveaux acheteurs,True,True,False,Tournée ORBITE,75
B00860,59,1,64.0,1,1,3,Nouveaux acheteurs,False,False,False,Tournée ORBITE,75
B00861,54,2,110.3,2,2,4,Multi-dates,False,False,False,Tournée ORBITE,75
B00862,32,2,79.2,3,2,4,Multi-dates,False,False,False,Tournée ORBITE,75
B00863,55,2,116.32,2,2,4,Multi-dates,True,True,False,Tournée ORBITE,69
B00864,59,2,230.0,1,2,4,Multi-dates,True,True,False,Tournée ORBITE,75
B00865,59,1,96.0,1,1,4,Gros paniers,False,False,True,Tournée ORBITE,75
B00866,9,2,116.0,4,2,4,Multi-dates,True,True,False,Tournée ORBITE,75
B00867,18,2,64.0,4,2,3,Nouveaux acheteurs,False,False,True,Tournée ORBITE,75
B00868,58,1,32.0,1,1,1,Nouveaux acheteurs,False,False,False,Tournée ORBITE,75
B00869,58,1,56.32,1,1,3,Nouveaux acheteurs,False,False,False,Tournée ORBITE,75
B00870,58,1,92.8,1,1,4,Gros paniers,False,False,False,Tournée ORBITE,75
B00871,49,2,80.96000000000001,2,2,4,Multi-dates,True,True,False,Tournée ORBITE,75
B00872,58,1,64.0,1,1,3,Nouveaux acheteurs,True,True,True,Tournée ORBITE,59
B00873,47,2,94.0,2,2,4,Multi-dates,False,True,False,Tournée ORBITE,59
B00874,56,2,88.0,1,2,4,Multi-dates,False,False,False,Tournée ORBITE,75
B00875,58,1,64.0,1,1,3,Nouveaux acheteurs,False,True,False,Tournée ORBITE,75
B00876,14,2,120.0,4,2,4,Multi-dates,True,True,False,Tournée ORBITE,75
B00877,58,2,126.75999999999999,1,2,4,Multi-dates,True,True,False,Tournée ORBITE,75
B00878,58,1,56.32,1,1,3,Nouveaux acheteurs,False,False,False,Tournée ORBITE,75
B00879,47,2,128.0,2,2,4,Gros paniers,True,True,False,Tournée ORBITE,31
B00880,6,3,179.0,4,3,4,Multi-dates,False,False,True,Tournée ORBITE,75
B00881,58,1,32.0,1,1,1,Nouveaux acheteurs,False,False,False,Tournée ORBITE,75
B00882,58,1,92.8,1,1,4,Gros paniers,False,False,False,Tournée ORBITE,75
B00883,58,1,28.16,1,1,1,Nouveaux acheteurs,False,True,False,Tournée ORBITE,75
B00884,58,1,32.0,1,1,1,Nouveaux acheteurs,False,True,False,Tournée ORBITE,75
B00885,57,1,56.32,1,1,3,Nouveaux acheteurs,False,False,True,Tournée ORBITE,BE
B00886,25,5,268.0,4,4,4,Multi-dates,True,True,False,Tournée ORBITE,69
B00887,57,1,64.0,1,1,3,Nouveaux acheteurs,False,True,False,Tournée ORBITE,75
B00888,57,1,64.0,1,1,3,Nouveaux acheteurs,True,True,False,Tournée ORBITE,13
B00889,57,1,28.16,1,1,1,Nouveaux acheteurs,False,False,False,Tournée ORBITE,75
B00890,10,3,190.0,4,3,4,Multi-dates,True,True,False,Tournée ORBITE,75
B00891,57,1,64.0,1,1,3,Nouveaux acheteurs,False,False,False,Tournée ORBITE,BE
B00892,57,1,56.32,1,1,3,Nouveaux acheteurs,True,True,True,Tournée ORBITE,75
B00893,57,2,144.32,1,2,4,Multi-dates,True,True,False,Tournée ORBITE,75
B00894,55,2,124.32,2,2,4,Multi-dates,False,False,False,Tournée ORBITE,75
B00895,57,1,64.0,1,1,3,Nouveaux acheteurs,False,False,False,Tournée ORBITE,34
B00896,55,3,262.0,2,3,4,Multi-dates,False,False,False,Tournée ORBITE,75
B00897,20,2,96.0,4,2,4,Gros paniers,False,False,False,Tournée ORBITE,75
B00898,57,1,64.0,1,1,3,Nouveaux acheteurs,False,True,False,Tournée ORBITE,75
B00899,57,1,64.0,1,1,3,Nouveaux acheteurs,True,True,True,Tournée ORBITE,13
B00900,57,1,64.0,1,1,3,Nouveaux acheteurs,False,True,False,Tournée ORBITE,75
B00901,5,2,128.0,4,2,4,Gros paniers,True,True,False,Tournée ORBITE,67
B00902,57,1,92.8,1,1,4,Gros paniers,False,True,False,Tournée ORBITE,33
B00903,57,1,96.0,1,1,4,Gros paniers,False,True,False,Tournée ORBITE,75
B00904,57,1,64.0,1,1,3,Nouveaux acheteurs,False,True,True,Tournée ORBITE,75
B00905,57,1,64.0,1,1,3,Nouveaux acheteurs,False,True,True,Tournée ORBITE,75
B00906,57,1,56.32,1,1,3,Nouveaux acheteurs,False,True,False,Tournée ORBITE,75
B00907,57,1,32.0,1,1,1,Nouveaux acheteurs,False,True,True,Tournée ORBITE,75
B00908,9,2,124.0,4,2,4,Multi-dates,False,False,False,Tournée ORBITE,75
B00909,57,1,28.16,1,1,1,Nouveaux acheteurs,False,True,False,Tournée ORBITE,75
B00910,57,1,32.0,1,1,1,Nouveaux acheteurs,False,False,False,Tournée ORBITE,75
B00911,57,1,32.0,1,1,1,Nouveaux acheteurs,True,True,False,Tournée ORBITE,75
B00912,10,2,94.0,4,2,4,Multi-dates,True,True,True,Tournée ORBITE,75
B00913,56,1,64.0,1,1,3,Nouveaux acheteurs,False,False,False,Tournée ORBITE,75
B00914,56,1,96.0,1,1,4,Gros paniers,False,False,True,Tournée ORBITE,75
B00915,40,2,91.0,3,2,4,Multi-dates,True,True,False,Tournée ORBITE,75
B00916,56,1,64.0,1,1,3,Nouveaux acheteurs,True,True,False,Tournée ORBITE,75
B00917,56,1,64.0,1,1,3,Nouveaux acheteurs,False,False,False,Tournée ORBITE,75
B00918,8,2,160.0,4,2,4,Gros paniers,False,False,False,Tournée ORBITE,75
B00919,56,1,92.8,1,1,4,Gros paniers,False,False,True,Tournée ORBITE,13
B00920,49,2,91.0,2,2,4,Multi-dates,False,True,True,Tournée ORBITE,31
B00921,53,2,160.0,2,2,4,Gros paniers,True,True,False,Tournée ORBITE,75
B00922,56,1,32.0,1,1,1,Nouveaux acheteurs,False,True,False,Tournée ORBITE,75
B00923,56,1,32.0,1,1,1,Nouveaux acheteurs,False,True,False,Tournée ORBITE,75
B00924,55,1,92.8,2,1,4,Gros paniers,True,True,True,Tournée ORBITE,59
B00925,55,1,64.0,2,1,3,Nouveaux acheteurs,False,False,False,Tournée ORBITE,75
B00926,55,1,64.0,2,1,3,Nouveaux acheteurs,False,False,False,Tournée ORBITE,75
B00927,55,1,64.0,2,1,3,Nouveaux acheteurs,False,False,False,Tournée ORBITE,75
B00928,15,3,234.0,4,3,4,Multi-dates,False,False,False,Tournée ORBITE,35
B00929,55,1,32.0,2,1,1,Nouveaux acheteurs,False,False,True,Tournée ORBITE,75
B00930,55,1,32.0,2,1,1,Nouveaux acheteurs,False,False,False,Tournée ORBITE,75
B00931,55,1,64.0,2,1,3,Nouveaux acheteurs,False,True,False,Tournée ORBITE,75
B00932,55,1,64.0,2,1,3,Nouveaux acheteurs,True,True,False,Tournée ORBITE,13
B00933,55,1,64.0,2,1,3,Nouveaux acheteurs,False,True,True,Tournée ORBITE,75
B00934,46,2,55.760000000000005,2,2,2,Multi-dates,True,True,False,Tournée ORBITE,67
B00935,22,2,96.0,4,2,4,Gros paniers,False,False,False,Tournée ORBITE,75
B00936,54,1,64.0,2,1,3,Nouveaux acheteurs,False,True,False,Tournée ORBITE,75
B00937,54,1,56.32,2,1,3,Nouveaux acheteurs,False,True,False,Tournée ORBITE,31
B00938,54,1,96.0,2,1,4,Gros paniers,False,True,False,Tournée ORBITE,BE
B00939,54,1,32.0,2,1,1,Nouveaux acheteurs,False,True,False,Tournée ORBITE,34
B00940,54,1,64.0,2,1,3,Nouveaux acheteurs,False,False,False,Tournée ORBITE,75
B00941,54,1,64.0,2,1,3,Nouveaux acheteurs,False,True,False,Tournée ORBITE,75
B00942,54,1,64.0,2,1,3,Nouveaux acheteurs,False,True,False,Tournée ORBITE,75
B00943,54,1,64.0,2,1,3,Nouveaux acheteurs,False,False,False,Tournée ORBITE,75
B00944,25,2,114.0,4,2,4,Multi-dates,True,True,False,Tournée ORBITE,75
B00945,54,1,32.0,2,1,1,Nouveaux acheteurs,False,False,False,Tournée ORBITE,34
B00946,54,1,64.0,2,1,3,Nouveaux acheteurs,True,True,False,Tournée ORBITE,75
B00947,38,2,156.8,3,2,4,Gros paniers,False,True,True,Tournée ORBITE,34
B00948,32,2,124.0,3,2,4,Multi-dates,False,True,False,Tournée ORBITE,44
B00949,53,1,64.0,2,1,3,Nouveaux acheteurs,False,False,False,Tournée ORBITE,44
B00950,53,1,64.0,2,1,3,Nouveaux acheteurs,False,False,False,Tournée ORBITE,69
B00951,53,1,92.8,2,1,4,Gros paniers,False,True,False,Tournée ORBITE,75
B00952,53,1,64.0,2,1,3,Nouveaux acheteurs,False,False,False,Tournée ORBITE,75
B00953,53,1,64.0,2,1,3,Nouveaux acheteurs,False,True,True,Tournée ORBITE,75
B00954,53,1,64.0,2,1,3,Nouveaux acheteurs,False,True,False,Tournée ORBITE,75
B00955,32,2,96.0,3,2,4,Gros paniers,False,True,False,Tournée ORBITE,75
B00956,53,1,64.0,2,1,3,Nouveaux acheteurs,False,True,False,Tournée ORBITE,75
B00957,39,3,178.0,3,3,4,Multi-dates,True,True,False,Tournée ORBITE,75
B00958,15,2,124.8,4,2,4,Gros paniers,False,True,False,Tournée ORBITE,75
B00959,53,1,96.0,2,1,4,Gros paniers,False,True,True,Tournée ORBITE,33
B00960,53,1,32.0,2,1,1,Nouveaux acheteurs,False,True,True,Tournée ORBITE,44
B00961,52,1,64.0,2,1,3,Nouveaux acheteurs,False,False,True,Tournée ORBITE,75
B00962,52,1,64.0,2,1,3,Nouveaux acheteurs,False,False,False,Tournée ORBITE,13
B00963,14,3,172.0,4,3,4,Multi-dates,False,False,False,Tournée ORBITE,44
B00964,52,1,64.0,2,1,3,Nouveaux acheteurs,False,False,True,Tournée ORBITE,67
B00965,49,2,88.0,2,2,4,Multi-dates,False,False,False,Tournée ORBITE,75
B00966,51,1,32.0,2,1,1,Nouveaux acheteurs,False,True,False,Tournée ORBITE,75
B00967,51,1,64.0,2,1,3,Nouveaux acheteurs,False,True,True,Tournée ORBITE,75
B00968,51,1,64.0,2,1,3,Nouveaux acheteurs,False,True,True,Tournée ORBITE,75
B00969,44,2,59.0,2,2,3,Multi-dates,True,True,False,Tournée ORBITE,75
B00970,27,2,164.0,3,2,4,Multi-dates,True,True,False,Tournée ORBITE,69
B00971,51,1,92.8,2,1,4,Gros paniers,True,True,False,Tournée ORBITE,35
B00972,51,1,64.0,2,1,3,Nouveaux acheteurs,False,True,True,Tournée ORBITE,34
B00973,51,1,56.32,2,1,3,Nouveaux acheteurs,False,True,False,Tournée ORBITE,67
B00974,51,1,64.0,2,1,3,Nouveaux acheteurs,True,True,False,Tournée ORBITE,69
B00975,51,1,64.0,2,1,3,Nouveaux acheteurs,False,False,False,Tournée ORBITE,75
B00976,51,1,64.0,2,1,3,Nouveaux acheteurs,False,False,True,Tournée ORBITE,75
B00977,50,1,64.0,2,1,3,Nouveaux acheteurs,False,True,False,Tournée ORBITE,75
B00978,50,1,64.0,2,1,3,Nouveaux acheteurs,False,True,False,Tournée ORBITE,75
B00979,50,1,32.0,2,1,1,Nouveaux acheteurs,True,True,False,Tournée ORBITE,13
B00980,50,1,64.0,2,1,3,Nouveaux acheteurs,False,True,True,Tournée ORBITE,75
B00981,50,1,92.8,2,1,4,Gros paniers,True,True,True,Tournée ORBITE,75
B00982,49,1,128.0,2,1,4,Gros paniers,False,False,False,Tournée ORBITE,44
B00983,49,1,64.0,2,1,3,Nouveaux acheteurs,False,True,False,Tournée ORBITE,75
B00984,48,1,64.0,2,1,3,Nouveaux acheteurs,True,True,False,Tournée ORBITE,75
B00985,48,1,64.0,2,1,3,Nouveaux acheteurs,False,True,False,Tournée ORBITE,75
B00986,48,2,124.0,2,2,4,Multi-dates,False,False,False,Tournée ORBITE,75
B00987,47,1,32.0,2,1,1,Nouveaux acheteurs,False,True,False,Tournée ORBITE,75
B00988,47,1,64.0,2,1,3,Nouveaux acheteurs,False,True,False,Tournée ORBITE,33
B00989,3,2,128.0,4,2,4,Gros paniers,True,True,False,Tournée ORBITE,75
B00990,10,2,128.0,4,2,4,Gros paniers,True,True,True,Tournée ORBITE,75
B00991,47,1,64.0,2,1,3,Nouveaux acheteurs,False,True,False,Tournée ORBITE,67
B00992,46,1,64.0,2,1,3,Nouveaux acheteurs,True,True,False,Tournée ORBITE,75
B00993,46,1,64.0,2,1,3,Nouveaux acheteurs,False,True,False,Tournée ORBITE,75
B00994,46,1,64.0,2,1,3,Nouveaux acheteurs,False,True,False,Tournée ORBITE,75
B00995,46,1,32.0,2,1,1,Nouveaux acheteurs,False,True,False,Tournée ORBITE,75
B00996,46,1,96.0,2,1,4,Gros paniers,True,True,False,Tournée ORBITE,75
B00997,46,1,64.0,2,1,3,Nouveaux acheteurs,False,False,False,Tournée ORBITE,75
B00998,8,2,132.0,4,2,4,Multi-dates,False,False,False,Tournée ORBITE,75
B00999,46,1,64.0,2,1,3,Nouveaux acheteurs,False,False,False,Tournée ORBITE,75
B01000,46,1,32.0,2,1,1,Nouveaux acheteurs,True,True,False,Tournée ORBITE,75
B01001,46,1,32.0,2,1,1,Nouveaux acheteurs,False,True,False,Tournée ORBITE,75
B01002,46,1,64.0,2,1,3,Nouveaux acheteurs,False,True,False,Tournée ORBITE,75
B01003,45,1,64.0,2,1,3,Nouveaux acheteurs,False,False,False,Tournée ORBITE,75
B01004,45,1,64.0,2,1,3,Nouveaux acheteurs,False,False,True,Tournée ORBITE,44
B01005,45,1,32.0,2,1,1,Nouveaux acheteurs,False,True,False,Tournée ORBITE,75
B01006,45,1,64.0,2,1,3,Nouveaux acheteurs,False,True,False,Tournée ORBITE,75
B01007,45,1,96.0,2,1,4,Gros paniers,False,True,False,Tournée ORBITE,75
B01008,45,1,64.0,2,1,3,Nouveaux acheteurs,True,True,True,Tournée ORBITE,31
B01009,34,2,100.0,3,2,4,Multi-dates,True,True,True,Tournée ORBITE,75
B01010,34,2,66.0,3,2,3,Multi-dates,False,False,True,Tournée ORBITE,75
B01011,43,1,32.0,3,1,1,Nouveaux acheteurs,False,False,True,Tournée ORBITE,75
B01012,43,2,132.0,3,2,4,Multi-dates,False,False,False,Tournée ORBITE,75
B01013,43,1,64.0,3,1,3,Nouveaux acheteurs,False,True,False,Tournée ORBITE,75
B01014,43,1,32.0,3,1,1,Nouveaux acheteurs,False,True,False,Tournée ORBITE,75
B01015,43,1,64.0,3,1,3,Nouveaux acheteurs,True,True,False,Tournée ORBITE,75
B01016,43,1,64.0,3,1,3,Nouveaux acheteurs,False,True,True,Tournée ORBITE,75
B01017,43,1,64.0,3,1,3,Nouveaux acheteurs,False,True,True,Tournée ORBITE,75
B01018,43,2,123.84,3,2,4,Multi-dates,False,False,False,Tournée ORBITE,75
B01019,32,2,128.0,3,2,4,Gros paniers,False,True,False,Tournée ORBITE,75
B01020,42,2,84.0,3,2,4,Multi-dates,True,True,False,Tournée ORBITE,BE
B01021,42,1,96.0,3,1,4,Gros paniers,True,True,True,Tournée ORBITE,75
B01022,42,1,64.0,3,1,3,Nouveaux acheteurs,False,True,False,Tournée ORBITE,75
B01023,41,3,142.0,3,3,4,Multi-dates,True,True,False,Tournée ORBITE,75
B01024,41,1,128.0,3,1,4,Gros paniers,True,True,False,Tournée ORBITE,75
B01025,41,2,130.0,3,2,4,Multi-dates,False,False,False,Tournée ORBITE,75
B01026,41,1,92.8,3,1,4,Gros paniers,False,False,False,Tournée ORBITE,75
B01027,41,1,64.0,3,1,3,Nouveaux acheteurs,True,True,False,Tournée ORBITE,75
B01028,41,1,32.0,3,1,1,Nouveaux acheteurs,False,False,True,Tournée ORBITE,75
B01029,40,1,64.0,3,1,3,Nouveaux acheteurs,False,True,False,Tournée ORBITE,75
B01030,40,1,32.0,3,1,1,Nouveaux acheteurs,True,True,False,Tournée ORBITE,13
B01031,40,1,32.0,3,1,1,Nouveaux acheteurs,False,False,True,Tournée ORBITE,34
B01032,39,2,98.0,3,2,4,Multi-dates,False,False,False,Tournée ORBITE,75
B01033,19,2,148.0,4,2,4,Multi-dates,True,True,False,Tournée ORBITE,13
B01034,33,2,100.0,3,2,4,Multi-dates,False,False,True,Tournée ORBITE,13
B01035,38,1,64.0,3,1,3,Nouveaux acheteurs,False,False,False,Tournée ORBITE,59
B01036,38,2,151.0,3,2,4,Multi-dates,False,True,False,Tournée ORBITE,59
B01037,34,2,160.0,3,2,4,Gros paniers,False,True,True,Tournée ORBITE,67
B01038,38,1,32.0,3,1,1,Nouveaux acheteurs,False,True,False,Tournée ORBITE,75
B01039,37,2,98.0,3,2,4,Multi-dates,True,True,False,Tournée ORBITE,75
B01040,38,1,64.0,3,1,3,Nouveaux acheteurs,True,True,False,Tournée ORBITE,33
B01041,37,1,64.0,3,1,3,Nouveaux acheteurs,False,False,False,Tournée ORBITE,75
B01042,36,1,32.0,3,1,1,Nouveaux acheteurs,True,True,False,Tournée ORBITE,75
B01043,36,1,64.0,3,1,3,Nouveaux acheteurs,False,True,True,Tournée ORBITE,75
B01044,36,1,128.0,3,1,4,Gros paniers,False,True,False,Tournée ORBITE,34
B01045,36,2,164.0,3,2,4,Multi-dates,True,True,False,Tournée ORBITE,75
B01046,36,1,64.0,3,1,3,Nouveaux acheteurs,False,False,False,Tournée ORBITE,75
B01047,35,1,32.0,3,1,1,Nouveaux acheteurs,False,False,False,Tournée ORBITE,75
B01048,35,1,56.32,3,1,3,Nouveaux acheteurs,False,True,False,Tournée ORBITE,75
B01049,16,2,128.0,4,2,4,Gros paniers,False,True,False,Tournée ORBITE,75
B01050,35,1,32.0,3,1,1,Nouveaux acheteurs,False,True,False,Tournée ORBITE,75
B01051,34,1,64.0,3,1,3,Nouveaux acheteurs,False,False,False,Tournée ORBITE,75
B01052,34,1,64.0,3,1,3,Nouveaux acheteurs,False,False,False,Tournée ORBITE,35
B01053,34,1,64.0,3,1,3,Nouveaux acheteurs,False,True,False,Tournée ORBITE,67
B01054,34,1,32.0,3,1,1,Nouveaux acheteurs,False,True,True,Tournée ORBITE,75
B01055,34,1,64.0,3,1,3,Nouveaux acheteurs,False,False,False,Tournée ORBITE,67
B01056,34,1,92.8,3,1,4,Gros paniers,False,True,False,Tournée ORBITE,69
B01057,34,1,128.0,3,1,4,Gros paniers,True,True,False,Tournée ORBITE,44
B01058,34,1,64.0,3,1,3,Nouveaux acheteurs,False,True,False,Tournée ORBITE,59
B01059,33,1,64.0,3,1,3,Nouveaux acheteurs,True,True,True,Tournée ORBITE,31
B01060,33,2,91.84,3,2,4,Multi-dates,False,True,False,Tournée ORBITE,75
B01061,33,1,96.0,3,1,4,Gros paniers,False,False,False,Tournée ORBITE,75
B01062,32,1,32.0,3,1,1,Nouveaux acheteurs,False,True,False,Tournée ORBITE,75
B01063,32,1,32.0,3,1,1,Nouveaux acheteurs,False,True,False,Tournée ORBITE,75
B01064,32,1,92.8,3,1,4,Gros paniers,False,False,False,Tournée ORBITE,75
B01065,32,1,64.0,3,1,3,Nouveaux acheteurs,True,True,False,Tournée ORBITE,75
B01066,31,1,64.0,3,1,3,Nouveaux acheteurs,False,True,False,Tournée ORBITE,31
B01067,31,2,118.0,3,2,4,Multi-dates,True,True,False,Tournée ORBITE,75
B01068,17,3,158.0,4,3,4,Multi-dates,False,False,False,Tournée ORBITE,75
B01069,31,1,96.0,3,1,4,Gros paniers,True,True,False,Tournée ORBITE,75
B01070,30,1,64.0,3,1,3,Nouveaux acheteurs,False,True,True,Tournée ORBITE,75
B01071,30,1,64.0,3,1,3,Nouveaux acheteurs,False,True,False,Tournée ORBITE,75
B01072,30,1,64.0,3,1,3,Nouveaux acheteurs,True,True,False,Tournée ORBITE,75
B01073,29,1,64.0,3,1,3,Nouveaux acheteurs,False,True,False,Tournée ORBITE,75
B01074,24,2,160.0,4,2,4,Gros paniers,False,True,False,Tournée ORBITE,75
B01075,29,1,64.0,3,1,3,Nouveaux acheteurs,False,False,False,Tournée ORBITE,75
B01076,29,1,32.0,3,1,1,Nouveaux acheteurs,False,False,False,Tournée ORBITE,75
B01077,29,1,32.0,3,1,1,Nouveaux acheteurs,False,False,False,Tournée ORBITE,75
B01078,29,1,64.0,3,1,3,Nouveaux acheteurs,False,True,True,Tournée ORBITE,75
B01079,28,1,32.0,3,1,1,Nouveaux acheteurs,True,True,False,Tournée ORBITE,75
B01080,28,1,64.0,3,1,3,Nouveaux acheteurs,False,True,True,Tournée ORBITE,75
B01081,28,1,32.0,3,1,1,Nouveaux acheteurs,False,True,False,Tournée ORBITE,75
B01082,28,1,32.0,3,1,1,Nouveaux acheteurs,False,True,True,Tournée ORBITE,75
B01083,28,1,56.32,3,1,3,Nouveaux acheteurs,False,False,False,Tournée ORBITE,75
B01084,28,1,64.0,3,1,3,Nouveaux acheteurs,False,False,False,Tournée ORBITE,75
B01085,25,2,78.4,4,2,4,Gros paniers,True,True,False,Tournée ORBITE,75
B01086,28,1,64.0,3,1,3,Nouveaux acheteurs,False,True,True,Tournée ORBITE,75
B01087,27,1,64.0,3,1,3,Nouveaux acheteurs,False,False,True,Tournée ORBITE,75
B01088,27,1,32.0,3,1,1,Nouveaux acheteurs,False,True,True,Tournée ORBITE,75
B01089,27,1,32.0,3,1,1,Nouveaux acheteurs,False,False,False,Tournée ORBITE,31
B01090,27,2,120.0,3,2,4,Multi-dates,False,True,True,Tournée ORBITE,75
B01091,27,1,64.0,3,1,3,Nouveaux acheteurs,False,True,False,Tournée ORBITE,75
B01092,26,1,64.0,4,1,3,Nouveaux acheteurs,False,False,True,Tournée ORBITE,75
B01093,26,2,132.0,4,2,4,Multi-dates,True,True,False,Tournée ORBITE,13
B01094,26,1,64.0,4,1,3,Nouveaux acheteurs,False,True,False,Tournée ORBITE,69
B01095,25,1,64.0,4,1,3,Nouveaux acheteurs,False,True,True,Tournée ORBITE,75
B01096,25,1,64.0,4,1,3,Nouveaux acheteurs,False,False,False,Tournée ORBITE,75
B01097,25,2,155.84,4,2,4,Multi-dates,True,True,False,Tournée ORBITE,75
B01098,15,2,100.0,4,2,4,Multi-dates,False,False,False,Tournée ORBITE,75
B01099,25,1,32.0,4,1,1,Nouveaux acheteurs,False,True,False,Tournée ORBITE,75
B01100,24,1,32.0,4,1,1,Nouveaux acheteurs,False,True,True,Tournée ORBITE,75
B01101,24,1,64.0,4,1,3,Nouveaux acheteurs,True,True,False,Tournée ORBITE,13
B01102,24,1,92.8,4,1,4,Gros paniers,False,True,False,Tournée ORBITE,75
B01103,24,2,132.0,4,2,4,Multi-dates,False,False,False,Tournée ORBITE,75
B01104,24,1,96.0,4,1,4,Gros paniers,False,False,False,Tournée ORBITE,13
B01105,23,2,124.0,4,2,4,Multi-dates,True,True,True,Tournée ORBITE,69
B01106,23,1,64.0,4,1,3,Nouveaux acheteurs,False,True,False,Tournée ORBITE,67
B01107,23,1,46.4,4,1,2,Nouveaux acheteurs,False,True,False,Tournée ORBITE,75
B01108,23,1,64.0,4,1,3,Nouveaux acheteurs,False,False,False,Tournée ORBITE,75
B01109,23,1,32.0,4,1,1,Nouveaux acheteurs,False,True,False,Tournée ORBITE,75
B01110,23,2,56.64,4,2,3,Multi-dates,False,True,False,Tournée ORBITE,75
B01111,23,1,64.0,4,1,3,Nouveaux acheteurs,False,False,False,Tournée ORBITE,75
B01112,23,2,160.8,4,2,4,Multi-dates,True,True,False,Tournée ORBITE,75
B01113,23,1,64.0,4,1,3,Nouveaux acheteurs,False,False,False,Tournée ORBITE,75
B01114,23,1,64.0,4,1,3,Nouveaux acheteurs,False,False,False,Tournée ORBITE,75
B01115,22,1,92.8,4,1,4,Gros paniers,False,True,False,Tournée ORBITE,75
B01116,22,1,64.0,4,1,3,Nouveaux acheteurs,False,True,False,Tournée ORBITE,75
B01117,22,1,64.0,4,1,3,Nouveaux acheteurs,False,True,False,Tournée ORBITE,BE
B01118,22,2,132.0,4,2,4,Multi-dates,False,True,False,Tournée ORBITE,75
B01119,22,1,64.0,4,1,3,Nouveaux acheteurs,False,False,True,Tournée ORBITE,75
B01120,21,1,64.0,4,1,3,Nouveaux acheteurs,False,True,False,Tournée ORBITE,75
B01121,21,1,64.0,4,1,3,Nouveaux acheteurs,False,True,False,Tournée ORBITE,75
B01122,20,1,96.0,4,1,4,Gros paniers,False,False,False,Tournée ORBITE,75
B01123,20,1,64.0,4,1,3,Nouveaux acheteurs,True,True,False,Tournée ORBITE,31
B01124,20,1,64.0,4,1,3,Nouveaux acheteurs,False,True,False,Tournée ORBITE,75
B01125,19,1,64.0,4,1,3,Nouveaux acheteurs,False,True,False,Tournée ORBITE,75
B01126,19,1,96.0,4,1,4,Gros paniers,False,False,False,Tournée ORBITE,75
B01127,19,1,64.0,4,1,3,Nouveaux acheteurs,False,True,True,Tournée ORBITE,BE
B01128,19,1,64.0,4,1,3,Nouveaux acheteurs,False,False,False,Tournée ORBITE,75
B01129,18,1,64.0,4,1,3,Nouveaux acheteurs,False,True,False,Tournée ORBITE,75
B01130,18,2,91.0,4,2,4,Multi-dates,False,True,False,Tournée ORBITE,75
B01131,18,1,64.0,4,1,3,Nouveaux acheteurs,False,False,False,Tournée ORBITE,75
B01132,18,2,94.0,4,2,4,Multi-dates,False,False,False,Tournée ORBITE,75
B01133,7,2,128.0,4,2,4,Gros paniers,False,True,True,Tournée ORBITE,59
B01134,17,1,128.0,4,1,4,Gros paniers,False,True,False,Tournée ORBITE,75
B01135,17,1,32.0,4,1,1,Nouveaux acheteurs,False,False,False,Tournée ORBITE,75
B01136,17,1,96.0,4,1,4,Gros paniers,False,False,False,Tournée ORBITE,75
B01137,16,1,64.0,4,1,3,Nouveaux acheteurs,False,True,False,Tournée ORBITE,75
B01138,16,1,96.0,4,1,4,Gros paniers,False,False,True,Tournée ORBITE,75
B01139,16,2,132.0,4,2,4,Multi-dates,False,True,False,Tournée ORBITE,67
B01140,16,1,64.0,4,1,3,Nouveaux acheteurs,True,True,False,Tournée ORBITE,75
B01141,15,1,92.8,4,1,4,Gros paniers,False,True,False,Tournée ORBITE,75
B01142,15,1,64.0,4,1,3,Nouveaux acheteurs,False,False,False,Tournée ORBITE,75
B01143,15,1,64.0,4,1,3,Nouveaux acheteurs,False,True,False,Tournée ORBITE,33
B01144,14,1,32.0,4,1,1,Nouveaux acheteurs,False,True,True,Tournée ORBITE,75
B01145,14,1,92.8,4,1,4,Gros paniers,False,True,False,Tournée ORBITE,75
B01146,14,2,92.0,4,2,4,Multi-dates,True,True,False,Tournée ORBITE,75
B01147,14,1,92.8,4,1,4,Gros paniers,False,True,False,Tournée ORBITE,44
B01148,13,1,32.0,4,1,1,Nouveaux acheteurs,False,True,False,Tournée ORBITE,44
B01149,13,1,92.8,4,1,4,Gros paniers,False,True,False,Tournée ORBITE,75
B01150,12,2,122.8,4,2,4,Multi-dates,False,False,False,Tournée ORBITE,75
B01151,12,1,64.0,4,1,3,Nouveaux acheteurs,False,False,False,Tournée ORBITE,75
B01152,12,1,64.0,4,1,3,Nouveaux acheteurs,False,False,False,Tournée ORBITE,75
B01153,11,1,96.0,4,1,4,Gros paniers,False,False,False,Tournée ORBITE,75
B01154,11,1,64.0,4,1,3,Nouveaux acheteurs,False,True,False,Tournée ORBITE,75
B01155,11,1,32.0,4,1,1,Nouveaux acheteurs,False,True,True,Tournée ORBITE,75
B01156,11,1,64.0,4,1,3,Nouveaux acheteurs,False,True,False,Tournée ORBITE,75
B01157,10,1,32.0,4,1,1,Nouveaux acheteurs,False,False,True,Tournée ORBITE,75
B01158,10,1,64.0,4,1,3,Nouveaux acheteurs,False,False,False,Tournée ORBITE,75
B01159,10,2,94.0,4,2,4,Multi-dates,False,False,True,Tournée ORBITE,75
B01160,9,1,64.0,4,1,3,Nouveaux acheteurs,False,True,False,Tournée ORBITE,69
B01161,9,1,64.0,4,1,3,Nouveaux acheteurs,False,False,False,Tournée ORBITE,75
B01162,8,1,64.0,4,1,3,Nouveaux acheteurs,True,True,True,Tournée ORBITE,44
B01163,7,1,32.0,4,1,1,Nouveaux acheteurs,False,False,False,Tournée ORBITE,75
B01164,7,1,32.0,4,1,1,Nouveaux acheteurs,True,True,False,Tournée ORBITE,75
B01165,7,2,132.0,4,2,4,Multi-dates,True,True,False,Tournée ORBITE,75
B01166,6,2,124.0,4,2,4,Multi-dates,False,True,True,Tournée ORBITE,33
B01167,6,2,116.0,4,2,4,Multi-dates,False,True,False,Tournée ORBITE,75
B01168,6,1,32.0,4,1,1,Nouveaux acheteurs,False,True,False,Tournée ORBITE,75
B01169,6,1,64.0,4,1,3,Nouveaux acheteurs,False,False,False,Tournée ORBITE,75
B01170,5,1,92.8,4,1,4,Gros paniers,False,True,True,Tournée ORBITE,75
B01171,0,3,117.0,4,3,4,Multi-dates,False,False,False,Tournée ORBITE,75
B01172,5,1,64.0,4,1,3,Nouveaux acheteurs,False,True,False,Tournée ORBITE,59
B01173,5,1,64.0,4,1,3,Nouveaux acheteurs,False,True,False,Tournée ORBITE,75
B01174,5,2,92.0,4,2,4,Multi-dates,False,True,True,Tournée ORBITE,75
B01175,5,1,32.0,4,1,1,Nouveaux acheteurs,False,False,True,Tournée ORBITE,31
B01176,5,1,64.0,4,1,3,Nouveaux acheteurs,True,True,False,Tournée ORBITE,75
B01177,4,1,64.0,4,1,3,Nouveaux acheteurs,False,True,False,Tournée ORBITE,75
B01178,4,1,64.0,4,1,3,Nouveaux acheteurs,False,False,False,Tournée ORBITE,34
B01179,4,1,32.0,4,1,1,Nouveaux acheteurs,False,False,False,Tournée ORBITE,75
B01180,4,1,92.8,4,1,4,Gros paniers,False,True,False,Tournée ORBITE,59
B01181,0,4,224.0,4,4,4,Multi-dates,False,False,False,Tournée ORBITE,75
B01182,3,2,116.8,4,2,4,Multi-dates,False,False,False,Tournée ORBITE,75
B01183,3,1,64.0,4,1,3,Nouveaux acheteurs,False,False,False,Tournée ORBITE,13
B01184,3,1,64.0,4,1,3,Nouveaux acheteurs,True,True,False,Tournée ORBITE,75
B01185,3,1,46.4,4,1,2,Nouveaux acheteurs,False,True,False,Tournée ORBITE,35
B01186,2,1,64.0,4,1,3,Nouveaux acheteurs,False,True,False,Tournée ORBITE,75
B01187,2,1,64.0,4,1,3,Nouveaux acheteurs,False,False,True,Tournée ORBITE,75
B01188,2,2,123.84,4,2,4,Multi-dates,True,True,False,Tournée ORBITE,75
B01189,2,2,132.0,4,2,4,Multi-dates,True,True,False,Tournée ORBITE,75
B01190,2,1,64.0,4,1,3,Nouveaux acheteurs,False,False,True,Tournée ORBITE,75
B01191,2,2,192.32,4,2,4,Multi-dates,False,False,False,Tournée ORBITE,75
B01192,2,1,64.0,4,1,3,Nouveaux acheteurs,False,False,False,Tournée ORBITE,75
B01193,1,1,92.8,4,1,4,Gros paniers,True,True,False,Tournée ORBITE,59
B01194,1,1,64.0,4,1,3,Nouveaux acheteurs,True,True,False,Tournée ORBITE,75
B01195,0,1,32.0,4,1,1,Nouveaux acheteurs,True,True,False,Tournée ORBITE,69
B01196,0,1,64.0,4,1,3,Nouveaux acheteurs,True,True,True,Tournée ORBITE,75
B01197,63,1,49.3,1,1,2,Nouveaux acheteurs,False,True,False,Tournée ORBITE,69
B01198,63,1,68.0,1,1,3,Nouveaux acheteurs,False,True,False,Tournée ORBITE,75
B01199,63,1,34.0,1,1,1,Nouveaux acheteurs,False,True,False,Tournée ORBITE,75
B01200,53,2,128.0,2,2,4,Multi-dates,True,True,True,Tournée ORBITE,75
B01201,63,1,136.0,1,1,4,Gros paniers,False,True,False,Tournée ORBITE,75
B01202,63,1,68.0,1,1,3,Nouveaux acheteurs,False,False,False,Tournée ORBITE,75
B01203,63,1,68.0,1,1,3,Nouveaux acheteurs,False,False,True,Tournée ORBITE,75
B01204,56,3,123.76,1,3,4,Gros paniers,False,False,False,Tournée ORBITE,75
B01205,63,1,68.0,1,1,3,Nouveaux acheteurs,False,True,True,Tournée ORBITE,75
B01206,63,1,34.0,1,1,1,Nouveaux acheteurs,False,True,True,Tournée ORBITE,75
B01207,63,1,34.0,1,1,1,Nouveaux acheteurs,False,True,False,Tournée ORBITE,75
B01208,63,1,68.0,1,1,3,Nouveaux acheteurs,False,True,False,Tournée ORBITE,44
B01209,63,1,68.0,1,1,3,Nouveaux acheteurs,False,True,True,Tournée ORBITE,75
B01210,36,2,88.0,3,2,4,Multi-dates,False,True,False,Tournée ORBITE,75
B01211,44,2,141.15,2,2,4,Multi-dates,False,True,False,Tournée ORBITE,75
B01212,63,1,59.84,1,1,3,Nouveaux acheteurs,False,True,False,Tournée ORBITE,75
B01213,41,2,113.75999999999999,3,2,4,Multi-dates,False,True,False,Tournée ORBITE,75
B01214,63,1,34.0,1,1,1,Nouveaux acheteurs,True,True,False,Tournée ORBITE,75
B01215,63,1,68.0,1,1,3,Nouveaux acheteurs,True,True,False,Tournée ORBITE,69
B01216,43,3,145.52,3,3,4,Multi-dates,False,True,False,Tournée ORBITE,75
B01217,63,1,68.0,1,1,3,Nouveaux acheteurs,False,False,True,Tournée ORBITE,75
B01218,63,1,68.0,1,1,3,Nouveaux acheteurs,False,False,False,Tournée ORBITE,75
B01219,63,1,68.0,1,1,3,Nouveaux acheteurs,True,True,False,Tournée ORBITE,75
B01220,4,2,162.0,4,2,4,Multi-dates,False,True,False,Tournée ORBITE,59
B01221,44,2,78.0,2,2,4,Multi-dates,True,True,True,Tournée ORBITE,31
B01222,7,2,98.0,4,2,4,Multi-dates,False,True,False,Tournée ORBITE,75
B01223,63,1,68.0,1,1,3,Nouveaux acheteurs,False,False,False,Tournée ORBITE,75
B01224,63,1,68.0,1,1,3,Nouveaux acheteurs,False,False,False,Tournée ORBITE,75
B01225,63,1,68.0,1,1,3,Nouveaux acheteurs,True,True,False,Tournée ORBITE,75
B01226,63,1,119.68,1,1,4,Gros paniers,False,True,False,Tournée ORBITE,75
B01227,63,1,59.84,1,1,3,Nouveaux acheteurs,False,False,True,Tournée ORBITE,69
B01228,42,2,111.84,3,2,4,Multi-dates,False,True,False,Tournée ORBITE,75
B01229,63,1,68.0,1,1,3,Nouveaux acheteurs,False,True,False,Tournée ORBITE,75
B01230,63,1,29.92,1,1,1,Nouveaux acheteurs,False,True,False,Tournée ORBITE,75
B01231,63,1,68.0,1,1,3,Nouveaux acheteurs,False,True,True,Tournée ORBITE,75
B01232,63,1,59.84,1,1,3,Nouveaux acheteurs,False,True,False,Tournée ORBITE,75
B01233,63,1,34.0,1,1,1,Nouveaux acheteurs,True,True,True,Tournée ORBITE,75
B01234,63,1,68.0,1,1,3,Nouveaux acheteurs,True,True,False,Tournée ORBITE,75
B01235,63,1,89.76,1,1,4,Gros paniers,True,True,False,Tournée ORBITE,44
B01236,63,1,102.0,1,1,4,Gros paniers,False,True,True,Tournée ORBITE,34
B01237,63,1,68.0,1,1,3,Nouveaux acheteurs,False,True,False,Tournée ORBITE,75
B01238,63,1,68.0,1,1,3,Nouveaux acheteurs,False,True,True,Tournée ORBITE,75
B01239,63,1,34.0,1,1,1,Nouveaux acheteurs,False,True,False,Tournée ORBITE,75
B01240,63,1,68.0,1,1,3,Nouveaux acheteurs,True,True,False,Tournée ORBITE,75
B01241,63,1,68.0,1,1,3,Nouveaux acheteurs,False,True,False,Tournée ORBITE,75
B01242,63,1,68.0,1,1,3,Nouveaux acheteurs,False,False,False,Tournée ORBITE,75
B01243,50,2,90.0,2,2,4,Multi-dates,True,True,False,Tournée ORBITE,75
B01244,63,1,68.0,1,1,3,Nouveaux acheteurs,False,True,False,Tournée ORBITE,75
B01245,63,1,68.0,1,1,3,Nouveaux acheteurs,True,True,False,Tournée ORBITE,75
B01246,63,1,68.0,1,1,3,Nouveaux acheteurs,True,True,False,Tournée ORBITE,75
B01247,63,1,68.0,1,1,3,Nouveaux acheteurs,False,True,False,Tournée ORBITE,75
B01248,63,1,68.0,1,1,3,Nouveaux acheteurs,False,False,False,Tournée ORBITE,75
B01249,63,1,68.0,1,1,3,Nouveaux acheteurs,True,True,True,Tournée ORBITE,75
B01250,63,1,68.0,1,1,3,Nouveaux acheteurs,True,True,False,Tournée ORBITE,35
B01251,30,2,86.84,3,2,4,Multi-dates,True,True,False,Tournée ORBITE,75
B01252,63,1,68.0,1,1,3,Nouveaux acheteurs,False,True,False,Tournée ORBITE,75
B01253,63,1,34.0,1,1,1,Nouveaux acheteurs,False,True,True,Tournée ORBITE,75
B01254,63,1,68.0,1,1,3,Nouveaux acheteurs,False,False,False,Tournée ORBITE,75
B01255,63,1,68.0,1,1,3,Nouveaux acheteurs,False,False,True,Tournée ORBITE,75
B01256,0,2,146.3,4,2,4,Multi-dates,False,False,False,Tournée ORBITE,34
B01257,63,1,102.0,1,1,4,Gros paniers,False,True,False,Tournée ORBITE,75
B01258,63,1,102.0,1,1,4,Gros paniers,False,True,True,Tournée ORBITE,75
B01259,63,1,89.76,1,1,4,Gros paniers,False,False,False,Tournée ORBITE,75
B01260,63,1,68.0,1,1,3,Nouveaux acheteurs,False,True,False,Tournée ORBITE,33
B01261,63,1,68.0,1,1,3,Nouveaux acheteurs,False,True,True,Tournée ORBITE,75
B01262,63,1,68.0,1,1,3,Nouveaux acheteurs,True,True,False,Tournée ORBITE,75
B01263,63,1,68.0,1,1,3,Nouveaux acheteurs,True,True,False,Tournée ORBITE,75
B01264,63,1,68.0,1,1,3,Nouveaux acheteurs,False,True,False,Tournée ORBITE,75
B01265,63,1,102.0,1,1,4,Gros paniers,False,False,False,Tournée ORBITE,75
B01266,62,1,68.0,1,1,3,Nouveaux acheteurs,False,False,False,Tournée ORBITE,75
B01267,29,2,119.92,3,2,4,Multi-dates,False,False,False,Tournée ORBITE,75
B01268,62,1,68.0,1,1,3,Nouveaux acheteurs,False,False,False,Tournée ORBITE,75
B01269,62,1,59.84,1,1,3,Nouveaux acheteurs,False,True,False,Tournée ORBITE,75
B01270,62,1,68.0,1,1,3,Nouveaux acheteurs,False,True,False,Tournée ORBITE,75
B01271,62,1,34.0,1,1,1,Nouveaux acheteurs,False,False,False,Tournée ORBITE,75
B01272,62,1,136.0,1,1,4,Gros paniers,False,False,False,Tournée ORBITE,75
B01273,62,1,59.84,1,1,3,Nouveaux acheteurs,False,False,True,Tournée ORBITE,75
B01274,62,1,68.0,1,1,3,Nouveaux acheteurs,False,False,False,Tournée ORBITE,34
B01275,62,1,59.84,1,1,3,Nouveaux acheteurs,False,True,True,Tournée ORBITE,75
B01276,62,1,68.0,1,1,3,Nouveaux acheteurs,False,True,False,Tournée ORBITE,33
B01277,62,1,59.84,1,1,3,Nouveaux acheteurs,False,False,True,Tournée ORBITE,75
B01278,62,1,68.0,1,1,3,Nouveaux acheteurs,False,True,False,Tournée ORBITE,75
B01279,62,1,68.0,1,1,3,Nouveaux acheteurs,True,True,False,Tournée ORBITE,75
B01280,62,1,34.0,1,1,1,Nouveaux acheteurs,False,False,False,Tournée ORBITE,75
B01281,62,1,68.0,1,1,3,Nouveaux acheteurs,False,True,False,Tournée ORBITE,75
B01282,62,1,68.0,1,1,3,Nouveaux acheteurs,False,True,False,Tournée ORBITE,75
B01283,62,1,68.0,1,1,3,Nouveaux acheteurs,False,True,False,Tournée ORBITE,75
B01284,62,1,34.0,1,1,1,Nouveaux acheteurs,False,True,False,Tournée ORBITE,75
B01285,62,1,68.0,1,1,3,Nouveaux acheteurs,False,True,True,Tournée ORBITE,75
B01286,62,1,34.0,1,1,1,Nouveaux acheteurs,False,True,False,Tournée ORBITE,75
B01287,62,1,68.0,1,1,3,Nouveaux acheteurs,False,False,False,Tournée ORBITE,75
B01288,62,1,29.92,1,1,1,Nouveaux acheteurs,False,True,False,Tournée ORBITE,75
B01289,62,1,68.0,1,1,3,Nouveaux acheteurs,False,True,False,Tournée ORBITE,75
B01290,27,2,77.3,3,2,4,Multi-dates,False,True,True,Tournée ORBITE,75
B01291,62,1,68.0,1,1,3,Nouveaux acheteurs,True,True,False,Tournée ORBITE,75
B01292,5,3,192.0,4,3,4,Multi-dates,False,False,True,Tournée ORBITE,75
B01293,58,2,102.0,1,2,4,Gros paniers,True,True,False,Tournée ORBITE,75
B01294,62,1,68.0,1,1,3,Nouveaux acheteurs,False,False,False,Tournée ORBITE,75
B01295,62,1,68.0,1,1,3,Nouveaux acheteurs,False,True,False,Tournée ORBITE,75
B01296,62,1,136.0,1,1,4,Gros paniers,False,True,False,Tournée ORBITE,75
B01297,62,1,29.92,1,1,1,Nouveaux acheteurs,False,False,False,Tournée ORBITE,75
B01298,62,1,68.0,1,1,3,Nouveaux acheteurs,False,True,True,Tournée ORBITE,BE
B01299,39,2,120.0,3,2,4,Multi-dates,False,True,False,Tournée ORBITE,75
B01300,62,1,59.84,1,1,3,Nouveaux acheteurs,True,True,False,Tournée ORBITE,75
B01301,62,1,68.0,1,1,3,Nouveaux acheteurs,False,True,False,Tournée ORBITE,75
B01302,62,1,119.68,1,1,4,Gros paniers,False,True,False,Tournée ORBITE,75
B01303,62,1,68.0,1,1,3,Nouveaux acheteurs,False,True,False,Tournée ORBITE,13
B01304,61,1,68.0,1,1,3,Nouveaux acheteurs,False,True,False,Tournée ORBITE,75
B01305,61,1,68.0,1,1,3,Nouveaux acheteurs,True,True,False,Tournée ORBITE,75
B01306,61,1,59.84,1,1,3,Nouveaux acheteurs,False,False,False,Tournée ORBITE,75
B01307,40,2,102.0,3,2,4,Gros paniers,False,False,False,Tournée ORBITE,69
B01308,61,1,34.0,1,1,1,Nouveaux acheteurs,False,False,True,Tournée ORBITE,75
B01309,61,1,49.3,1,1,2,Nouveaux acheteurs,True,True,False,Tournée ORBITE,75
B01310,61,1,68.0,1,1,3,Nouveaux acheteurs,False,True,False,Tournée ORBITE,75
B01311,58,2,136.0,1,2,4,Gros paniers,True,True,False,Tournée ORBITE,75
B01312,26,2,136.0,4,2,4,Gros paniers,True,True,False,Tournée ORBITE,75
B01313,20,3,172.0,4,3,4,Multi-dates,True,True,False,Tournée ORBITE,75
B01314,61,1,68.0,1,1,3,Nouveaux acheteurs,False,False,False,Tournée ORBITE,75
B01315,22,2,122.0,4,2,4,Multi-dates,False,True,True,Tournée ORBITE,75
B01316,25,2,90.0,4,2,4,Multi-dates,True,True,False,Tournée ORBITE,75
B01317,61,1,34.0,1,1,1,Nouveaux acheteurs,False,True,False,Tournée ORBITE,75
B01318,61,1,59.84,1,1,3,Nouveaux acheteurs,False,False,False,Tournée ORBITE,75
B01319,61,1,34.0,1,1,1,Nouveaux acheteurs,False,False,True,Tournée ORBITE,75
B01320,42,2,113.75999999999999,3,2,4,Multi-dates,False,False,False,Tournée ORBITE,75
B01321,61,1,68.0,1,1,3,Nouveaux acheteurs,True,True,True,Tournée ORBITE,75
B01322,61,1,68.0,1,1,3,Nouveaux acheteurs,False,True,False,Tournée ORBITE,75
B01323,61,1,68.0,1,1,3,Nouveaux acheteurs,False,False,False,Tournée ORBITE,75
B01324,61,1,59.84,1,1,3,Nouveaux acheteurs,True,True,False,Tournée ORBITE,75
B01325,50,2,215.9,2,2,4,Gros paniers,False,False,False,Tournée ORBITE,67
B01326,61,1,68.0,1,1,3,Nouveaux acheteurs,False,True,False,Tournée ORBITE,75
B01327,61,1,68.0,1,1,3,Nouveaux acheteurs,False,False,False,Tournée ORBITE,75
B01328,61,1,34.0,1,1,1,Nouveaux acheteurs,False,False,False,Tournée ORBITE,75
B01329,61,1,102.0,1,1,4,Gros paniers,False,False,False,Tournée ORBITE,75
B01330,61,1,68.0,1,1,3,Nouveaux acheteurs,False,False,False,Tournée ORBITE,75
B01331,61,1,68.0,1,1,3,Nouveaux acheteurs,False,True,False,Tournée ORBITE,75
B01332,61,1,34.0,1,1,1,Nouveaux acheteurs,True,True,False,Tournée ORBITE,75
B01333,61,1,98.6,1,1,4,Gros paniers,False,True,True,Tournée ORBITE,34
B01334,61,1,68.0,1,1,3,Nouveaux acheteurs,False,True,False,Tournée ORBITE,34
B01335,55,2,126.6,2,2,4,Multi-dates,False,True,True,Tournée ORBITE,75
B01336,61,1,59.84,1,1,3,Nouveaux acheteurs,False,False,False,Tournée ORBITE,75
B01337,60,1,136.0,1,1,4,Gros paniers,False,True,False,Tournée ORBITE,75
B01338,60,1,68.0,1,1,3,Nouveaux acheteurs,False,True,False,Tournée ORBITE,75
B01339,60,1,68.0,1,1,3,Nouveaux acheteurs,True,True,False,Tournée ORBITE,75
B01340,60,1,34.0,1,1,1,Nouveaux acheteurs,False,True,True,Tournée ORBITE,75
B01341,60,1,59.84,1,1,3,Nouveaux acheteurs,False,False,False,Tournée ORBITE,75
B01342,60,1,59.84,1,1,3,Nouveaux acheteurs,False,False,True,Tournée ORBITE,67
B01343,60,1,68.0,1,1,3,Nouveaux acheteurs,False,True,False,Tournée ORBITE,75
B01344,60,1,34.0,1,1,1,Nouveaux acheteurs,False,True,True,Tournée ORBITE,75
B01345,34,3,152.0,3,3,4,Multi-dates,True,True,True,Tournée ORBITE,75
B01346,60,1,68.0,1,1,3,Nouveaux acheteurs,False,False,True,Tournée ORBITE,75
B01347,60,1,68.0,1,1,3,Nouveaux acheteurs,False,False,False,Tournée ORBITE,75
B01348,56,2,83.28,1,2,4,Multi-dates,False,True,False,Tournée ORBITE,75
B01349,60,1,68.0,1,1,3,Nouveaux acheteurs,False,False,True,Tournée ORBITE,75
B01350,26,2,94.0,4,2,4,Multi-dates,True,True,False,Tournée ORBITE,75
B01351,60,1,68.0,1,1,3,Nouveaux acheteurs,True,True,False,Tournée ORBITE,75
B01352,60,1,34.0,1,1,1,Nouveaux acheteurs,False,True,False,Tournée ORBITE,75
B01353,60,1,68.0,1,1,3,Nouveaux acheteurs,False,False,False,Tournée ORBITE,75
B01354,34,2,85.36,3,2,4,Multi-dates,False,False,False,Tournée ORBITE,75
B01355,54,2,128.0,2,2,4,Multi-dates,False,True,False,Tournée ORBITE,31
B01356,60,1,34.0,1,1,1,Nouveaux acheteurs,False,False,False,Tournée ORBITE,75
B01357,24,2,98.0,4,2,4,Multi-dates,True,True,False,Tournée ORBITE,75
B01358,60,1,34.0,1,1,1,Nouveaux acheteurs,False,False,False,Tournée ORBITE,75
B01359,60,1,34.0,1,1,1,Nouveaux acheteurs,False,True,False,Tournée ORBITE,75
B01360,60,1,59.84,1,1,3,Nouveaux acheteurs,False,False,False,Tournée ORBITE,75
B01361,60,1,34.0,1,1,1,Nouveaux acheteurs,False,True,True,Tournée ORBITE,75
B01362,60,1,34.0,1,1,1,Nouveaux acheteurs,False,False,True,Tournée ORBITE,75
B01363,60,1,68.0,1,1,3,Nouveaux acheteurs,False,True,False,Tournée ORBITE,75
B01364,60,1,34.0,1,1,1,Nouveaux acheteurs,False,True,True,Tournée ORBITE,75
B01365,60,1,29.92,1,1,1,Nouveaux acheteurs,False,True,False,Tournée ORBITE,75
B01366,60,1,68.0,1,1,3,Nouveaux acheteurs,False,True,False,Tournée ORBITE,75
B01367,59,1,102.0,1,1,4,Gros paniers,False,False,False,Tournée ORBITE,75
B01368,59,1,29.92,1,1,1,Nouveaux acheteurs,True,True,False,Tournée ORBITE,59
B01369,59,1,59.84,1,1,3,Nouveaux acheteurs,False,True,False,Tournée ORBITE,75
B01370,59,1,68.0,1,1,3,Nouveaux acheteurs,False,False,False,Tournée ORBITE,75
B01371,59,1,68.0,1,1,3,Nouveaux acheteurs,False,False,False,Tournée ORBITE,75
B01372,59,1,34.0,1,1,1,Nouveaux acheteurs,False,True,False,Tournée ORBITE,75
B01373,59,1,34.0,1,1,1,Nouveaux acheteurs,False,True,False,Tournée ORBITE,33
B01374,59,1,59.84,1,1,3,Nouveaux acheteurs,False,True,False,Tournée ORBITE,31
B01375,59,1,34.0,1,1,1,Nouveaux acheteurs,False,True,False,Tournée ORBITE,75
B01376,59,1,102.0,1,1,4,Gros paniers,False,True,False,Tournée ORBITE,44
B01377,4,2,124.0,4,2,4,Multi-dates,False,True,False,Tournée ORBITE,75
B01378,59,1,29.92,1,1,1,Nouveaux acheteurs,False,False,True,Tournée ORBITE,75
B01379,59,1,68.0,1,1,3,Nouveaux acheteurs,False,False,False,Tournée ORBITE,75
B01380,59,1,68.0,1,1,3,Nouveaux acheteurs,False,False,False,Tournée ORBITE,34
B01381,59,1,102.0,1,1,4,Gros paniers,False,False,False,Tournée ORBITE,69
B01382,59,1,59.84,1,1,3,Nouveaux acheteurs,False,True,False,Tournée ORBITE,75
B01383,59,1,34.0,1,1,1,Nouveaux acheteurs,False,False,True,Tournée ORBITE,75
B01384,58,1,68.0,1,1,3,Nouveaux acheteurs,False,True,False,Tournée ORBITE,75
B01385,13,2,73.15,4,2,4,Multi-dates,False,True,False,Tournée ORBITE,75
B01386,58,1,34.0,1,1,1,Nouveaux acheteurs,False,True,True,Tournée ORBITE,75
B01387,58,1,68.0,1,1,3,Nouveaux acheteurs,False,True,False,Tournée ORBITE,75
B01388,48,2,98.0,2,2,4,Multi-dates,False,False,False,Tournée ORBITE,75
B01389,35,2,126.0,3,2,4,Multi-dates,False,False,False,Tournée ORBITE,75
B01390,3,2,88.0,4,2,4,Multi-dates,False,True,False,Tournée ORBITE,75
B01391,58,1,136.0,1,1,4,Gros paniers,False,False,False,Tournée ORBITE,75
B01392,58,1,34.0,1,1,1,Nouveaux acheteurs,False,False,False,Tournée ORBITE,75
B01393,58,1,68.0,1,1,3,Nouveaux acheteurs,True,True,False,Tournée ORBITE,35
B01394,58,1,68.0,1,1,3,Nouveaux acheteurs,False,True,True,Tournée ORBITE,75
B01395,58,1,68.0,1,1,3,Nouveaux acheteurs,False,True,False,Tournée ORBITE,75
B01396,32,2,124.0,3,2,4,Multi-dates,False,False,True,Tournée ORBITE,33
B01397,58,1,29.92,1,1,1,Nouveaux acheteurs,False,True,False,Tournée ORBITE,69
B01398,58,1,29.92,1,1,1,Nouveaux acheteurs,False,True,False,Tournée ORBITE,75
B01399,58,1,59.84,1,1,3,Nouveaux acheteurs,False,True,False,Tournée ORBITE,75
B01400,58,1,68.0,1,1,3,Nouveaux acheteurs,False,True,False,Tournée ORBITE,75
B01401,58,1,68.0,1,1,3,Nouveaux acheteurs,False,True,True,Tournée ORBITE,75
B01402,58,1,136.0,1,1,4,Gros paniers,False,True,False,Tournée ORBITE,75
B01403,58,1,102.0,1,1,4,Gros paniers,False,True,False,Tournée ORBITE,75
B01404,58,1,68.0,1,1,3,Nouveaux acheteurs,False,False,False,Tournée ORBITE,75
B01405,58,1,29.92,1,1,1,Nouveaux acheteurs,False,True,False,Tournée ORBITE,34
B01406,58,1,49.3,1,1,2,Nouveaux acheteurs,False,False,False,Tournée ORBITE,75
B01407,57,1,98.6,1,1,4,Gros paniers,False,True,False,Tournée ORBITE,69
B01408,57,1,68.0,1,1,3,Nouveaux acheteurs,False,True,False,Tournée ORBITE,75
B01409,57,1,136.0,1,1,4,Gros paniers,False,True,False,Tournée ORBITE,75
B01410,57,1,68.0,1,1,3,Nouveaux acheteurs,False,True,True,Tournée ORBITE,59
B01411,13,3,135.5,4,3,4,Multi-dates,False,False,False,Tournée ORBITE,75
B01412,57,1,34.0,1,1,1,Nouveaux acheteurs,False,True,False,Tournée ORBITE,75
B01413,57,1,68.0,1,1,3,Nouveaux acheteurs,True,True,False,Tournée ORBITE,75
B01414,54,2,98.0,2,2,4,Multi-dates,False,True,False,Tournée ORBITE,67
B01415,57,1,98.6,1,1,4,Gros paniers,False,False,True,Tournée ORBITE,34
B01416,57,1,68.0,1,1,3,Nouveaux acheteurs,False,False,False,Tournée ORBITE,75
B01417,57,1,68.0,1,1,3,Nouveaux acheteurs,False,True,False,Tournée ORBITE,75
B01418,57,1,34.0,1,1,1,Nouveaux acheteurs,False,False,False,Tournée ORBITE,75
B01419,5,3,206.0,4,3,4,Multi-dates,False,True,True,Tournée ORBITE,75
B01420,57,1,29.92,1,1,1,Nouveaux acheteurs,True,True,False,Tournée ORBITE,75
B01421,53,2,94.0,2,2,4,Multi-dates,False,False,False,Tournée ORBITE,75
B01422,57,1,68.0,1,1,3,Nouveaux acheteurs,False,False,False,Tournée ORBITE,BE
B01423,57,1,29.92,1,1,1,Nouveaux acheteurs,False,True,False,Tournée ORBITE,75
B01424,29,2,128.0,3,2,4,Multi-dates,False,False,True,Tournée ORBITE,44
B01425,57,1,34.0,1,1,1,Nouveaux acheteurs,False,True,False,Tournée ORBITE,75
B01426,57,1,34.0,1,1,1,Nouveaux acheteurs,False,True,False,Tournée ORBITE,75
B01427,57,1,68.0,1,1,3,Nouveaux acheteurs,False,True,False,Tournée ORBITE,75
B01428,57,1,34.0,1,1,1,Nouveaux acheteurs,False,True,False,Tournée ORBITE,75
B01429,49,2,109.84,2,2,4,Multi-dates,False,False,False,Tournée ORBITE,69
B01430,57,1,59.84,1,1,3,Nouveaux acheteurs,False,True,False,Tournée ORBITE,75
B01431,57,1,68.0,1,1,3,Nouveaux acheteurs,False,True,False,Tournée ORBITE,75
B01432,56,1,68.0,1,1,3,Nouveaux acheteurs,False,True,False,Tournée ORBITE,75
B01433,56,1,68.0,1,1,3,Nouveaux acheteurs,True,True,True,Tournée ORBITE,75
B01434,56,1,68.0,1,1,3,Nouveaux acheteurs,True,True,False,Tournée ORBITE,75
B01435,56,1,68.0,1,1,3,Nouveaux acheteurs,False,True,False,Tournée ORBITE,75
B01436,33,2,124.0,3,2,4,Multi-dates,False,False,False,Tournée ORBITE,75
B01437,0,2,136.0,4,2,4,Gros paniers,False,True,True,Tournée ORBITE,75
B01438,10,2,102.0,4,2,4,Gros paniers,False,False,False,Tournée ORBITE,75
B01439,56,1,102.0,1,1,4,Gros paniers,True,True,False,Tournée ORBITE,75
B01440,56,1,68.0,1,1,3,Nouveaux acheteurs,False,True,False,Tournée ORBITE,75
B01441,56,1,89.76,1,1,4,Gros paniers,False,False,False,Tournée ORBITE,75
B01442,56,1,68.0,1,1,3,Nouveaux acheteurs,False,False,True,Tournée ORBITE,75
B01443,56,1,68.0,1,1,3,Nouveaux acheteurs,True,True,False,Tournée ORBITE,BE
B01444,56,1,68.0,1,1,3,Nouveaux acheteurs,True,True,False,Tournée ORBITE,75
B01445,55,1,68.0,2,1,3,Nouveaux acheteurs,False,True,True,Tournée ORBITE,75
B01446,55,1,68.0,2,1,3,Nouveaux acheteurs,False,True,False,Tournée ORBITE,75
B01447,6,2,152.6,4,2,4,Multi-dates,True,True,False,Tournée ORBITE,75
B01448,52,2,136.0,2,2,4,Gros paniers,True,True,True,Tournée ORBITE,75
B01449,55,1,68.0,2,1,3,Nouveaux acheteurs,False,False,False,Tournée ORBITE,75
B01450,55,1,68.0,2,1,3,Nouveaux acheteurs,True,True,True,Tournée ORBITE,75
B01451,55,1,68.0,2,1,3,Nouveaux acheteurs,False,True,False,Tournée ORBITE,75
B01452,55,2,119.84,2,2,4,Multi-dates,True,True,False,Tournée ORBITE,75
B01453,55,1,34.0,2,1,1,Nouveaux acheteurs,False,True,False,Tournée ORBITE,75
B01454,55,1,68.0,2,1,3,Nouveaux acheteurs,True,True,True,Tournée ORBITE,75
B01455,55,1,34.0,2,1,1,Nouveaux acheteurs,False,False,False,Tournée ORBITE,75
B01456,55,1,98.6,2,1,4,Gros paniers,False,False,False,Tournée ORBITE,75
B01457,55,1,34.0,2,1,1,Nouveaux acheteurs,False,False,False,Tournée ORBITE,75
B01458,55,1,68.0,2,1,3,Nouveaux acheteurs,False,True,False,Tournée ORBITE,75
B01459,54,1,68.0,2,1,3,Nouveaux acheteurs,True,True,True,Tournée ORBITE,75
B01460,54,1,68.0,2,1,3,Nouveaux acheteurs,False,True,True,Tournée ORBITE,44
B01461,8,2,152.6,4,2,4,Multi-dates,False,False,False,Tournée ORBITE,75
B01462,54,1,68.0,2,1,3,Nouveaux acheteurs,False,True,False,Tournée ORBITE,75
B01463,54,1,49.3,2,1,2,Nouveaux acheteurs,True,True,False,Tournée ORBITE,75
B01464,54,1,68.0,2,1,3,Nouveaux acheteurs,False,True,False,Tournée ORBITE,75
B01465,54,1,68.0,2,1,3,Nouveaux acheteurs,False,True,False,Tournée ORBITE,75
B01466,54,1,68.0,2,1,3,Nouveaux acheteurs,True,True,False,Tournée ORBITE,75
B01467,50,2,122.0,2,2,4,Multi-dates,True,True,False,Tournée ORBITE,75
B01468,54,1,68.0,2,1,3,Nouveaux acheteurs,True,True,True,Tournée ORBITE,75
B01469,54,1,34.0,2,1,1,Nouveaux acheteurs,False,True,False,Tournée ORBITE,75
B01470,54,1,68.0,2,1,3,Nouveaux acheteurs,False,False,True,Tournée ORBITE,44
B01471,54,1,68.0,2,1,3,Nouveaux acheteurs,True,True,False,Tournée ORBITE,69
B01472,54,1,98.6,2,1,4,Gros paniers,False,True,False,Tournée ORBITE,31
B01473,54,1,68.0,2,1,3,Nouveaux acheteurs,False,True,True,Tournée ORBITE,75
B01474,53,1,98.6,2,1,4,Gros paniers,False,False,False,Tournée ORBITE,75
B01475,53,1,68.0,2,1,3,Nouveaux acheteurs,False,True,False,Tournée ORBITE,75
B01476,53,1,102.0,2,1,4,Gros paniers,False,False,True,Tournée ORBITE,75
B01477,53,1,34.0,2,1,1,Nouveaux acheteurs,False,True,False,Tournée ORBITE,35
B01478,53,2,86.8,2,2,4,Multi-dates,True,True,False,Tournée ORBITE,75
B01479,53,1,34.0,2,1,1,Nouveaux acheteurs,True,True,False,Tournée ORBITE,75
B01480,53,1,68.0,2,1,3,Nouveaux acheteurs,False,False,False,Tournée ORBITE,33
B01481,53,1,68.0,2,1,3,Nouveaux acheteurs,False,False,False,Tournée ORBITE,BE
B01482,53,1,102.0,2,1,4,Gros paniers,False,False,True,Tournée ORBITE,75
B01483,53,1,102.0,2,1,4,Gros paniers,False,True,False,Tournée ORBITE,75
B01484,53,1,68.0,2,1,3,Nouveaux acheteurs,False,False,False,Tournée ORBITE,75
B01485,53,1,68.0,2,1,3,Nouveaux acheteurs,True,True,False,Tournée ORBITE,44
B01486,52,1,34.0,2,1,1,Nouveaux acheteurs,True,True,False,Tournée ORBITE,75
B01487,7,2,105.3,4,2,4,Multi-dates,False,False,True,Tournée ORBITE,75
B01488,52,1,68.0,2,1,3,Nouveaux acheteurs,False,False,False,Tournée ORBITE,75
B01489,52,1,68.0,2,1,3,Nouveaux acheteurs,False,False,False,Tournée ORBITE,75
B01490,52,1,29.92,2,1,1,Nouveaux acheteurs,True,True,True,Tournée ORBITE,75
B01491,52,1,98.6,2,1,4,Gros paniers,False,False,False,Tournée ORBITE,75
B01492,52,2,164.0,2,2,4,Multi-dates,False,True,False,Tournée ORBITE,75
B01493,52,1,34.0,2,1,1,Nouveaux acheteurs,False,True,False,Tournée ORBITE,75
B01494,25,2,96.0,4,2,4,Multi-dates,False,True,True,Tournée ORBITE,75
B01495,52,1,68.0,2,1,3,Nouveaux acheteurs,False,False,False,Tournée ORBITE,75
B01496,52,1,34.0,2,1,1,Nouveaux acheteurs,False,True,False,Tournée ORBITE,75
B01497,52,1,68.0,2,1,3,Nouveaux acheteurs,False,True,True,Tournée ORBITE,75
B01498,51,2,90.0,2,2,4,Multi-dates,False,True,False,Tournée ORBITE,75
B01499,51,1,34.0,2,1,1,Nouveaux acheteurs,False,False,False,Tournée ORBITE,75
B01500,51,1,98.6,2,1,4,Gros paniers,False,True,False,Tournée ORBITE,75
B01501,51,1,34.0,2,1,1,Nouveaux acheteurs,False,True,False,Tournée ORBITE,69
B01502,50,1,68.0,2,1,3,Nouveaux acheteurs,False,False,False,Tournée ORBITE,75
B01503,50,1,68.0,2,1,3,Nouveaux acheteurs,False,True,True,Tournée ORBITE,34
B01504,50,1,68.0,2,1,3,Nouveaux acheteurs,False,True,False,Tournée ORBITE,75
B01505,50,1,68.0,2,1,3,Nouveaux acheteurs,False,True,True,Tournée ORBITE,75
B01506,50,1,147.9,2,1,4,Gros paniers,True,True,False,Tournée ORBITE,75
B01507,50,2,81.52000000000001,2,2,4,Multi-dates,False,True,False,Tournée ORBITE,75
B01508,50,1,68.0,2,1,3,Nouveaux acheteurs,False,True,False,Tournée ORBITE,75
B01509,50,1,68.0,2,1,3,Nouveaux acheteurs,False,True,False,Tournée ORBITE,75
B01510,49,1,68.0,2,1,3,Nouveaux acheteurs,False,True,False,Tournée ORBITE,75
B01511,23,2,128.0,4,2,4,Multi-dates,False,False,False,Tournée ORBITE,75
B01512,49,1,34.0,2,1,1,Nouveaux acheteurs,False,True,True,Tournée ORBITE,75
B01513,49,1,68.0,2,1,3,Nouveaux acheteurs,True,True,False,Tournée ORBITE,75
B01514,49,1,98.6,2,1,4,Gros paniers,False,True,False,Tournée ORBITE,75
B01515,49,1,68.0,2,1,3,Nouveaux acheteurs,False,True,False,Tournée ORBITE,75
B01516,49,1,68.0,2,1,3,Nouveaux acheteurs,False,True,False,Tournée ORBITE,75
B01517,49,2,124.0,2,2,4,Multi-dates,False,True,False,Tournée ORBITE,BE
B01518,49,1,34.0,2,1,1,Nouveaux acheteurs,False,False,True,Tournée ORBITE,75
B01519,49,1,34.0,2,1,1,Nouveaux acheteurs,False,True,False,Tournée ORBITE,34
B01520,49,1,59.84,2,1,3,Nouveaux acheteurs,False,True,False,Tournée ORBITE,75
B01521,49,1,98.6,2,1,4,Gros paniers,True,True,False,Tournée ORBITE,75
B01522,49,1,34.0,2,1,1,Nouveaux acheteurs,False,True,False,Tournée ORBITE,75
B01523,48,1,68.0,2,1,3,Nouveaux acheteurs,False,False,False,Tournée ORBITE,75
B01524,48,1,68.0,2,1,3,Nouveaux acheteurs,False,False,False,Tournée ORBITE,75
B01525,48,1,68.0,2,1,3,Nouveaux acheteurs,False,False,False,Tournée ORBITE,75
B01526,10,2,129.0,4,2,4,Multi-dates,True,True,False,Tournée ORBITE,75
B01527,47,1,59.84,2,1,3,Nouveaux acheteurs,True,True,False,Tournée ORBITE,44
B01528,47,1,34.0,2,1,1,Nouveaux acheteurs,False,True,False,Tournée ORBITE,31
B01529,47,1,68.0,2,1,3,Nouveaux acheteurs,False,False,False,Tournée ORBITE,44
B01530,43,2,136.0,3,2,4,Gros paniers,True,True,False,Tournée ORBITE,75
B01531,47,1,34.0,2,1,1,Nouveaux acheteurs,False,True,False,Tournée ORBITE,75
B01532,47,1,34.0,2,1,1,Nouveaux acheteurs,True,True,False,Tournée ORBITE,75
B01533,47,1,68.0,2,1,3,Nouveaux acheteurs,False,False,False,Tournée ORBITE,75
B01534,47,1,34.0,2,1,1,Nouveaux acheteurs,False,True,False,Tournée ORBITE,75
B01535,47,1,68.0,2,1,3,Nouveaux acheteurs,False,True,False,Tournée ORBITE,75
B01536,47,1,68.0,2,1,3,Nouveaux acheteurs,False,True,False,Tournée ORBITE,75
B01537,47,1,68.0,2,1,3,Nouveaux acheteurs,False,True,False,Tournée ORBITE,75
B01538,46,1,34.0,2,1,1,Nouveaux acheteurs,False,True,False,Tournée ORBITE,75
B01539,46,1,68.0,2,1,3,Nouveaux acheteurs,False,True,False,Tournée ORBITE,75
B01540,46,1,68.0,2,1,3,Nouveaux acheteurs,False,False,False,Tournée ORBITE,75
B01541,46,1,68.0,2,1,3,Nouveaux acheteurs,False,False,False,Tournée ORBITE,75
B01542,46,1,68.0,2,1,3,Nouveaux acheteurs,True,True,False,Tournée ORBITE,75
B01543,46,1,102.0,2,1,4,Gros paniers,True,True,False,Tournée ORBITE,75
B01544,40,2,96.0,3,2,4,Multi-dates,True,True,False,Tournée ORBITE,75
B01545,45,1,68.0,2,1,3,Nouveaux acheteurs,False,True,False,Tournée ORBITE,34
B01546,45,2,104.25,2,2,4,Multi-dates,True,True,False,Tournée ORBITE,75
B01547,45,2,96.0,2,2,4,Multi-dates,True,True,False,Tournée ORBITE,75
B01548,45,1,68.0,2,1,3,Nouveaux acheteurs,False,False,False,Tournée ORBITE,59
B01549,44,1,98.6,2,1,4,Gros paniers,False,True,False,Tournée ORBITE,34
B01550,44,1,68.0,2,1,3,Nouveaux acheteurs,False,False,True,Tournée ORBITE,75
B01551,44,1,68.0,2,1,3,Nouveaux acheteurs,False,True,True,Tournée ORBITE,75
B01552,44,1,34.0,2,1,1,Nouveaux acheteurs,False,False,False,Tournée ORBITE,75
B01553,44,1,68.0,2,1,3,Nouveaux acheteurs,False,True,False,Tournée ORBITE,75
B01554,43,1,68.0,3,1,3,Nouveaux acheteurs,False,True,True,Tournée ORBITE,67
B01555,43,1,68.0,3,1,3,Nouveaux acheteurs,False,True,True,Tournée ORBITE,59
B01556,43,1,34.0,3,1,1,Nouveaux acheteurs,True,True,True,Tournée ORBITE,75
B01557,43,1,34.0,3,1,1,Nouveaux acheteurs,False,True,False,Tournée ORBITE,31
B01558,7,2,166.0,4,2,4,Multi-dates,True,True,False,Tournée ORBITE,75
B01559,35,2,119.03999999999999,3,2,4,Multi-dates,False,False,False,Tournée ORBITE,75
B01560,42,1,68.0,3,1,3,Nouveaux acheteurs,True,True,False,Tournée ORBITE,BE
B01561,42,1,34.0,3,1,1,Nouveaux acheteurs,True,True,False,Tournée ORBITE,75
B01562,42,1,68.0,3,1,3,Nouveaux acheteurs,True,True,True,Tournée ORBITE,75
B01563,42,1,34.0,3,1,1,Nouveaux acheteurs,False,True,False,Tournée ORBITE,75
B01564,42,1,102.0,3,1,4,Gros paniers,False,False,False,Tournée ORBITE,75
B01565,41,1,102.0,3,1,4,Gros paniers,True,True,False,Tournée ORBITE,75
B01566,41,1,29.92,3,1,1,Nouveaux acheteurs,False,False,True,Tournée ORBITE,75
B01567,41,2,61.0,3,2,3,Multi-dates,False,True,True,Tournée ORBITE,75
B01568,41,1,68.0,3,1,3,Nouveaux acheteurs,True,True,False,Tournée ORBITE,75
B01569,40,1,34.0,3,1,1,Nouveaux acheteurs,False,False,False,Tournée ORBITE,75
B01570,40,1,34.0,3,1,1,Nouveaux acheteurs,False,True,False,Tournée ORBITE,75
B01571,40,1,68.0,3,1,3,Nouveaux acheteurs,False,True,False,Tournée ORBITE,75
B01572,40,1,102.0,3,1,4,Gros paniers,False,True,False,Tournée ORBITE,75
B01573,40,1,68.0,3,1,3,Nouveaux acheteurs,False,False,False,Tournée ORBITE,75
B01574,39,1,34.0,3,1,1,Nouveaux acheteurs,False,True,False,Tournée ORBITE,75
B01575,38,1,68.0,3,1,3,Nouveaux acheteurs,True,True,False,Tournée ORBITE,75
B01576,38,1,68.0,3,1,3,Nouveaux acheteurs,False,False,True,Tournée ORBITE,75
B01577,38,1,68.0,3,1,3,Nouveaux acheteurs,False,False,False,Tournée ORBITE,75
B01578,38,2,124.0,3,2,4,Multi-dates,False,True,False,Tournée ORBITE,75
B01579,38,1,68.0,3,1,3,Nouveaux acheteurs,False,True,False,Tournée ORBITE,75
B01580,16,3,150.0,4,3,4,Multi-dates,False,False,False,Tournée ORBITE,75
B01581,37,1,68.0,3,1,3,Nouveaux acheteurs,False,True,False,Tournée ORBITE,75
B01582,37,1,68.0,3,1,3,Nouveaux acheteurs,False,False,False,Tournée ORBITE,75
B01583,15,2,96.0,4,2,4,Multi-dates,False,False,False,Tournée ORBITE,75
B01584,3,2,146.0,4,2,4,Multi-dates,True,True,True,Tournée ORBITE,75
B01585,36,1,68.0,3,1,3,Nouveaux acheteurs,False,True,False,Tournée ORBITE,75
B01586,17,2,68.0,4,2,3,Nouveaux acheteurs,False,True,False,Tournée ORBITE,69
B01587,36,2,156.0,3,2,4,Multi-dates,True,True,False,Tournée ORBITE,75
B01588,36,1,49.3,3,1,2,Nouveaux acheteurs,False,False,False,Tournée ORBITE,69
B01589,36,1,98.6,3,1,4,Gros paniers,False,True,False,Tournée ORBITE,75
B01590,36,1,34.0,3,1,1,Nouveaux acheteurs,False,True,True,Tournée ORBITE,69
B01591,36,1,34.0,3,1,1,Nouveaux acheteurs,False,True,False,Tournée ORBITE,75
B01592,35,1,34.0,3,1,1,Nouveaux acheteurs,False,True,False,Tournée ORBITE,75
B01593,35,1,68.0,3,1,3,Nouveaux acheteurs,False,False,False,Tournée ORBITE,75
B01594,35,1,68.0,3,1,3,Nouveaux acheteurs,False,False,False,Tournée ORBITE,75
B01595,35,1,68.0,3,1,3,Nouveaux acheteurs,False,True,False,Tournée ORBITE,59
B01596,35,1,34.0,3,1,1,Nouveaux acheteurs,False,True,False,Tournée ORBITE,75
B01597,34,1,102.0,3,1,4,Gros paniers,False,True,True,Tournée ORBITE,75
B01598,34,1,102.0,3,1,4,Gros paniers,True,True,False,Tournée ORBITE,75
B01599,11,2,149.2,4,2,4,Multi-dates,False,False,False,Tournée ORBITE,75
B01600,34,1,68.0,3,1,3,Nouveaux acheteurs,True,True,False,Tournée ORBITE,75
B01601,34,1,68.0,3,1,3,Nouveaux acheteurs,False,False,False,Tournée ORBITE,75
B01602,33,1,34.0,3,1,1,Nouveaux acheteurs,False,False,False,Tournée ORBITE,75
B01603,33,1,68.0,3,1,3,Nouveaux acheteurs,False,False,True,Tournée ORBITE,75
B01604,33,1,68.0,3,1,3,Nouveaux acheteurs,False,True,False,Tournée ORBITE,75
B01605,33,1,68.0,3,1,3,Nouveaux acheteurs,False,True,True,Tournée ORBITE,33
B01606,33,1,68.0,3,1,3,Nouveaux acheteurs,True,True,False,Tournée ORBITE,75
B01607,32,1,68.0,3,1,3,Nouveaux acheteurs,False,False,False,Tournée ORBITE,13
B01608,32,1,68.0,3,1,3,Nouveaux acheteurs,False,False,False,Tournée ORBITE,75
B01609,32,1,68.0,3,1,3,Nouveaux acheteurs,False,True,False,Tournée ORBITE,35
B01610,32,1,68.0,3,1,3,Nouveaux acheteurs,False,True,False,Tournée ORBITE,75
B01611,32,1,102.0,3,1,4,Gros paniers,True,True,False,Tournée ORBITE,75
B01612,32,1,68.0,3,1,3,Nouveaux acheteurs,False,False,False,Tournée ORBITE,75
B01613,31,1,68.0,3,1,3,Nouveaux acheteurs,False,True,False,Tournée ORBITE,67
B01614,31,1,34.0,3,1,1,Nouveaux acheteurs,False,True,False,Tournée ORBITE,75
B01615,31,2,128.0,3,2,4,Multi-dates,True,True,True,Tournée ORBITE,69
B01616,30,1,68.0,3,1,3,Nouveaux acheteurs,False,True,True,Tournée ORBITE,75
B01617,30,2,96.0,3,2,4,Multi-dates,True,True,True,Tournée ORBITE,75
B01618,30,1,68.0,3,1,3,Nouveaux acheteurs,False,True,True,Tournée ORBITE,75
B01619,30,1,68.0,3,1,3,Nouveaux acheteurs,False,False,False,Tournée ORBITE,75
B01620,30,1,68.0,3,1,3,Nouveaux acheteurs,False,True,False,Tournée ORBITE,75
B01621,29,1,49.3,3,1,2,Nouveaux acheteurs,False,True,False,Tournée ORBITE,13
B01622,29,1,68.0,3,1,3,Nouveaux acheteurs,True,True,True,Tournée ORBITE,75
B01623,29,1,102.0,3,1,4,Gros paniers,False,True,True,Tournée ORBITE,75
B01624,29,1,68.0,3,1,3,Nouveaux acheteurs,True,True,True,Tournée ORBITE,75
B01625,29,1,34.0,3,1,1,Nouveaux acheteurs,False,True,True,Tournée ORBITE,75
B01626,28,1,68.0,3,1,3,Nouveaux acheteurs,False,True,False,Tournée ORBITE,34
B01627,28,1,68.0,3,1,3,Nouveaux acheteurs,False,True,False,Tournée ORBITE,75
B01628,28,1,102.0,3,1,4,Gros paniers,False,False,True,Tournée ORBITE,75
B01629,28,1,34.0,3,1,1,Nouveaux acheteurs,False,False,False,Tournée ORBITE,75
B01630,27,1,68.0,3,1,3,Nouveaux acheteurs,False,False,False,Tournée ORBITE,75
B01631,27,2,122.0,3,2,4,Multi-dates,False,True,True,Tournée ORBITE,69
B01632,27,1,68.0,3,1,3,Nouveaux acheteurs,False,True,True,Tournée ORBITE,75
B01633,27,1,102.0,3,1,4,Gros paniers,False,True,False,Tournée ORBITE,75
B01634,26,1,59.84,4,1,3,Nouveaux acheteurs,False,False,False,Tournée ORBITE,75
B01635,26,1,68.0,4,1,3,Nouveaux acheteurs,True,True,True,Tournée ORBITE,75
B01636,26,1,68.0,4,1,3,Nouveaux acheteurs,False,False,False,Tournée ORBITE,33
B01637,26,1,68.0,4,1,3,Nouveaux acheteurs,False,True,False,Tournée ORBITE,75
B01638,24,4,278.6,4,4,4,Multi-dates,True,True,False,Tournée ORBITE,75
B01639,25,1,68.0,4,1,3,Nouveaux acheteurs,False,True,False,Tournée ORBITE,35
B01640,25,1,34.0,4,1,1,Nouveaux acheteurs,True,True,False,Tournée ORBITE,75
B01641,24,3,182.0,4,3,4,Multi-dates,True,True,False,Tournée ORBITE,75
B01642,24,1,68.0,4,1,3,Nouveaux acheteurs,False,True,False,Tournée ORBITE,75
B01643,24,1,34.0,4,1,1,Nouveaux acheteurs,True,True,True,Tournée ORBITE,75
B01644,24,1,68.0,4,1,3,Nouveaux acheteurs,True,True,False,Tournée ORBITE,75
B01645,23,1,68.0,4,1,3,Nouveaux acheteurs,True,True,False,Tournée ORBITE,75
B01646,23,2,98.0,4,2,4,Multi-dates,False,False,False,Tournée ORBITE,35
B01647,23,1,68.0,4,1,3,Nouveaux acheteurs,False,True,False,Tournée ORBITE,75
B01648,23,1,34.0,4,1,1,Nouveaux acheteurs,True,True,False,Tournée ORBITE,75
B01649,23,1,68.0,4,1,3,Nouveaux acheteurs,False,True,False,Tournée ORBITE,75
B01650,5,2,136.0,4,2,4,Gros paniers,False,True,False,Tournée ORBITE,31
B01651,23,1,102.0,4,1,4,Gros paniers,False,True,False,Tournée ORBITE,75
B01652,22,1,68.0,4,1,3,Nouveaux acheteurs,False,True,False,Tournée ORBITE,75
B01653,22,1,68.0,4,1,3,Nouveaux acheteurs,False,False,False,Tournée ORBITE,75
B01654,22,1,147.9,4,1,4,Gros paniers,False,True,False,Tournée ORBITE,75
B01655,22,1,68.0,4,1,3,Nouveaux acheteurs,False,True,False,Tournée ORBITE,75
B01656,22,1,68.0,4,1,3,Nouveaux acheteurs,True,True,False,Tournée ORBITE,75
B01657,21,1,68.0,4,1,3,Nouveaux acheteurs,False,True,False,Tournée ORBITE,31
B01658,21,1,34.0,4,1,1,Nouveaux acheteurs,False,True,True,Tournée ORBITE,75
B01659,21,1,98.6,4,1,4,Gros paniers,False,False,False,Tournée ORBITE,75
B01660,21,1,68.0,4,1,3,Nouveaux acheteurs,False,False,False,Tournée ORBITE,75
B01661,21,1,68.0,4,1,3,Nouveaux acheteurs,False,True,False,Tournée ORBITE,75
B01662,21,1,68.0,4,1,3,Nouveaux acheteurs,True,True,False,Tournée ORBITE,67
B01663,21,1,68.0,4,1,3,Nouveaux acheteurs,False,True,False,Tournée ORBITE,75
B01664,21,1,34.0,4,1,1,Nouveaux acheteurs,False,False,False,Tournée ORBITE,75
B01665,20,1,34.0,4,1,1,Nouveaux acheteurs,False,True,False,Tournée ORBITE,59
B01666,20,1,68.0,4,1,3,Nouveaux acheteurs,False,False,False,Tournée ORBITE,75
B01667,20,1,68.0,4,1,3,Nouveaux acheteurs,False,False,False,Tournée ORBITE,75
B01668,20,1,68.0,4,1,3,Nouveaux acheteurs,True,True,False,Tournée ORBITE,75
B01669,20,1,34.0,4,1,1,Nouveaux acheteurs,False,True,False,Tournée ORBITE,75
B01670,20,1,102.0,4,1,4,Gros paniers,False,True,False,Tournée ORBITE,75
B01671,20,1,98.6,4,1,4,Gros paniers,True,True,True,Tournée ORBITE,75
B01672,19,1,68.0,4,1,3,Nouveaux acheteurs,False,True,False,Tournée ORBITE,75
B01673,19,1,34.0,4,1,1,Nouveaux acheteurs,False,True,False,Tournée ORBITE,75
B01674,19,1,34.0,4,1,1,Nouveaux acheteurs,False,True,False,Tournée ORBITE,75
B01675,19,1,68.0,4,1,3,Nouveaux acheteurs,False,True,False,Tournée ORBITE,75
B01676,19,2,128.0,4,2,4,Multi-dates,False,True,False,Tournée ORBITE,75
B01677,18,1,102.0,4,1,4,Gros paniers,False,False,False,Tournée ORBITE,75
B01678,18,1,68.0,4,1,3,Nouveaux acheteurs,True,True,True,Tournée ORBITE,75
B01679,18,1,34.0,4,1,1,Nouveaux acheteurs,False,True,True,Tournée ORBITE,75
B01680,18,1,34.0,4,1,1,Nouveaux acheteurs,False,True,False,Tournée ORBITE,33
B01681,18,1,68.0,4,1,3,Nouveaux acheteurs,False,False,False,Tournée ORBITE,75
B01682,18,1,34.0,4,1,1,Nouveaux acheteurs,True,True,True,Tournée ORBITE,75
B01683,17,1,34.0,4,1,1,Nouveaux acheteurs,True,True,False,Tournée ORBITE,44
B01684,17,1,34.0,4,1,1,Nouveaux acheteurs,False,True,False,Tournée ORBITE,75
B01685,17,1,102.0,4,1,4,Gros paniers,False,True,False,Tournée ORBITE,75
B01686,17,1,68.0,4,1,3,Nouveaux acheteurs,False,False,True,Tournée ORBITE,75
B01687,17,1,68.0,4,1,3,Nouveaux acheteurs,False,False,True,Tournée ORBITE,75
B01688,2,2,170.0,4,2,4,Gros paniers,False,True,False,Tournée ORBITE,75
B01689,16,1,68.0,4,1,3,Nouveaux acheteurs,False,True,True,Tournée ORBITE,75
B01690,16,2,98.0,4,2,4,Multi-dates,False,True,True,Tournée ORBITE,75
B01691,16,1,68.0,4,1,3,Nouveaux acheteurs,True,True,False,Tournée ORBITE,75
B01692,16,1,98.6,4,1,4,Gros paniers,False,True,False,Tournée ORBITE,75
B01693,15,1,34.0,4,1,1,Nouveaux acheteurs,False,True,False,Tournée ORBITE,67
B01694,15,1,68.0,4,1,3,Nouveaux acheteurs,True,True,False,Tournée ORBITE,75
B01695,15,1,34.0,4,1,1,Nouveaux acheteurs,False,True,False,Tournée ORBITE,75
B01696,15,4,272.0,4,4,4,Multi-dates,True,True,True,Tournée ORBITE,75
B01697,15,1,68.0,4,1,3,Nouveaux acheteurs,False,False,True,Tournée ORBITE,75
B01698,15,1,98.6,4,1,4,Gros paniers,False,False,False,Tournée ORBITE,75
B01699,14,1,68.0,4,1,3,Nouveaux acheteurs,False,True,False,Tournée ORBITE,75
B01700,14,1,68.0,4,1,3,Nouveaux acheteurs,False,True,True,Tournée ORBITE,34
B01701,14,2,117.28,4,2,4,Multi-dates,True,True,False,Tournée ORBITE,75
B01702,14,1,68.0,4,1,3,Nouveaux acheteurs,False,False,False,Tournée ORBITE,13
B01703,14,1,59.84,4,1,3,Nouveaux acheteurs,False,True,False,Tournée ORBITE,75
B01704,1,3,146.0,4,3,4,Multi-dates,True,True,False,Tournée ORBITE,75
B01705,14,1,68.0,4,1,3,Nouveaux acheteurs,False,False,False,Tournée ORBITE,75
B01706,14,1,68.0,4,1,3,Nouveaux acheteurs,False,False,False,Tournée ORBITE,75
B01707,14,1,34.0,4,1,1,Nouveaux acheteurs,False,False,False,Tournée ORBITE,75
B01708,13,1,34.0,4,1,1,Nouveaux acheteurs,True,True,False,Tournée ORBITE,75
B01709,1,2,136.0,4,2,4,Gros paniers,True,True,True,Tournée ORBITE,33
B01710,13,3,121.76,4,3,4,Multi-dates,True,True,False,Tournée ORBITE,75
B01711,13,1,68.0,4,1,3,Nouveaux acheteurs,True,True,False,Tournée ORBITE,75
B01712,13,1,68.0,4,1,3,Nouveaux acheteurs,False,True,False,Tournée ORBITE,75
B01713,12,1,34.0,4,1,1,Nouveaux acheteurs,False,True,False,Tournée ORBITE,75
B01714,12,1,68.0,4,1,3,Nouveaux acheteurs,False,True,False,Tournée ORBITE,75
B01715,12,1,68.0,4,1,3,Nouveaux acheteurs,False,True,False,Tournée ORBITE,75
B01716,12,1,68.0,4,1,3,Nouveaux acheteurs,False,True,False,Tournée ORBITE,75
B01717,12,1,34.0,4,1,1,Nouveaux acheteurs,True,True,False,Tournée ORBITE,75
B01718,12,1,68.0,4,1,3,Nouveaux acheteurs,False,True,False,Tournée ORBITE,75
B01719,12,2,95.0,4,2,4,Multi-dates,True,True,True,Tournée ORBITE,75
B01720,12,1,102.0,4,1,4,Gros paniers,False,True,False,Tournée ORBITE,75
B01721,12,3,171.28,4,3,4,Multi-dates,True,True,True,Tournée ORBITE,75
B01722,11,1,68.0,4,1,3,Nouveaux acheteurs,False,True,True,Tournée ORBITE,75
B01723,11,1,98.6,4,1,4,Gros paniers,False,True,False,Tournée ORBITE,75
B01724,11,1,34.0,4,1,1,Nouveaux acheteurs,False,True,False,Tournée ORBITE,75
B01725,11,1,34.0,4,1,1,Nouveaux acheteurs,False,False,False,Tournée ORBITE,75
B01726,11,1,68.0,4,1,3,Nouveaux acheteurs,False,False,False,Tournée ORBITE,35
B01727,10,2,124.0,4,2,4,Multi-dates,True,True,False,Tournée ORBITE,75
B01728,10,1,68.0,4,1,3,Nouveaux acheteurs,False,False,False,Tournée ORBITE,75
B01729,10,1,68.0,4,1,3,Nouveaux acheteurs,False,True,False,Tournée ORBITE,75
B01730,10,1,136.0,4,1,4,Gros paniers,True,True,False,Tournée ORBITE,75
B01731,10,2,62.0,4,2,3,Multi-dates,False,True,True,Tournée ORBITE,75
B01732,9,1,34.0,4,1,1,Nouveaux acheteurs,False,True,False,Tournée ORBITE,75
B01733,9,2,124.0,4,2,4,Multi-dates,False,False,False,Tournée ORBITE,75
B01734,9,1,68.0,4,1,3,Nouveaux acheteurs,False,True,False,Tournée ORBITE,75
B01735,8,1,68.0,4,1,3,Nouveaux acheteurs,False,True,False,Tournée ORBITE,75
B01736,8,1,34.0,4,1,1,Nouveaux acheteurs,False,True,True,Tournée ORBITE,59
B01737,8,1,34.0,4,1,1,Nouveaux acheteurs,False,True,True,Tournée ORBITE,75
B01738,8,1,34.0,4,1,1,Nouveaux acheteurs,False,True,False,Tournée ORBITE,75
B01739,8,1,34.0,4,1,1,Nouveaux acheteurs,False,False,True,Tournée ORBITE,35
B01740,8,1,68.0,4,1,3,Nouveaux acheteurs,False,False,True,Tournée ORBITE,BE
B01741,7,2,188.0,4,2,4,Multi-dates,False,False,False,Tournée ORBITE,75
B01742,7,1,68.0,4,1,3,Nouveaux acheteurs,True,True,False,Tournée ORBITE,75
B01743,7,1,136.0,4,1,4,Gros paniers,False,True,False,Tournée ORBITE,75
B01744,7,1,34.0,4,1,1,Nouveaux acheteurs,False,True,False,Tournée ORBITE,75
B01745,7,1,68.0,4,1,3,Nouveaux acheteurs,False,False,False,Tournée ORBITE,75
B01746,7,1,68.0,4,1,3,Nouveaux acheteurs,False,False,False,Tournée ORBITE,75
B01747,7,2,131.0,4,2,4,Multi-dates,False,False,False,Tournée ORBITE,75
B01748,7,1,34.0,4,1,1,Nouveaux acheteurs,False,True,False,Tournée ORBITE,75
B01749,7,1,34.0,4,1,1,Nouveaux acheteurs,False,True,False,Tournée ORBITE,75
B01750,7,1,68.0,4,1,3,Nouveaux acheteurs,False,True,False,Tournée ORBITE,75
B01751,7,1,68.0,4,1,3,Nouveaux acheteurs,False,True,True,Tournée ORBITE,35
B01752,7,1,68.0,4,1,3,Nouveaux acheteurs,True,True,False,Tournée ORBITE,35
B01753,6,1,34.0,4,1,1,Nouveaux acheteurs,False,False,False,Tournée ORBITE,75
B01754,6,1,68.0,4,1,3,Nouveaux acheteurs,False,True,False,Tournée ORBITE,75
B01755,6,2,188.0,4,2,4,Multi-dates,True,True,False,Tournée ORBITE,75
B01756,6,1,136.0,4,1,4,Gros paniers,False,False,False,Tournée ORBITE,75
B01757,6,1,34.0,4,1,1,Nouveaux acheteurs,False,True,False,Tournée ORBITE,75
B01758,5,1,34.0,4,1,1,Nouveaux acheteurs,True,True,False,Tournée ORBITE,75
B01759,5,1,68.0,4,1,3,Nouveaux acheteurs,False,True,False,Tournée ORBITE,75
B01760,5,1,68.0,4,1,3,Nouveaux acheteurs,False,True,False,Tournée ORBITE,35
B01761,5,1,98.6,4,1,4,Gros paniers,True,True,False,Tournée ORBITE,75
B01762,5,2,84.0,4,2,4,Multi-dates,False,False,False,Tournée ORBITE,75
B01763,4,2,96.0,4,2,4,Multi-dates,False,True,False,Tournée ORBITE,75
B01764,4,2,155.0,4,2,4,Multi-dates,False,False,False,Tournée ORBITE,75
B01765,4,1,34.0,4,1,1,Nouveaux acheteurs,False,True,False,Tournée ORBITE,75
B01766,3,1,49.3,4,1,2,Nouveaux acheteurs,False,True,True,Tournée ORBITE,34
B01767,3,3,180.0,4,3,4,Multi-dates,False,False,False,Tournée ORBITE,75
B01768,3,1,68.0,4,1,3,Nouveaux acheteurs,True,True,True,Tournée ORBITE,75
B01769,3,1,147.9,4,1,4,Gros paniers,False,True,False,Tournée ORBITE,31
B01770,3,1,68.0,4,1,3,Nouveaux acheteurs,True,True,False,Tournée ORBITE,75
B01771,3,1,68.0,4,1,3,Nouveaux acheteurs,False,False,False,Tournée ORBITE,75
B01772,3,1,34.0,4,1,1,Nouveaux acheteurs,False,True,True,Tournée ORBITE,34
B01773,2,1,68.0,4,1,3,Nouveaux acheteurs,False,False,False,Tournée ORBITE,75
B01774,2,1,98.6,4,1,4,Gros paniers,False,True,False,Tournée ORBITE,75
B01775,2,1,34.0,4,1,1,Nouveaux acheteurs,False,True,False,Tournée ORBITE,75
B01776,2,2,241.6,4,2,4,Multi-dates,True,True,False,Tournée ORBITE,75
B01777,2,1,68.0,4,1,3,Nouveaux acheteurs,False,True,False,Tournée ORBITE,75
B01778,2,1,68.0,4,1,3,Nouveaux acheteurs,False,True,False,Tournée ORBITE,33
B01779,2,1,68.0,4,1,3,Nouveaux acheteurs,False,False,True,Tournée ORBITE,75
B01780,1,2,156.0,4,2,4,Multi-dates,False,True,True,Tournée ORBITE,75
B01781,1,2,162.0,4,2,4,Multi-dates,False,False,False,Tournée ORBITE,75
B01782,1,1,34.0,4,1,1,Nouveaux acheteurs,False,True,False,Tournée ORBITE,75
B01783,0,1,68.0,4,1,3,Nouveaux acheteurs,False,False,False,Tournée ORBITE,75
B01784,0,1,68.0,4,1,3,Nouveaux acheteurs,False,True,False,Tournée ORBITE,75
B01785,0,1,68.0,4,1,3,Nouveaux acheteurs,False,False,False,Tournée ORBITE,75
B01786,0,1,68.0,4,1,3,Nouveaux acheteurs,False,False,False,Tournée ORBITE,75
B01787,0,2,162.0,4,2,4,Multi-dates,False,True,False,Tournée ORBITE,75
B01788,0,1,68.0,4,1,3,Nouveaux acheteurs,False,False,False,Tournée ORBITE,75
B01789,0,1,34.0,4,1,1,Nouveaux acheteurs,True,True,False,Tournée ORBITE,35
B01790,0,1,68.0,4,1,3,Nouveaux acheteurs,False,False,True,Tournée ORBITE,44
B01791,0,1,68.0,4,1,3,Nouveaux acheteurs,True,True,False,Tournée ORBITE,75
B01792,54,3,180.0,2,3,4,Gros paniers,False,True,False,Tournée ORBITE,69
B01793,56,1,60.0,1,1,3,Nouveaux acheteurs,False,True,True,Tournée ORBITE,69
B01794,56,1,60.0,1,1,3,Nouveaux acheteurs,False,True,False,Tournée ORBITE,69
B01795,56,1,52.8,1,1,2,Nouveaux acheteurs,False,False,False,Tournée ORBITE,59
B01796,56,1,60.0,1,1,3,Nouveaux acheteurs,False,False,False,Tournée ORBITE,69
B01797,56,1,52.8,1,1,2,Nouveaux acheteurs,False,True,False,Tournée ORBITE,13
B01798,56,1,60.0,1,1,3,Nouveaux acheteurs,False,False,False,Tournée ORBITE,69
B01799,56,1,30.0,1,1,1,Nouveaux acheteurs,False,False,True,Tournée ORBITE,69
B01800,56,1,30.0,1,1,1,Nouveaux acheteurs,True,True,True,Tournée ORBITE,69
B01801,56,1,60.0,1,1,3,Nouveaux acheteurs,False,False,True,Tournée ORBITE,69
B01802,56,1,87.0,1,1,4,Gros paniers,False,True,False,Tournée ORBITE,69
B01803,56,1,60.0,1,1,3,Nouveaux acheteurs,False,True,True,Tournée ORBITE,44
B01804,56,1,60.0,1,1,3,Nouveaux acheteurs,False,False,False,Tournée ORBITE,BE
B01805,56,1,60.0,1,1,3,Nouveaux acheteurs,False,True,False,Tournée ORBITE,69
B01806,56,1,87.0,1,1,4,Gros paniers,True,True,False,Tournée ORBITE,69
B01807,56,1,52.8,1,1,2,Nouveaux acheteurs,False,False,True,Tournée ORBITE,69
B01808,56,1,60.0,1,1,3,Nouveaux acheteurs,False,True,False,Tournée ORBITE,69
B01809,56,1,60.0,1,1,3,Nouveaux acheteurs,False,True,False,Tournée ORBITE,69
B01810,56,2,143.0,1,2,4,Multi-dates,True,True,False,Tournée ORBITE,69
B01811,56,1,120.0,1,1,4,Gros paniers,False,True,False,Tournée ORBITE,69
B01812,56,1,60.0,1,1,3,Nouveaux acheteurs,True,True,False,Tournée ORBITE,69
B01813,56,1,26.4,1,1,1,Nouveaux acheteurs,True,True,False,Tournée ORBITE,69
B01814,38,2,114.0,3,2,4,Multi-dates,False,False,False,Tournée ORBITE,BE
B01815,56,1,60.0,1,1,3,Nouveaux acheteurs,False,False,False,Tournée ORBITE,69
B01816,56,1,60.0,1,1,3,Nouveaux acheteurs,False,True,False,Tournée ORBITE,BE
B01817,56,1,60.0,1,1,3,Nouveaux acheteurs,False,False,False,Tournée ORBITE,69
B01818,56,1,60.0,1,1,3,Nouveaux acheteurs,False,True,False,Tournée ORBITE,69
B01819,56,1,60.0,1,1,3,Nouveaux acheteurs,False,True,False,Tournée ORBITE,69
B01820,56,1,90.0,1,1,4,Gros paniers,True,True,False,Tournée ORBITE,69
B01821,56,1,52.8,1,1,2,Nouveaux acheteurs,False,False,False,Tournée ORBITE,69
B01822,56,1,90.0,1,1,4,Gros paniers,False,True,False,Tournée ORBITE,69
B01823,56,1,30.0,1,1,1,Nouveaux acheteurs,False,True,False,Tournée ORBITE,34
B01824,56,1,52.8,1,1,2,Nouveaux acheteurs,False,False,False,Tournée ORBITE,69
B01825,56,1,26.4,1,1,1,Nouveaux acheteurs,False,False,False,Tournée ORBITE,69
B01826,56,1,60.0,1,1,3,Nouveaux acheteurs,True,True,False,Tournée ORBITE,69
B01827,56,1,60.0,1,1,3,Nouveaux acheteurs,True,True,False,Tournée ORBITE,67
B01828,55,2,165.6,2,2,4,Gros paniers,False,False,False,Tournée ORBITE,69
B01829,56,1,87.0,1,1,4,Gros paniers,True,True,False,Tournée ORBITE,69
B01830,45,2,131.1,2,2,4,Multi-dates,False,True,False,Tournée ORBITE,69
B01831,56,1,174.0,1,1,4,Gros paniers,False,True,False,Tournée ORBITE,69
B01832,56,1,30.0,1,1,1,Nouveaux acheteurs,False,False,False,Tournée ORBITE,69
B01833,56,1,30.0,1,1,1,Nouveaux acheteurs,False,False,False,Tournée ORBITE,33
B01834,56,1,60.0,1,1,3,Nouveaux acheteurs,True,True,True,Tournée ORBITE,69
B01835,56,1,90.0,1,1,4,Gros paniers,False,True,False,Tournée ORBITE,69
B01836,56,1,60.0,1,1,3,Nouveaux acheteurs,False,True,False,Tournée ORBITE,69
B01837,56,1,60.0,1,1,3,Nouveaux acheteurs,False,False,False,Tournée ORBITE,13
B01838,56,1,60.0,1,1,3,Nouveaux acheteurs,False,False,True,Tournée ORBITE,69
B01839,56,1,60.0,1,1,3,Nouveaux acheteurs,True,True,False,Tournée ORBITE,69
B01840,56,1,60.0,1,1,3,Nouveaux acheteurs,False,False,True,Tournée ORBITE,69
B01841,56,1,60.0,1,1,3,Nouveaux acheteurs,False,True,False,Tournée ORBITE,69
B01842,56,1,60.0,1,1,3,Nouveaux acheteurs,False,True,False,Tournée ORBITE,69
B01843,45,2,120.0,2,2,4,Gros paniers,False,True,False,Tournée ORBITE,69
B01844,56,1,30.0,1,1,1,Nouveaux acheteurs,False,False,False,Tournée ORBITE,69
B01845,56,1,60.0,1,1,3,Nouveaux acheteurs,False,True,False,Tournée ORBITE,69
B01846,56,1,26.4,1,1,1,Nouveaux acheteurs,False,True,False,Tournée ORBITE,33
B01847,46,2,57.0,2,2,3,Multi-dates,False,True,False,Tournée ORBITE,69
B01848,56,1,120.0,1,1,4,Gros paniers,False,True,False,Tournée ORBITE,69
B01849,56,1,60.0,1,1,3,Nouveaux acheteurs,False,True,True,Tournée ORBITE,69
B01850,56,1,43.5,1,1,1,Nouveaux acheteurs,False,False,False,Tournée ORBITE,69
B01851,49,2,143.0,2,2,4,Multi-dates,False,True,False,Tournée ORBITE,69
B01852,56,1,60.0,1,1,3,Nouveaux acheteurs,False,True,True,Tournée ORBITE,69
B01853,55,2,58.0,2,2,3,Multi-dates,False,False,False,Tournée ORBITE,69
B01854,56,1,60.0,1,1,3,Nouveaux acheteurs,False,True,True,Tournée ORBITE,69
B01855,56,1,60.0,1,1,3,Nouveaux acheteurs,False,True,False,Tournée ORBITE,69
B01856,56,1,26.4,1,1,1,Nouveaux acheteurs,False,False,True,Tournée ORBITE,69
B01857,55,1,60.0,2,1,3,Nouveaux acheteurs,False,True,False,Tournée ORBITE,69
B01858,55,1,30.0,2,1,1,Nouveaux acheteurs,False,True,True,Tournée ORBITE,69
B01859,55,1,60.0,2,1,3,Nouveaux acheteurs,False,True,False,Tournée ORBITE,69
B01860,55,2,160.5,2,2,4,Gros paniers,False,True,False,Tournée ORBITE,69
B01861,55,1,60.0,2,1,3,Nouveaux acheteurs,False,True,False,Tournée ORBITE,69
B01862,55,1,30.0,2,1,1,Nouveaux acheteurs,False,True,False,Tournée ORBITE,35
B01863,55,1,26.4,2,1,1,Nouveaux acheteurs,False,True,True,Tournée ORBITE,67
B01864,55,1,79.2,2,1,4,Gros paniers,False,True,True,Tournée ORBITE,69
B01865,55,1,30.0,2,1,1,Nouveaux acheteurs,False,True,False,Tournée ORBITE,34
B01866,55,1,90.0,2,1,4,Gros paniers,True,True,True,Tournée ORBITE,69
B01867,55,1,60.0,2,1,3,Nouveaux acheteurs,False,True,True,Tournée ORBITE,69
B01868,55,2,174.0,2,2,4,Multi-dates,False,False,True,Tournée ORBITE,13
B01869,55,1,60.0,2,1,3,Nouveaux acheteurs,False,False,False,Tournée ORBITE,69
B01870,55,1,60.0,2,1,3,Nouveaux acheteurs,True,True,True,Tournée ORBITE,69
B01871,55,1,60.0,2,1,3,Nouveaux acheteurs,True,True,False,Tournée ORBITE,69
B01872,55,1,60.0,2,1,3,Nouveaux acheteurs,False,True,False,Tournée ORBITE,69
B01873,55,1,60.0,2,1,3,Nouveaux acheteurs,False,True,True,Tournée ORBITE,69
B01874,55,1,52.8,2,1,2,Nouveaux acheteurs,True,True,False,Tournée ORBITE,69
B01875,55,1,87.0,2,1,4,Gros paniers,False,False,False,Tournée ORBITE,69
B01876,55,1,60.0,2,1,3,Nouveaux acheteurs,True,True,True,Tournée ORBITE,69
B01877,55,1,30.0,2,1,1,Nouveaux acheteurs,False,True,False,Tournée ORBITE,69
B01878,55,1,52.8,2,1,2,Nouveaux acheteurs,False,True,False,Tournée ORBITE,69
B01879,55,1,60.0,2,1,3,Nouveaux acheteurs,True,True,False,Tournée ORBITE,69
B01880,55,1,60.0,2,1,3,Nouveaux acheteurs,False,True,False,Tournée ORBITE,35
B01881,55,1,52.8,2,1,2,Nouveaux acheteurs,False,True,False,Tournée ORBITE,59
B01882,55,1,30.0,2,1,1,Nouveaux acheteurs,False,False,False,Tournée ORBITE,75
B01883,55,1,60.0,2,1,3,Nouveaux acheteurs,False,True,False,Tournée ORBITE,69
B01884,55,1,174.0,2,1,4,Gros paniers,False,False,False,Tournée ORBITE,69
B01885,13,2,142.8,4,2,4,Gros paniers,False,False,False,Tournée ORBITE,BE
B01886,55,1,60.0,2,1,3,Nouveaux acheteurs,True,True,False,Tournée ORBITE,69
B01887,55,1,30.0,2,1,1,Nouveaux acheteurs,False,True,False,Tournée ORBITE,69
B01888,55,1,60.0,2,1,3,Nouveaux acheteurs,False,False,False,Tournée ORBITE,69
B01889,29,2,104.8,3,2,4,Multi-dates,True,True,False,Tournée ORBITE,69
B01890,55,1,60.0,2,1,3,Nouveaux acheteurs,False,True,False,Tournée ORBITE,69
B01891,55,1,26.4,2,1,1,Nouveaux acheteurs,False,False,False,Tournée ORBITE,75
B01892,55,1,90.0,2,1,4,Gros paniers,False,True,True,Tournée ORBITE,44
B01893,46,2,108.8,2,2,4,Multi-dates,False,True,False,Tournée ORBITE,69
B01894,55,1,60.0,2,1,3,Nouveaux acheteurs,False,False,False,Tournée ORBITE,69
B01895,55,1,130.5,2,1,4,Gros paniers,True,True,False,Tournée ORBITE,69
B01896,55,1,30.0,2,1,1,Nouveaux acheteurs,True,True,False,Tournée ORBITE,44
B01897,50,2,120.0,2,2,4,Gros paniers,False,False,False,Tournée ORBITE,69
B01898,55,1,52.8,2,1,2,Nouveaux acheteurs,False,False,False,Tournée ORBITE,BE
B01899,55,1,60.0,2,1,3,Nouveaux acheteurs,False,False,False,Tournée ORBITE,69
B01900,55,1,87.0,2,1,4,Gros paniers,False,True,True,Tournée ORBITE,69
B01901,55,1,30.0,2,1,1,Nouveaux acheteurs,False,False,False,Tournée ORBITE,69
B01902,55,1,60.0,2,1,3,Nouveaux acheteurs,False,True,False,Tournée ORBITE,44
B01903,55,1,90.0,2,1,4,Gros paniers,False,True,False,Tournée ORBITE,69
B01904,55,1,60.0,2,1,3,Nouveaux acheteurs,False,True,True,Tournée ORBITE,69
B01905,55,1,30.0,2,1,1,Nouveaux acheteurs,False,True,False,Tournée ORBITE,69
B01906,55,1,60.0,2,1,3,Nouveaux acheteurs,True,True,False,Tournée ORBITE,69
B01907,55,1,60.0,2,1,3,Nouveaux acheteurs,False,False,True,Tournée ORBITE,69
B01908,55,1,90.0,2,1,4,Gros paniers,False,False,True,Tournée ORBITE,69
B01909,55,1,52.8,2,1,2,Nouveaux acheteurs,False,True,False,Tournée ORBITE,69
B01910,55,1,60.0,2,1,3,Nouveaux acheteurs,False,False,False,Tournée ORBITE,69
B01911,55,1,87.0,2,1,4,Gros paniers,False,True,False,Tournée ORBITE,69
B01912,55,1,26.4,2,1,1,Nouveaux acheteurs,False,True,True,Tournée ORBITE,69
B01913,55,1,30.0,2,1,1,Nouveaux acheteurs,False,True,False,Tournée ORBITE,33
B01914,55,1,60.0,2,1,3,Nouveaux acheteurs,True,True,False,Tournée ORBITE,69
B01915,54,1,60.0,2,1,3,Nouveaux acheteurs,False,False,False,Tournée ORBITE,69
B01916,54,1,120.0,2,1,4,Gros paniers,False,True,False,Tournée ORBITE,BE
B01917,54,1,52.8,2,1,2,Nouveaux acheteurs,False,False,False,Tournée ORBITE,31
B01918,54,1,30.0,2,1,1,Nouveaux acheteurs,False,True,True,Tournée ORBITE,69
B01919,54,1,30.0,2,1,1,Nouveaux acheteurs,False,True,False,Tournée ORBITE,69
B01920,54,1,60.0,2,1,3,Nouveaux acheteurs,False,True,True,Tournée ORBITE,69
B01921,54,1,60.0,2,1,3,Nouveaux acheteurs,False,False,False,Tournée ORBITE,69
B01922,54,1,30.0,2,1,1,Nouveaux acheteurs,False,True,False,Tournée ORBITE,69
B01923,37,3,278.4,3,3,4,Multi-dates,True,True,False,Tournée ORBITE,69
B01924,54,1,60.0,2,1,3,Nouveaux acheteurs,False,False,False,Tournée ORBITE,69
B01925,54,1,60.0,2,1,3,Nouveaux acheteurs,False,False,True,Tournée ORBITE,69
B01926,54,1,60.0,2,1,3,Nouveaux acheteurs,False,False,False,Tournée ORBITE,34
B01927,31,2,89.0,3,2,4,Multi-dates,False,True,False,Tournée ORBITE,69
B01928,54,1,30.0,2,1,1,Nouveaux acheteurs,False,True,True,Tournée ORBITE,69
B01929,54,1,60.0,2,1,3,Nouveaux acheteurs,False,False,False,Tournée ORBITE,69
B01930,49,2,114.0,2,2,4,Multi-dates,False,True,False,Tournée ORBITE,69
B01931,13,2,114.0,4,2,4,Multi-dates,False,False,False,Tournée ORBITE,33
B01932,54,1,52.8,2,1,2,Nouveaux acheteurs,False,True,False,Tournée ORBITE,69
B01933,54,1,30.0,2,1,1,Nouveaux acheteurs,False,False,False,Tournée ORBITE,69
B01934,37,2,120.0,3,2,4,Gros paniers,False,False,False,Tournée ORBITE,69
B01935,54,2,141.0,2,2,4,Multi-dates,False,False,True,Tournée ORBITE,69
B01936,54,1,90.0,2,1,4,Gros paniers,True,True,True,Tournée ORBITE,31
B01937,37,2,87.0,3,2,4,Multi-dates,False,False,False,Tournée ORBITE,69
B01938,54,1,60.0,2,1,3,Nouveaux acheteurs,False,True,False,Tournée ORBITE,69
B01939,54,1,60.0,2,1,3,Nouveaux acheteurs,False,False,False,Tournée ORBITE,69
B01940,54,1,60.0,2,1,3,Nouveaux acheteurs,False,True,False,Tournée ORBITE,31
B01941,54,1,52.8,2,1,2,Nouveaux acheteurs,False,True,False,Tournée ORBITE,69
B01942,54,1,30.0,2,1,1,Nouveaux acheteurs,False,True,True,Tournée ORBITE,69
B01943,54,1,60.0,2,1,3,Nouveaux acheteurs,False,True,False,Tournée ORBITE,69
B01944,54,1,60.0,2,1,3,Nouveaux acheteurs,False,False,False,Tournée ORBITE,69
B01945,54,1,90.0,2,1,4,Gros paniers,True,True,True,Tournée ORBITE,69
B01946,54,1,60.0,2,1,3,Nouveaux acheteurs,False,False,False,Tournée ORBITE,69
B01947,54,1,60.0,2,1,3,Nouveaux acheteurs,False,True,False,Tournée ORBITE,69
B01948,54,1,52.8,2,1,2,Nouveaux acheteurs,False,False,True,Tournée ORBITE,69
B01949,54,1,60.0,2,1,3,Nouveaux acheteurs,False,True,False,Tournée ORBITE,75
B01950,54,1,52.8,2,1,2,Nouveaux acheteurs,False,True,False,Tournée ORBITE,69
B01951,45,2,141.2,2,2,4,Multi-dates,True,True,False,Tournée ORBITE,69
B01952,54,1,90.0,2,1,4,Gros paniers,False,True,True,Tournée ORBITE,69
B01953,50,2,120.0,2,2,4,Gros paniers,False,False,False,Tournée ORBITE,35
B01954,54,1,90.0,2,1,4,Gros paniers,False,True,False,Tournée ORBITE,69
B01955,54,1,60.0,2,1,3,Nouveaux acheteurs,False,False,False,Tournée ORBITE,69
B01956,54,1,60.0,2,1,3,Nouveaux acheteurs,False,False,False,Tournée ORBITE,69
B01957,54,1,60.0,2,1,3,Nouveaux acheteurs,False,False,False,Tournée ORBITE,69
B01958,54,1,60.0,2,1,3,Nouveaux acheteurs,False,True,False,Tournée ORBITE,69
B01959,54,1,30.0,2,1,1,Nouveaux acheteurs,False,False,True,Tournée ORBITE,69
B01960,54,1,60.0,2,1,3,Nouveaux acheteurs,False,False,False,Tournée ORBITE,69
B01961,54,1,30.0,2,1,1,Nouveaux acheteurs,False,True,False,Tournée ORBITE,69
B01962,54,1,52.8,2,1,2,Nouveaux acheteurs,False,True,False,Tournée ORBITE,69
B01963,54,1,60.0,2,1,3,Nouveaux acheteurs,False,False,False,Tournée ORBITE,69
B01964,54,1,30.0,2,1,1,Nouveaux acheteurs,True,True,False,Tournée ORBITE,69
B01965,54,1,60.0,2,1,3,Nouveaux acheteurs,False,False,False,Tournée ORBITE,69
B01966,48,2,115.0,2,2,4,Multi-dates,True,True,False,Tournée ORBITE,67
B01967,54,1,52.8,2,1,2,Nouveaux acheteurs,False,False,True,Tournée ORBITE,BE
B01968,54,1,60.0,2,1,3,Nouveaux acheteurs,True,True,False,Tournée ORBITE,69
B01969,53,1,60.0,2,1,3,Nouveaux acheteurs,False,False,False,Tournée ORBITE,69
B01970,53,1,60.0,2,1,3,Nouveaux acheteurs,False,True,False,Tournée ORBITE,69
B01971,53,1,60.0,2,1,3,Nouveaux acheteurs,False,True,True,Tournée ORBITE,69
B01972,53,1,52.8,2,1,2,Nouveaux acheteurs,False,False,True,Tournée ORBITE,69
B01973,53,1,52.8,2,1,2,Nouveaux acheteurs,False,False,False,Tournée ORBITE,69
B01974,53,1,60.0,2,1,3,Nouveaux acheteurs,False,True,False,Tournée ORBITE,31
B01975,53,1,60.0,2,1,3,Nouveaux acheteurs,False,True,False,Tournée ORBITE,69
B01976,53,1,60.0,2,1,3,Nouveaux acheteurs,False,True,False,Tournée ORBITE,75
B01977,22,2,150.0,4,2,4,Gros paniers,False,True,False,Tournée ORBITE,69
B01978,53,1,60.0,2,1,3,Nouveaux acheteurs,False,True,False,Tournée ORBITE,69
B01979,53,1,30.0,2,1,1,Nouveaux acheteurs,False,True,False,Tournée ORBITE,69
B01980,53,1,26.4,2,1,1,Nouveaux acheteurs,False,False,False,Tournée ORBITE,13
B01981,53,1,30.0,2,1,1,Nouveaux acheteurs,False,False,False,Tournée ORBITE,69
B01982,53,1,87.0,2,1,4,Gros paniers,False,True,True,Tournée ORBITE,69
B01983,53,1,60.0,2,1,3,Nouveaux acheteurs,False,False,False,Tournée ORBITE,69
B01984,53,1,120.0,2,1,4,Gros paniers,False,True,False,Tournée ORBITE,34
B01985,53,1,30.0,2,1,1,Nouveaux acheteurs,False,False,True,Tournée ORBITE,69
B01986,53,1,52.8,2,1,2,Nouveaux acheteurs,False,False,False,Tournée ORBITE,69
B01987,53,1,30.0,2,1,1,Nouveaux acheteurs,True,True,True,Tournée ORBITE,69
B01988,53,1,30.0,2,1,1,Nouveaux acheteurs,False,True,False,Tournée ORBITE,69
B01989,53,1,52.8,2,1,2,Nouveaux acheteurs,False,False,False,Tournée ORBITE,69
B01990,53,1,60.0,2,1,3,Nouveaux acheteurs,False,False,False,Tournée ORBITE,69
B01991,53,1,26.4,2,1,1,Nouveaux acheteurs,False,False,False,Tournée ORBITE,69
B01992,53,2,130.24,2,2,4,Multi-dates,False,True,False,Tournée ORBITE,69
B01993,53,1,60.0,2,1,3,Nouveaux acheteurs,True,True,False,Tournée ORBITE,33
B01994,53,1,60.0,2,1,3,Nouveaux acheteurs,False,True,True,Tournée ORBITE,69
B01995,53,1,60.0,2,1,3,Nouveaux acheteurs,True,True,False,Tournée ORBITE,69
B01996,44,2,168.0,2,2,4,Multi-dates,True,True,False,Tournée ORBITE,69
B01997,53,1,60.0,2,1,3,Nouveaux acheteurs,False,True,False,Tournée ORBITE,69
B01998,53,1,90.0,2,1,4,Gros paniers,False,True,False,Tournée ORBITE,31
B01999,53,1,60.0,2,1,3,Nouveaux acheteurs,False,True,False,Tournée ORBITE,69
B02000,53,1,30.0,2,1,1,Nouveaux acheteurs,False,True,False,Tournée ORBITE,34
B02001,53,1,52.8,2,1,2,Nouveaux acheteurs,True,True,True,Tournée ORBITE,69
B02002,41,2,106.8,3,2,4,Multi-dates,True,True,False,Tournée ORBITE,69
B02003,53,1,60.0,2,1,3,Nouveaux acheteurs,False,False,False,Tournée ORBITE,69
B02004,41,2,88.0,3,2,4,Multi-dates,False,True,False,Tournée ORBITE,69
B02005,53,1,60.0,2,1,3,Nouveaux acheteurs,False,True,False,Tournée ORBITE,69
B02006,53,1,30.0,2,1,1,Nouveaux acheteurs,False,False,True,Tournée ORBITE,69
B02007,53,1,30.0,2,1,1,Nouveaux acheteurs,True,True,False,Tournée ORBITE,69
B02008,53,1,52.8,2,1,2,Nouveaux acheteurs,False,True,True,Tournée ORBITE,69
B02009,53,1,52.8,2,1,2,Nouveaux acheteurs,False,False,False,Tournée ORBITE,69
B02010,15,2,243.6,4,2,4,Multi-dates,False,True,True,Tournée ORBITE,44
B02011,53,1,30.0,2,1,1,Nouveaux acheteurs,False,False,True,Tournée ORBITE,69
B02012,53,1,105.6,2,1,4,Gros paniers,False,False,False,Tournée ORBITE,69
B02013,53,1,52.8,2,1,2,Nouveaux acheteurs,False,False,False,Tournée ORBITE,69
B02014,53,1,60.0,2,1,3,Nouveaux acheteurs,False,True,False,Tournée ORBITE,69
B02015,53,1,26.4,2,1,1,Nouveaux acheteurs,False,True,False,Tournée ORBITE,69
B02016,53,1,30.0,2,1,1,Nouveaux acheteurs,True,True,False,Tournée ORBITE,69
B02017,53,1,60.0,2,1,3,Nouveaux acheteurs,False,False,False,Tournée ORBITE,69
B02018,53,1,120.0,2,1,4,Gros paniers,False,True,True,Tournée ORBITE,13
B02019,52,1,60.0,2,1,3,Nouveaux acheteurs,False,True,False,Tournée ORBITE,69
B02020,52,1,60.0,2,1,3,Nouveaux acheteurs,False,True,False,Tournée ORBITE,69
B02021,52,1,30.0,2,1,1,Nouveaux acheteurs,False,True,False,Tournée ORBITE,31
B02022,52,1,30.0,2,1,1,Nouveaux acheteurs,True,True,False,Tournée ORBITE,69
B02023,52,1,60.0,2,1,3,Nouveaux acheteurs,True,True,True,Tournée ORBITE,69
B02024,52,1,30.0,2,1,1,Nouveaux acheteurs,False,False,False,Tournée ORBITE,33
B02025,52,1,30.0,2,1,1,Nouveaux acheteurs,False,False,False,Tournée ORBITE,69
B02026,52,1,30.0,2,1,1,Nouveaux acheteurs,False,True,False,Tournée ORBITE,69
B02027,52,1,60.0,2,1,3,Nouveaux acheteurs,False,True,True,Tournée ORBITE,69
B02028,52,1,60.0,2,1,3,Nouveaux acheteurs,True,True,True,Tournée ORBITE,69
B02029,52,1,26.4,2,1,1,Nouveaux acheteurs,False,True,False,Tournée ORBITE,69
B02030,52,1,60.0,2,1,3,Nouveaux acheteurs,False,False,False,Tournée ORBITE,69
B02031,52,1,60.0,2,1,3,Nouveaux acheteurs,False,False,False,Tournée ORBITE,69
B02032,45,2,110.4,2,2,4,Multi-dates,True,True,False,Tournée ORBITE,69
B02033,52,1,52.8,2,1,2,Nouveaux acheteurs,True,True,False,Tournée ORBITE,69
B02034,52,1,60.0,2,1,3,Nouveaux acheteurs,False,False,False,Tournée ORBITE,31
B02035,52,1,60.0,2,1,3,Nouveaux acheteurs,False,False,False,Tournée ORBITE,69
B02036,52,1,60.0,2,1,3,Nouveaux acheteurs,False,True,True,Tournée ORBITE,69
B02037,52,1,30.0,2,1,1,Nouveaux acheteurs,False,True,False,Tournée ORBITE,34
B02038,52,1,60.0,2,1,3,Nouveaux acheteurs,False,True,True,Tournée ORBITE,33
B02039,52,1,60.0,2,1,3,Nouveaux acheteurs,False,True,False,Tournée ORBITE,69
B02040,52,1,60.0,2,1,3,Nouveaux acheteurs,False,True,False,Tournée ORBITE,69
B02041,52,1,60.0,2,1,3,Nouveaux acheteurs,True,True,False,Tournée ORBITE,69
B02042,52,1,30.0,2,1,1,Nouveaux acheteurs,False,False,False,Tournée ORBITE,69
B02043,52,1,60.0,2,1,3,Nouveaux acheteurs,True,True,True,Tournée ORBITE,69
B02044,52,1,60.0,2,1,3,Nouveaux acheteurs,False,False,False,Tournée ORBITE,69
B02045,52,1,26.4,2,1,1,Nouveaux acheteurs,False,False,False,Tournée ORBITE,69
B02046,51,1,87.0,2,1,4,Gros paniers,False,False,False,Tournée ORBITE,69
B02047,51,1,30.0,2,1,1,Nouveaux acheteurs,False,False,False,Tournée ORBITE,69
B02048,51,1,26.4,2,1,1,Nouveaux acheteurs,True,True,False,Tournée ORBITE,69
B02049,51,1,52.8,2,1,2,Nouveaux acheteurs,False,False,False,Tournée ORBITE,69
B02050,51,1,90.0,2,1,4,Gros paniers,False,False,False,Tournée ORBITE,75
B02051,20,2,54.4,4,2,2,Multi-dates,False,False,True,Tournée ORBITE,69
B02052,51,1,60.0,2,1,3,Nouveaux acheteurs,False,False,True,Tournée ORBITE,69
B02053,51,1,52.8,2,1,2,Nouveaux acheteurs,False,False,False,Tournée ORBITE,59
B02054,51,1,60.0,2,1,3,Nouveaux acheteurs,True,True,False,Tournée ORBITE,69
B02055,51,1,30.0,2,1,1,Nouveaux acheteurs,True,True,False,Tournée ORBITE,31
B02056,51,1,26.4,2,1,1,Nouveaux acheteurs,False,True,False,Tournée ORBITE,69
B02057,51,1,30.0,2,1,1,Nouveaux acheteurs,False,True,False,Tournée ORBITE,69
B02058,51,1,60.0,2,1,3,Nouveaux acheteurs,True,True,False,Tournée ORBITE,69
B02059,51,1,26.4,2,1,1,Nouveaux acheteurs,False,False,False,Tournée ORBITE,69
B02060,51,1,120.0,2,1,4,Gros paniers,False,True,False,Tournée ORBITE,69
B02061,51,1,60.0,2,1,3,Nouveaux acheteurs,False,True,False,Tournée ORBITE,44
B02062,51,1,30.0,2,1,1,Nouveaux acheteurs,False,False,False,Tournée ORBITE,69
B02063,51,1,30.0,2,1,1,Nouveaux acheteurs,False,True,False,Tournée ORBITE,69
B02064,51,1,87.0,2,1,4,Gros paniers,False,True,True,Tournée ORBITE,69
B02065,51,1,52.8,2,1,2,Nouveaux acheteurs,False,False,False,Tournée ORBITE,69
B02066,51,1,60.0,2,1,3,Nouveaux acheteurs,False,False,True,Tournée ORBITE,69
B02067,51,2,114.0,2,2,4,Multi-dates,False,True,False,Tournée ORBITE,69
B02068,51,2,114.0,2,2,4,Multi-dates,False,True,False,Tournée ORBITE,13
B02069,50,1,60.0,2,1,3,Nouveaux acheteurs,True,True,False,Tournée ORBITE,69
B02070,50,1,60.0,2,1,3,Nouveaux acheteurs,False,True,False,Tournée ORBITE,69
B02071,50,2,138.3,2,2,4,Multi-dates,False,False,False,Tournée ORBITE,69
B02072,50,1,60.0,2,1,3,Nouveaux acheteurs,False,True,False,Tournée ORBITE,35
B02073,50,1,60.0,2,1,3,Nouveaux acheteurs,False,True,False,Tournée ORBITE,69
B02074,50,1,60.0,2,1,3,Nouveaux acheteurs,False,False,False,Tournée ORBITE,33
B02075,50,1,30.0,2,1,1,Nouveaux acheteurs,False,False,False,Tournée ORBITE,69
B02076,50,1,60.0,2,1,3,Nouveaux acheteurs,False,True,False,Tournée ORBITE,69
B02077,50,1,30.0,2,1,1,Nouveaux acheteurs,True,True,False,Tournée ORBITE,69
B02078,50,1,60.0,2,1,3,Nouveaux acheteurs,False,True,True,Tournée ORBITE,69
B02079,50,1,60.0,2,1,3,Nouveaux acheteurs,False,True,False,Tournée ORBITE,69
B02080,50,1,120.0,2,1,4,Gros paniers,False,True,False,Tournée ORBITE,69
B02081,50,1,60.0,2,1,3,Nouveaux acheteurs,False,False,False,Tournée ORBITE,35
B02082,50,1,60.0,2,1,3,Nouveaux acheteurs,False,True,False,Tournée ORBITE,69
B02083,50,1,60.0,2,1,3,Nouveaux acheteurs,False,False,False,Tournée ORBITE,69
B02084,50,1,60.0,2,1,3,Nouveaux acheteurs,False,False,False,Tournée ORBITE,69
B02085,50,2,88.0,2,2,4,Multi-dates,True,True,False,Tournée ORBITE,BE
B02086,50,1,60.0,2,1,3,Nouveaux acheteurs,True,True,True,Tournée ORBITE,69
B02087,50,1,60.0,2,1,3,Nouveaux acheteurs,True,True,False,Tournée ORBITE,34
B02088,50,1,60.0,2,1,3,Nouveaux acheteurs,True,True,False,Tournée ORBITE,69
B02089,50,1,60.0,2,1,3,Nouveaux acheteurs,False,False,False,Tournée ORBITE,69
B02090,49,2,53.760000000000005,2,2,2,Multi-dates,True,True,False,Tournée ORBITE,69
B02091,50,1,60.0,2,1,3,Nouveaux acheteurs,False,False,False,Tournée ORBITE,69
B02092,50,1,60.0,2,1,3,Nouveaux acheteurs,False,False,False,Tournée ORBITE,69
B02093,49,1,120.0,2,1,4,Gros paniers,False,False,False,Tournée ORBITE,69
B02094,49,1,60.0,2,1,3,Nouveaux acheteurs,False,True,False,Tournée ORBITE,69
B02095,49,1,60.0,2,1,3,Nouveaux acheteurs,False,False,False,Tournée ORBITE,69
B02096,49,1,60.0,2,1,3,Nouveaux acheteurs,False,False,False,Tournée ORBITE,69
B02097,49,1,90.0,2,1,4,Gros paniers,False,False,True,Tournée ORBITE,69
B02098,49,1,87.0,2,1,4,Gros paniers,False,False,False,Tournée ORBITE,33
B02099,49,1,60.0,2,1,3,Nouveaux acheteurs,False,True,False,Tournée ORBITE,33
B02100,49,1,60.0,2,1,3,Nouveaux acheteurs,False,False,False,Tournée ORBITE,69
B02101,49,1,60.0,2,1,3,Nouveaux acheteurs,False,False,True,Tournée ORBITE,69
B02102,49,1,60.0,2,1,3,Nouveaux acheteurs,False,True,False,Tournée ORBITE,69
B02103,49,1,60.0,2,1,3,Nouveaux acheteurs,True,True,False,Tournée ORBITE,69
B02104,49,1,30.0,2,1,1,Nouveaux acheteurs,False,True,False,Tournée ORBITE,69
B02105,49,1,60.0,2,1,3,Nouveaux acheteurs,False,False,False,Tournée ORBITE,69
B02106,49,1,60.0,2,1,3,Nouveaux acheteurs,False,False,False,Tournée ORBITE,BE
B02107,49,1,60.0,2,1,3,Nouveaux acheteurs,False,False,False,Tournée ORBITE,67
B02108,49,1,30.0,2,1,1,Nouveaux acheteurs,False,False,False,Tournée ORBITE,69
B02109,49,1,60.0,2,1,3,Nouveaux acheteurs,True,True,False,Tournée ORBITE,44
B02110,49,1,30.0,2,1,1,Nouveaux acheteurs,False,False,False,Tournée ORBITE,69
B02111,49,1,60.0,2,1,3,Nouveaux acheteurs,False,False,False,Tournée ORBITE,69
B02112,49,1,120.0,2,1,4,Gros paniers,False,False,False,Tournée ORBITE,69
B02113,49,1,60.0,2,1,3,Nouveaux acheteurs,False,False,False,Tournée ORBITE,69
B02114,49,1,30.0,2,1,1,Nouveaux acheteurs,True,True,False,Tournée ORBITE,69
B02115,49,1,87.0,2,1,4,Gros paniers,False,True,False,Tournée ORBITE,69
B02116,49,1,60.0,2,1,3,Nouveaux acheteurs,False,True,False,Tournée ORBITE,69
B02117,49,1,60.0,2,1,3,Nouveaux acheteurs,False,False,True,Tournée ORBITE,69
B02118,49,1,60.0,2,1,3,Nouveaux acheteurs,False,False,False,Tournée ORBITE,69
B02119,33,2,116.4,3,2,4,Gros paniers,False,True,False,Tournée ORBITE,69
B02120,49,1,60.0,2,1,3,Nouveaux acheteurs,False,False,False,Tournée ORBITE,69
B02121,49,1,60.0,2,1,3,Nouveaux acheteurs,True,True,False,Tournée ORBITE,69
B02122,48,1,30.0,2,1,1,Nouveaux acheteurs,False,True,False,Tournée ORBITE,69
B02123,48,1,87.0,2,1,4,Gros paniers,False,False,False,Tournée ORBITE,69
B02124,48,1,30.0,2,1,1,Nouveaux acheteurs,False,True,False,Tournée ORBITE,69
B02125,48,1,90.0,2,1,4,Gros paniers,False,True,False,Tournée ORBITE,69
B02126,48,1,60.0,2,1,3,Nouveaux acheteurs,False,True,False,Tournée ORBITE,33
B02127,48,1,60.0,2,1,3,Nouveaux acheteurs,False,False,False,Tournée ORBITE,69
B02128,48,1,52.8,2,1,2,Nouveaux acheteurs,False,False,False,Tournée ORBITE,69
B02129,48,1,30.0,2,1,1,Nouveaux acheteurs,False,False,True,Tournée ORBITE,67
B02130,48,1,60.0,2,1,3,Nouveaux acheteurs,True,True,False,Tournée ORBITE,69
B02131,33,2,116.0,3,2,4,Multi-dates,False,False,False,Tournée ORBITE,69
B02132,48,1,87.0,2,1,4,Gros paniers,True,True,True,Tournée ORBITE,69
B02133,48,1,30.0,2,1,1,Nouveaux acheteurs,False,True,False,Tournée ORBITE,69
B02134,48,1,30.0,2,1,1,Nouveaux acheteurs,True,True,False,Tournée ORBITE,69
B02135,26,2,135.0,4,2,4,Multi-dates,False,True,False,Tournée ORBITE,69
B02136,48,1,60.0,2,1,3,Nouveaux acheteurs,False,True,False,Tournée ORBITE,69
B02137,48,1,60.0,2,1,3,Nouveaux acheteurs,False,False,True,Tournée ORBITE,69
B02138,48,1,120.0,2,1,4,Gros paniers,False,False,True,Tournée ORBITE,69
B02139,48,2,116.0,2,2,4,Multi-dates,True,True,False,Tournée ORBITE,69
B02140,48,1,60.0,2,1,3,Nouveaux acheteurs,False,True,False,Tournée ORBITE,67
B02141,48,1,60.0,2,1,3,Nouveaux acheteurs,False,True,False,Tournée ORBITE,69
B02142,48,1,60.0,2,1,3,Nouveaux acheteurs,False,True,False,Tournée ORBITE,69
B02143,47,1,30.0,2,1,1,Nouveaux acheteurs,False,True,True,Tournée ORBITE,69
B02144,47,1,60.0,2,1,3,Nouveaux acheteurs,False,True,False,Tournée ORBITE,31
B02145,47,1,60.0,2,1,3,Nouveaux acheteurs,False,False,False,Tournée ORBITE,69
B02146,47,1,60.0,2,1,3,Nouveaux acheteurs,False,True,False,Tournée ORBITE,31
B02147,14,2,60.0,4,2,3,Nouveaux acheteurs,True,True,False,Tournée ORBITE,69
B02148,47,1,60.0,2,1,3,Nouveaux acheteurs,False,True,False,Tournée ORBITE,69
B02149,47,1,60.0,2,1,3,Nouveaux acheteurs,False,False,False,Tournée ORBITE,69
B02150,47,1,30.0,2,1,1,Nouveaux acheteurs,False,False,False,Tournée ORBITE,69
B02151,47,1,60.0,2,1,3,Nouveaux acheteurs,False,True,False,Tournée ORBITE,69
B02152,47,1,60.0,2,1,3,Nouveaux acheteurs,True,True,False,Tournée ORBITE,33
B02153,47,1,60.0,2,1,3,Nouveaux acheteurs,False,True,False,Tournée ORBITE,69
B02154,47,1,60.0,2,1,3,Nouveaux acheteurs,False,True,False,Tournée ORBITE,69
B02155,46,1,90.0,2,1,4,Gros paniers,False,False,False,Tournée ORBITE,35
B02156,46,1,90.0,2,1,4,Gros paniers,False,True,False,Tournée ORBITE,69
B02157,46,1,60.0,2,1,3,Nouveaux acheteurs,True,True,False,Tournée ORBITE,35
B02158,46,1,30.0,2,1,1,Nouveaux acheteurs,True,True,False,Tournée ORBITE,BE
B02159,46,1,60.0,2,1,3,Nouveaux acheteurs,False,True,False,Tournée ORBITE,35
B02160,46,1,60.0,2,1,3,Nouveaux acheteurs,True,True,False,Tournée ORBITE,69
B02161,46,1,30.0,2,1,1,Nouveaux acheteurs,False,True,True,Tournée ORBITE,69
B02162,46,1,52.8,2,1,2,Nouveaux acheteurs,False,False,False,Tournée ORBITE,69
B02163,45,1,60.0,2,1,3,Nouveaux acheteurs,False,False,True,Tournée ORBITE,69
B02164,45,1,60.0,2,1,3,Nouveaux acheteurs,False,False,True,Tournée ORBITE,69
B02165,45,1,30.0,2,1,1,Nouveaux acheteurs,True,True,False,Tournée ORBITE,35
B02166,45,1,30.0,2,1,1,Nouveaux acheteurs,False,False,False,Tournée ORBITE,59
B02167,45,1,60.0,2,1,3,Nouveaux acheteurs,True,True,False,Tournée ORBITE,69
B02168,45,1,30.0,2,1,1,Nouveaux acheteurs,False,True,True,Tournée ORBITE,69
B02169,45,1,60.0,2,1,3,Nouveaux acheteurs,False,True,False,Tournée ORBITE,59
B02170,45,1,60.0,2,1,3,Nouveaux acheteurs,False,True,True,Tournée ORBITE,69
B02171,45,1,87.0,2,1,4,Gros paniers,False,True,False,Tournée ORBITE,69
B02172,45,1,87.0,2,1,4,Gros paniers,False,False,False,Tournée ORBITE,69
B02173,45,2,116.0,2,2,4,Multi-dates,False,True,False,Tournée ORBITE,69
B02174,45,1,30.0,2,1,1,Nouveaux acheteurs,False,True,False,Tournée ORBITE,69
B02175,45,1,87.0,2,1,4,Gros paniers,False,False,False,Tournée ORBITE,69
B02176,44,1,90.0,2,1,4,Gros paniers,False,True,True,Tournée ORBITE,69
B02177,44,1,60.0,2,1,3,Nouveaux acheteurs,True,True,False,Tournée ORBITE,69
B02178,44,1,60.0,2,1,3,Nouveaux acheteurs,False,True,False,Tournée ORBITE,34
B02179,44,1,90.0,2,1,4,Gros paniers,False,True,False,Tournée ORBITE,69
B02180,43,2,147.0,3,2,4,Gros paniers,True,True,False,Tournée ORBITE,69
B02181,44,1,60.0,2,1,3,Nouveaux acheteurs,False,True,False,Tournée ORBITE,69
B02182,44,1,30.0,2,1,1,Nouveaux acheteurs,False,False,False,Tournée ORBITE,69
B02183,44,1,60.0,2,1,3,Nouveaux acheteurs,False,False,False,Tournée ORBITE,69
B02184,44,1,30.0,2,1,1,Nouveaux acheteurs,False,False,False,Tournée ORBITE,69
B02185,29,2,118.0,3,2,4,Multi-dates,False,True,False,Tournée ORBITE,69
B02186,44,1,60.0,2,1,3,Nouveaux acheteurs,False,True,False,Tournée ORBITE,69
B02187,43,1,26.4,3,1,1,Nouveaux acheteurs,False,False,False,Tournée ORBITE,69
B02188,43,2,84.64,3,2,4,Multi-dates,False,True,False,Tournée ORBITE,67
B02189,43,1,87.0,3,1,4,Gros paniers,False,True,False,Tournée ORBITE,69
B02190,43,1,60.0,3,1,3,Nouveaux acheteurs,False,False,False,Tournée ORBITE,69
B02191,43,1,30.0,3,1,1,Nouveaux acheteurs,False,False,False,Tournée ORBITE,69
B02192,43,1,60.0,3,1,3,Nouveaux acheteurs,False,True,True,Tournée ORBITE,69
B02193,43,1,43.5,3,1,1,Nouveaux acheteurs,True,True,False,Tournée ORBITE,44
B02194,43,1,60.0,3,1,3,Nouveaux acheteurs,False,False,False,Tournée ORBITE,69
B02195,43,1,90.0,3,1,4,Gros paniers,False,True,False,Tournée ORBITE,69
B02196,41,2,147.0,3,2,4,Multi-dates,False,False,False,Tournée ORBITE,69
B02197,42,1,90.0,3,1,4,Gros paniers,False,True,True,Tournée ORBITE,69
B02198,9,2,114.0,4,2,4,Multi-dates,False,True,False,Tournée ORBITE,69
B02199,26,3,282.4,4,3,4,Multi-dates,True,True,True,Tournée ORBITE,69
B02200,42,1,87.0,3,1,4,Gros paniers,True,True,False,Tournée ORBITE,69
B02201,41,2,141.2,3,2,4,Multi-dates,False,False,False,Tournée ORBITE,69
B02202,41,2,182.04000000000002,3,2,4,Multi-dates,False,False,False,Tournée ORBITE,35
B02203,41,1,60.0,3,1,3,Nouveaux acheteurs,True,True,False,Tournée ORBITE,69
B02204,41,1,87.0,3,1,4,Gros paniers,False,True,False,Tournée ORBITE,69
B02205,40,1,60.0,3,1,3,Nouveaux acheteurs,False,True,False,Tournée ORBITE,69
B02206,40,1,60.0,3,1,3,Nouveaux acheteurs,False,True,False,Tournée ORBITE,69
B02207,40,1,60.0,3,1,3,Nouveaux acheteurs,False,False,False,Tournée ORBITE,35
B02208,40,1,30.0,3,1,1,Nouveaux acheteurs,False,True,False,Tournée ORBITE,69
B02209,40,1,30.0,3,1,1,Nouveaux acheteurs,True,True,False,Tournée ORBITE,69
B02210,39,1,30.0,3,1,1,Nouveaux acheteurs,False,True,False,Tournée ORBITE,69
B02211,39,1,60.0,3,1,3,Nouveaux acheteurs,False,False,True,Tournée ORBITE,69
B02212,39,1,60.0,3,1,3,Nouveaux acheteurs,True,True,False,Tournée ORBITE,13
B02213,39,1,60.0,3,1,3,Nouveaux acheteurs,False,True,False,Tournée ORBITE,69
B02214,39,1,60.0,3,1,3,Nouveaux acheteurs,True,True,False,Tournée ORBITE,67
B02215,39,1,60.0,3,1,3,Nouveaux acheteurs,False,True,False,Tournée ORBITE,69
B02216,4,2,87.0,4,2,4,Multi-dates,True,True,False,Tournée ORBITE,69
B02217,39,1,60.0,3,1,3,Nouveaux acheteurs,False,True,True,Tournée ORBITE,35
B02218,39,1,60.0,3,1,3,Nouveaux acheteurs,False,False,False,Tournée ORBITE,69
B02219,39,1,60.0,3,1,3,Nouveaux acheteurs,True,True,False,Tournée ORBITE,69
B02220,38,1,30.0,3,1,1,Nouveaux acheteurs,False,True,False,Tournée ORBITE,69
B02221,38,1,60.0,3,1,3,Nouveaux acheteurs,False,False,False,Tournée ORBITE,69
B02222,26,2,88.0,4,2,4,Multi-dates,False,True,False,Tournée ORBITE,69
B02223,38,1,60.0,3,1,3,Nouveaux acheteurs,False,True,True,Tournée ORBITE,69
B02224,38,1,60.0,3,1,3,Nouveaux acheteurs,False,False,False,Tournée ORBITE,35
B02225,38,1,120.0,3,1,4,Gros paniers,False,True,False,Tournée ORBITE,69
B02226,38,1,60.0,3,1,3,Nouveaux acheteurs,False,True,False,Tournée ORBITE,69
B02227,37,1,60.0,3,1,3,Nouveaux acheteurs,False,True,False,Tournée ORBITE,69
B02228,37,1,60.0,3,1,3,Nouveaux acheteurs,False,True,False,Tournée ORBITE,69
B02229,37,1,60.0,3,1,3,Nouveaux acheteurs,False,True,False,Tournée ORBITE,BE
B02230,37,1,60.0,3,1,3,Nouveaux acheteurs,True,True,False,Tournée ORBITE,69
B02231,36,1,60.0,3,1,3,Nouveaux acheteurs,True,True,False,Tournée ORBITE,69
B02232,36,1,60.0,3,1,3,Nouveaux acheteurs,True,True,False,Tournée ORBITE,69
B02233,36,1,60.0,3,1,3,Nouveaux acheteurs,False,False,False,Tournée ORBITE,69
B02234,36,1,60.0,3,1,3,Nouveaux acheteurs,False,False,True,Tournée ORBITE,13
B02235,36,1,60.0,3,1,3,Nouveaux acheteurs,False,True,True,Tournée ORBITE,69
B02236,36,1,60.0,3,1,3,Nouveaux acheteurs,False,False,False,Tournée ORBITE,69
B02237,35,1,87.0,3,1,4,Gros paniers,True,True,True,Tournée ORBITE,69
B02238,35,1,60.0,3,1,3,Nouveaux acheteurs,False,False,True,Tournée ORBITE,69
B02239,35,2,184.5,3,2,4,Multi-dates,False,True,False,Tournée ORBITE,67
B02240,35,2,172.0,3,2,4,Multi-dates,False,False,True,Tournée ORBITE,69
B02241,35,1,120.0,3,1,4,Gros paniers,False,True,True,Tournée ORBITE,34
B02242,35,1,60.0,3,1,3,Nouveaux acheteurs,False,True,False,Tournée ORBITE,31
B02243,34,1,60.0,3,1,3,Nouveaux acheteurs,False,True,False,Tournée ORBITE,69
B02244,34,1,60.0,3,1,3,Nouveaux acheteurs,True,True,False,Tournée ORBITE,69
B02245,34,1,30.0,3,1,1,Nouveaux acheteurs,False,True,False,Tournée ORBITE,69
B02246,34,1,60.0,3,1,3,Nouveaux acheteurs,True,True,False,Tournée ORBITE,69
B02247,34,1,30.0,3,1,1,Nouveaux acheteurs,False,True,False,Tournée ORBITE,69
B02248,34,1,30.0,3,1,1,Nouveaux acheteurs,False,True,False,Tournée ORBITE,69
B02249,34,1,60.0,3,1,3,Nouveaux acheteurs,False,True,False,Tournée ORBITE,59
B02250,34,1,87.0,3,1,4,Gros paniers,False,False,False,Tournée ORBITE,69
B02251,34,1,30.0,3,1,1,Nouveaux acheteurs,False,True,False,Tournée ORBITE,69
B02252,27,2,101.5,3,2,4,Multi-dates,True,True,False,Tournée ORBITE,69
B02253,34,1,60.0,3,1,3,Nouveaux acheteurs,False,True,False,Tournée ORBITE,33
B02254,33,1,30.0,3,1,1,Nouveaux acheteurs,False,True,False,Tournée ORBITE,31
B02255,33,1,60.0,3,1,3,Nouveaux acheteurs,False,True,True,Tournée ORBITE,69
B02256,33,1,30.0,3,1,1,Nouveaux acheteurs,False,False,False,Tournée ORBITE,69
B02257,33,1,60.0,3,1,3,Nouveaux acheteurs,False,False,False,Tournée ORBITE,59
B02258,33,1,30.0,3,1,1,Nouveaux acheteurs,False,False,True,Tournée ORBITE,69
B02259,19,2,76.4,4,2,4,Multi-dates,True,True,True,Tournée ORBITE,69
B02260,32,1,90.0,3,1,4,Gros paniers,False,False,False,Tournée ORBITE,67
B02261,32,1,30.0,3,1,1,Nouveaux acheteurs,True,True,False,Tournée ORBITE,69
B02262,32,1,60.0,3,1,3,Nouveaux acheteurs,False,True,False,Tournée ORBITE,33
B02263,31,1,60.0,3,1,3,Nouveaux acheteurs,False,False,False,Tournée ORBITE,69
B02264,30,1,60.0,3,1,3,Nouveaux acheteurs,False,False,False,Tournée ORBITE,69
B02265,30,2,141.0,3,2,4,Multi-dates,False,False,False,Tournée ORBITE,69
B02266,30,1,120.0,3,1,4,Gros paniers,False,False,False,Tournée ORBITE,35
B02267,30,2,109.28,3,2,4,Multi-dates,True,True,False,Tournée ORBITE,69
B02268,30,2,172.0,3,2,4,Multi-dates,False,True,False,Tournée ORBITE,69
B02269,30,1,60.0,3,1,3,Nouveaux acheteurs,False,True,False,Tournée ORBITE,69
B02270,30,1,60.0,3,1,3,Nouveaux acheteurs,False,True,False,Tournée ORBITE,31
B02271,30,2,54.4,3,2,2,Multi-dates,True,True,False,Tournée ORBITE,69
B02272,29,1,60.0,3,1,3,Nouveaux acheteurs,False,True,False,Tournée ORBITE,69
B02273,29,1,60.0,3,1,3,Nouveaux acheteurs,False,False,False,Tournée ORBITE,69
B02274,29,1,60.0,3,1,3,Nouveaux acheteurs,False,False,False,Tournée ORBITE,69
B02275,29,2,168.75,3,2,4,Multi-dates,False,True,False,Tournée ORBITE,69
B02276,29,1,60.0,3,1,3,Nouveaux acheteurs,False,False,False,Tournée ORBITE,69
B02277,29,1,87.0,3,1,4,Gros paniers,False,True,False,Tournée ORBITE,69
B02278,29,1,60.0,3,1,3,Nouveaux acheteurs,True,True,True,Tournée ORBITE,69
B02279,29,2,115.0,3,2,4,Multi-dates,False,True,False,Tournée ORBITE,69
B02280,29,1,60.0,3,1,3,Nouveaux acheteurs,False,True,False,Tournée ORBITE,69
B02281,29,1,30.0,3,1,1,Nouveaux acheteurs,False,True,False,Tournée ORBITE,69
B02282,28,1,60.0,3,1,3,Nouveaux acheteurs,True,True,False,Tournée ORBITE,35
B02283,28,1,60.0,3,1,3,Nouveaux acheteurs,False,False,False,Tournée ORBITE,69
B02284,28,1,60.0,3,1,3,Nouveaux acheteurs,False,False,False,Tournée ORBITE,69
B02285,28,1,60.0,3,1,3,Nouveaux acheteurs,False,False,False,Tournée ORBITE,69
B02286,28,1,60.0,3,1,3,Nouveaux acheteurs,False,True,False,Tournée ORBITE,69
B02287,28,1,60.0,3,1,3,Nouveaux acheteurs,False,True,False,Tournée ORBITE,69
B02288,28,1,60.0,3,1,3,Nouveaux acheteurs,False,False,False,Tournée ORBITE,69
B02289,28,1,43.5,3,1,1,Nouveaux acheteurs,False,True,True,Tournée ORBITE,44
B02290,27,1,60.0,3,1,3,Nouveaux acheteurs,False,True,False,Tournée ORBITE,69
B02291,27,1,30.0,3,1,1,Nouveaux acheteurs,False,True,True,Tournée ORBITE,69
B02292,27,1,60.0,3,1,3,Nouveaux acheteurs,False,False,False,Tournée ORBITE,69
B02293,27,1,30.0,3,1,1,Nouveaux acheteurs,False,True,False,Tournée ORBITE,69
B02294,27,2,82.0,3,2,4,Multi-dates,False,True,False,Tournée ORBITE,69
B02295,27,1,60.0,3,1,3,Nouveaux acheteurs,True,True,False,Tournée ORBITE,69
B02296,27,1,60.0,3,1,3,Nouveaux acheteurs,False,False,False,Tournée ORBITE,69
B02297,26,1,60.0,4,1,3,Nouveaux acheteurs,False,True,False,Tournée ORBITE,69
B02298,26,1,60.0,4,1,3,Nouveaux acheteurs,False,False,False,Tournée ORBITE,69
B02299,12,2,90.0,4,2,4,Gros paniers,False,False,True,Tournée ORBITE,69
B02300,26,1,60.0,4,1,3,Nouveaux acheteurs,False,False,False,Tournée ORBITE,69
B02301,26,1,60.0,4,1,3,Nouveaux acheteurs,False,True,False,Tournée ORBITE,69
B02302,26,1,30.0,4,1,1,Nouveaux acheteurs,True,True,True,Tournée ORBITE,69
B02303,25,1,87.0,4,1,4,Gros paniers,False,False,False,Tournée ORBITE,69
B02304,25,1,60.0,4,1,3,Nouveaux acheteurs,False,False,False,Tournée ORBITE,69
B02305,25,1,60.0,4,1,3,Nouveaux acheteurs,False,True,False,Tournée ORBITE,69
B02306,25,1,60.0,4,1,3,Nouveaux acheteurs,False,True,False,Tournée ORBITE,31
B02307,25,1,120.0,4,1,4,Gros paniers,False,True,False,Tournée ORBITE,69
B02308,25,1,60.0,4,1,3,Nouveaux acheteurs,False,True,False,Tournée ORBITE,69
B02309,25,3,141.0,4,3,4,Multi-dates,False,True,False,Tournée ORBITE,69
B02310,25,1,60.0,4,1,3,Nouveaux acheteurs,False,True,False,Tournée ORBITE,69
B02311,25,1,60.0,4,1,3,Nouveaux acheteurs,True,True,False,Tournée ORBITE,69
B02312,24,1,60.0,4,1,3,Nouveaux acheteurs,True,True,False,Tournée ORBITE,69
B02313,24,1,90.0,4,1,4,Gros paniers,False,True,False,Tournée ORBITE,69
B02314,24,1,30.0,4,1,1,Nouveaux acheteurs,False,False,False,Tournée ORBITE,69
B02315,24,1,43.5,4,1,1,Nouveaux acheteurs,False,True,True,Tournée ORBITE,69
B02316,23,1,30.0,4,1,1,Nouveaux acheteurs,False,False,False,Tournée ORBITE,69
B02317,23,1,30.0,4,1,1,Nouveaux acheteurs,False,False,False,Tournée ORBITE,BE
B02318,23,1,60.0,4,1,3,Nouveaux acheteurs,False,True,False,Tournée ORBITE,69
B02319,23,1,30.0,4,1,1,Nouveaux acheteurs,False,False,False,Tournée ORBITE,69
B02320,23,1,60.0,4,1,3,Nouveaux acheteurs,False,False,False,Tournée ORBITE,69
B02321,9,2,115.0,4,2,4,Multi-dates,False,True,False,Tournée ORBITE,69
B02322,23,1,60.0,4,1,3,Nouveaux acheteurs,False,True,True,Tournée ORBITE,69
B02323,23,1,60.0,4,1,3,Nouveaux acheteurs,False,True,False,Tournée ORBITE,69
B02324,23,1,30.0,4,1,1,Nouveaux acheteurs,False,True,False,Tournée ORBITE,59
B02325,23,1,60.0,4,1,3,Nouveaux acheteurs,False,False,True,Tournée ORBITE,69
B02326,22,1,90.0,4,1,4,Gros paniers,False,True,False,Tournée ORBITE,34
B02327,22,1,90.0,4,1,4,Gros paniers,False,False,False,Tournée ORBITE,69
B02328,22,2,84.0,4,2,4,Multi-dates,True,True,False,Tournée ORBITE,69
B02329,22,1,60.0,4,1,3,Nouveaux acheteurs,False,True,True,Tournée ORBITE,67
B02330,22,2,82.0,4,2,4,Multi-dates,True,True,True,Tournée ORBITE,69
B02331,21,1,43.5,4,1,1,Nouveaux acheteurs,False,True,False,Tournée ORBITE,69
B02332,21,2,144.0,4,2,4,Multi-dates,True,True,False,Tournée ORBITE,69
B02333,21,1,60.0,4,1,3,Nouveaux acheteurs,False,True,True,Tournée ORBITE,69
B02334,21,1,60.0,4,1,3,Nouveaux acheteurs,False,True,False,Tournée ORBITE,69
B02335,21,1,60.0,4,1,3,Nouveaux acheteurs,False,False,False,Tournée ORBITE,69
B02336,21,1,60.0,4,1,3,Nouveaux acheteurs,True,True,True,Tournée ORBITE,69
B02337,21,1,60.0,4,1,3,Nouveaux acheteurs,False,True,False,Tournée ORBITE,69
B02338,21,1,60.0,4,1,3,Nouveaux acheteurs,False,False,False,Tournée ORBITE,69
B02339,20,1,60.0,4,1,3,Nouveaux acheteurs,False,True,False,Tournée ORBITE,69
B02340,20,1,30.0,4,1,1,Nouveaux acheteurs,True,True,False,Tournée ORBITE,69
B02341,20,1,60.0,4,1,3,Nouveaux acheteurs,False,True,False,Tournée ORBITE,69
B02342,20,1,52.8,4,1,2,Nouveaux acheteurs,True,True,False,Tournée ORBITE,69
B02343,20,1,60.0,4,1,3,Nouveaux acheteurs,False,False,True,Tournée ORBITE,69
B02344,20,1,60.0,4,1,3,Nouveaux acheteurs,False,False,False,Tournée ORBITE,69
B02345,19,1,60.0,4,1,3,Nouveaux acheteurs,True,True,False,Tournée ORBITE,69
B02346,19,1,60.0,4,1,3,Nouveaux acheteurs,False,False,False,Tournée ORBITE,69
B02347,19,1,30.0,4,1,1,Nouveaux acheteurs,True,True,True,Tournée ORBITE,69
B02348,18,1,60.0,4,1,3,Nouveaux acheteurs,False,False,False,Tournée ORBITE,69
B02349,18,1,60.0,4,1,3,Nouveaux acheteurs,False,False,False,Tournée ORBITE,69
B02350,18,1,30.0,4,1,1,Nouveaux acheteurs,False,False,True,Tournée ORBITE,69
B02351,18,1,60.0,4,1,3,Nouveaux acheteurs,False,True,False,Tournée ORBITE,69
B02352,18,1,87.0,4,1,4,Gros paniers,False,True,False,Tournée ORBITE,69
B02353,18,1,90.0,4,1,4,Gros paniers,False,True,False,Tournée ORBITE,69
B02354,18,1,90.0,4,1,4,Gros paniers,False,True,False,Tournée ORBITE,33
B02355,18,1,60.0,4,1,3,Nouveaux acheteurs,False,True,False,Tournée ORBITE,69
B02356,18,1,60.0,4,1,3,Nouveaux acheteurs,False,False,False,Tournée ORBITE,BE
B02357,18,1,87.0,4,1,4,Gros paniers,True,True,False,Tournée ORBITE,69
B02358,18,1,87.0,4,1,4,Gros paniers,False,False,False,Tournée ORBITE,69
B02359,18,2,86.0,4,2,4,Multi-dates,False,True,True,Tournée ORBITE,31
B02360,17,1,60.0,4,1,3,Nouveaux acheteurs,False,False,False,Tournée ORBITE,69
B02361,17,1,60.0,4,1,3,Nouveaux acheteurs,False,True,False,Tournée ORBITE,69
B02362,17,1,60.0,4,1,3,Nouveaux acheteurs,False,False,False,Tournée ORBITE,69
B02363,17,1,60.0,4,1,3,Nouveaux acheteurs,False,True,False,Tournée ORBITE,69
B02364,17,1,174.0,4,1,4,Gros paniers,False,False,False,Tournée ORBITE,69
B02365,17,1,60.0,4,1,3,Nouveaux acheteurs,False,True,True,Tournée ORBITE,69
B02366,16,1,60.0,4,1,3,Nouveaux acheteurs,False,True,False,Tournée ORBITE,69
B02367,16,1,60.0,4,1,3,Nouveaux acheteurs,False,False,False,Tournée ORBITE,75
B02368,16,1,60.0,4,1,3,Nouveaux acheteurs,False,True,True,Tournée ORBITE,69
B02369,16,1,60.0,4,1,3,Nouveaux acheteurs,False,False,True,Tournée ORBITE,69
B02370,16,1,60.0,4,1,3,Nouveaux acheteurs,True,True,False,Tournée ORBITE,59
B02371,15,1,43.5,4,1,1,Nouveaux acheteurs,False,True,False,Tournée ORBITE,69
B02372,15,1,30.0,4,1,1,Nouveaux acheteurs,False,False,False,Tournée ORBITE,69
B02373,15,1,60.0,4,1,3,Nouveaux acheteurs,False,True,False,Tournée ORBITE,69
B02374,14,1,87.0,4,1,4,Gros paniers,True,True,False,Tournée ORBITE,34
B02375,14,1,60.0,4,1,3,Nouveaux acheteurs,False,False,False,Tournée ORBITE,69
B02376,14,2,84.64,4,2,4,Multi-dates,False,True,False,Tournée ORBITE,44
B02377,14,1,60.0,4,1,3,Nouveaux acheteurs,False,False,False,Tournée ORBITE,69
B02378,13,1,30.0,4,1,1,Nouveaux acheteurs,False,True,False,Tournée ORBITE,69
B02379,13,1,30.0,4,1,1,Nouveaux acheteurs,False,True,True,Tournée ORBITE,69
B02380,13,1,60.0,4,1,3,Nouveaux acheteurs,True,True,False,Tournée ORBITE,69
B02381,13,1,60.0,4,1,3,Nouveaux acheteurs,False,True,True,Tournée ORBITE,69
B02382,13,1,60.0,4,1,3,Nouveaux acheteurs,False,False,False,Tournée ORBITE,69
B02383,13,1,60.0,4,1,3,Nouveaux acheteurs,False,True,True,Tournée ORBITE,69
B02384,13,1,60.0,4,1,3,Nouveaux acheteurs,False,True,False,Tournée ORBITE,69
B02385,12,1,60.0,4,1,3,Nouveaux acheteurs,False,False,False,Tournée ORBITE,69
B02386,12,1,60.0,4,1,3,Nouveaux acheteurs,False,False,False,Tournée ORBITE,59
B02387,12,1,60.0,4,1,3,Nouveaux acheteurs,False,False,False,Tournée ORBITE,31
B02388,12,1,60.0,4,1,3,Nouveaux acheteurs,False,True,False,Tournée ORBITE,69
B02389,12,1,60.0,4,1,3,Nouveaux acheteurs,False,True,False,Tournée ORBITE,33
B02390,12,1,60.0,4,1,3,Nouveaux acheteurs,False,True,False,Tournée ORBITE,BE
B02391,12,1,30.0,4,1,1,Nouveaux acheteurs,False,True,True,Tournée ORBITE,69
B02392,11,1,30.0,4,1,1,Nouveaux acheteurs,True,True,False,Tournée ORBITE,69
B02393,11,1,60.0,4,1,3,Nouveaux acheteurs,False,False,False,Tournée ORBITE,69
B02394,11,1,30.0,4,1,1,Nouveaux acheteurs,False,True,False,Tournée ORBITE,69
B02395,4,3,193.92000000000002,4,3,4,Multi-dates,True,True,False,Tournée ORBITE,69
B02396,10,1,60.0,4,1,3,Nouveaux acheteurs,False,False,False,Tournée ORBITE,69
B02397,10,1,60.0,4,1,3,Nouveaux acheteurs,False,True,False,Tournée ORBITE,75
B02398,10,1,60.0,4,1,3,Nouveaux acheteurs,True,True,True,Tournée ORBITE,69
B02399,10,1,60.0,4,1,3,Nouveaux acheteurs,False,True,True,Tournée ORBITE,69
B02400,10,2,82.88,4,2,4,Multi-dates,False,True,True,Tournée ORBITE,69
B02401,10,1,30.0,4,1,1,Nouveaux acheteurs,True,True,False,Tournée ORBITE,69
B02402,10,1,60.0,4,1,3,Nouveaux acheteurs,False,False,False,Tournée ORBITE,69
B02403,9,1,60.0,4,1,3,Nouveaux acheteurs,False,False,False,Tournée ORBITE,69
B02404,9,1,90.0,4,1,4,Gros paniers,False,True,True,Tournée ORBITE,69
B02405,9,1,60.0,4,1,3,Nouveaux acheteurs,False,False,True,Tournée ORBITE,69
B02406,9,1,30.0,4,1,1,Nouveaux acheteurs,False,False,False,Tournée ORBITE,69
B02407,9,1,30.0,4,1,1,Nouveaux acheteurs,False,True,True,Tournée ORBITE,69
B02408,9,1,90.0,4,1,4,Gros paniers,False,True,False,Tournée ORBITE,69
B02409,9,2,114.0,4,2,4,Multi-dates,False,False,False,Tournée ORBITE,69
B02410,8,1,60.0,4,1,3,Nouveaux acheteurs,False,True,False,Tournée ORBITE,69
B02411,8,1,60.0,4,1,3,Nouveaux acheteurs,False,True,False,Tournée ORBITE,75
B02412,8,2,109.28,4,2,4,Multi-dates,False,True,False,Tournée ORBITE,69
B02413,8,1,60.0,4,1,3,Nouveaux acheteurs,False,False,False,Tournée ORBITE,69
B02414,8,1,60.0,4,1,3,Nouveaux acheteurs,True,True,False,Tournée ORBITE,69
B02415,8,1,30.0,4,1,1,Nouveaux acheteurs,False,True,False,Tournée ORBITE,69
B02416,8,1,60.0,4,1,3,Nouveaux acheteurs,False,True,False,Tournée ORBITE,13
B02417,8,1,60.0,4,1,3,Nouveaux acheteurs,False,True,False,Tournée ORBITE,69
B02418,8,1,60.0,4,1,3,Nouveaux acheteurs,True,True,False,Tournée ORBITE,69
B02419,7,1,43.5,4,1,1,Nouveaux acheteurs,False,False,False,Tournée ORBITE,69
B02420,7,1,60.0,4,1,3,Nouveaux acheteurs,False,False,False,Tournée ORBITE,69
B02421,7,1,43.5,4,1,1,Nouveaux acheteurs,True,True,False,Tournée ORBITE,69
B02422,6,1,60.0,4,1,3,Nouveaux acheteurs,False,True,False,Tournée ORBITE,69
B02423,6,1,120.0,4,1,4,Gros paniers,True,True,False,Tournée ORBITE,69
B02424,6,1,60.0,4,1,3,Nouveaux acheteurs,False,False,False,Tournée ORBITE,67
B02425,6,2,88.0,4,2,4,Multi-dates,True,True,False,Tournée ORBITE,69
B02426,6,1,30.0,4,1,1,Nouveaux acheteurs,True,True,False,Tournée ORBITE,34
B02427,6,1,90.0,4,1,4,Gros paniers,True,True,False,Tournée ORBITE,69
B02428,6,1,60.0,4,1,3,Nouveaux acheteurs,False,True,True,Tournée ORBITE,44
B02429,6,1,60.0,4,1,3,Nouveaux acheteurs,True,True,False,Tournée ORBITE,69
B02430,6,1,60.0,4,1,3,Nouveaux acheteurs,False,True,False,Tournée ORBITE,69
B02431,6,1,60.0,4,1,3,Nouveaux acheteurs,False,False,True,Tournée ORBITE,69
B02432,5,1,60.0,4,1,3,Nouveaux acheteurs,False,False,True,Tournée ORBITE,44
B02433,5,1,60.0,4,1,3,Nouveaux acheteurs,False,True,True,Tournée ORBITE,69
B02434,5,1,87.0,4,1,4,Gros paniers,True,True,True,Tournée ORBITE,69
B02435,5,1,87.0,4,1,4,Gros paniers,False,True,False,Tournée ORBITE,69
B02436,5,1,30.0,4,1,1,Nouveaux acheteurs,False,True,False,Tournée ORBITE,69
B02437,5,1,87.0,4,1,4,Gros paniers,False,True,False,Tournée ORBITE,69
B02438,4,1,90.0,4,1,4,Gros paniers,False,True,False,Tournée ORBITE,69
B02439,4,1,60.0,4,1,3,Nouveaux acheteurs,False,True,True,Tournée ORBITE,69
B02440,4,1,30.0,4,1,1,Nouveaux acheteurs,False,True,False,Tournée ORBITE,69
B02441,4,1,90.0,4,1,4,Gros paniers,True,True,False,Tournée ORBITE,69
B02442,4,2,86.0,4,2,4,Multi-dates,False,False,False,Tournée ORBITE,69
B02443,3,2,86.0,4,2,4,Multi-dates,False,False,False,Tournée ORBITE,69
B02444,3,1,60.0,4,1,3,Nouveaux acheteurs,False,True,False,Tournée ORBITE,69
B02445,3,1,60.0,4,1,3,Nouveaux acheteurs,False,True,False,Tournée ORBITE,69
B02446,3,2,139.0,4,2,4,Multi-dates,False,True,False,Tournée ORBITE,69
B02447,3,1,30.0,4,1,1,Nouveaux acheteurs,False,False,False,Tournée ORBITE,69
B02448,2,1,120.0,4,1,4,Gros paniers,False,False,True,Tournée ORBITE,69
B02449,2,1,30.0,4,1,1,Nouveaux acheteurs,False,False,False,Tournée ORBITE,34
B02450,2,1,60.0,4,1,3,Nouveaux acheteurs,False,False,False,Tournée ORBITE,69
B02451,2,1,60.0,4,1,3,Nouveaux acheteurs,False,True,True,Tournée ORBITE,BE
B02452,1,1,60.0,4,1,3,Nouveaux acheteurs,False,True,False,Tournée ORBITE,69
B02453,1,1,60.0,4,1,3,Nouveaux acheteurs,False,True,False,Tournée ORBITE,69
B02454,1,1,60.0,4,1,3,Nouveaux acheteurs,False,True,False,Tournée ORBITE,69
B02455,1,2,88.0,4,2,4,Multi-dates,False,True,False,Tournée ORBITE,69
B02456,1,2,88.0,4,2,4,Multi-dates,False,True,False,Tournée ORBITE,69
B02457,1,1,60.0,4,1,3,Nouveaux acheteurs,False,False,True,Tournée ORBITE,69
B02458,1,1,60.0,4,1,3,Nouveaux acheteurs,True,True,False,Tournée ORBITE,69
B02459,0,1,60.0,4,1,3,Nouveaux acheteurs,False,True,False,Tournée ORBITE,69
B02460,0,2,110.0,4,2,4,Multi-dates,False,True,False,Tournée ORBITE,69
B02461,0,1,60.0,4,1,3,Nouveaux acheteurs,True,True,True,Tournée ORBITE,69
B02462,0,2,168.2,4,2,4,Multi-dates,True,True,False,Tournée ORBITE,69
B02463,56,1,47.52,1,1,2,Nouveaux acheteurs,False,True,False,Tournée ORBITE,33
B02464,56,1,78.3,1,1,4,Gros paniers,False,False,False,Tournée ORBITE,44
B02465,56,1,54.0,1,1,2,Nouveaux acheteurs,True,True,False,Tournée ORBITE,33
B02466,56,1,47.52,1,1,2,Nouveaux acheteurs,False,True,False,Tournée ORBITE,33
B02467,56,1,47.52,1,1,2,Nouveaux acheteurs,False,False,False,Tournée ORBITE,33
B02468,56,1,54.0,1,1,2,Nouveaux acheteurs,False,False,True,Tournée ORBITE,33
B02469,46,2,132.3,2,2,4,Multi-dates,False,False,False,Tournée ORBITE,34
B02470,56,1,54.0,1,1,2,Nouveaux acheteurs,False,True,False,Tournée ORBITE,33
B02471,56,1,54.0,1,1,2,Nouveaux acheteurs,False,False,False,Tournée ORBITE,33
B02472,56,1,54.0,1,1,2,Nouveaux acheteurs,False,True,False,Tournée ORBITE,33
B02473,56,1,78.3,1,1,4,Gros paniers,False,True,False,Tournée ORBITE,33
B02474,56,1,54.0,1,1,2,Nouveaux acheteurs,False,False,False,Tournée ORBITE,33
B02475,56,1,27.0,1,1,1,Nouveaux acheteurs,False,True,False,Tournée ORBITE,33
B02476,56,1,27.0,1,1,1,Nouveaux acheteurs,False,True,True,Tournée ORBITE,33
B02477,56,1,47.52,1,1,2,Nouveaux acheteurs,False,False,False,Tournée ORBITE,75
B02478,56,1,108.0,1,1,4,Gros paniers,False,True,False,Tournée ORBITE,33
B02479,49,2,110.0,2,2,4,Multi-dates,False,True,False,Tournée ORBITE,33
B02480,56,1,27.0,1,1,1,Nouveaux acheteurs,False,True,True,Tournée ORBITE,33
B02481,56,1,54.0,1,1,2,Nouveaux acheteurs,False,False,False,Tournée ORBITE,67
B02482,56,1,27.0,1,1,1,Nouveaux acheteurs,False,True,False,Tournée ORBITE,59
B02483,56,1,54.0,1,1,2,Nouveaux acheteurs,True,True,False,Tournée ORBITE,33
B02484,56,1,81.0,1,1,4,Gros paniers,False,True,False,Tournée ORBITE,33
B02485,56,1,23.76,1,1,1,Nouveaux acheteurs,False,True,False,Tournée ORBITE,33
B02486,56,1,54.0,1,1,2,Nouveaux acheteurs,True,True,False,Tournée ORBITE,34
B02487,56,1,54.0,1,1,2,Nouveaux acheteurs,True,True,True,Tournée ORBITE,44
B02488,55,1,81.0,2,1,4,Gros paniers,False,True,True,Tournée ORBITE,34
B02489,55,1,54.0,2,1,2,Nouveaux acheteurs,False,False,True,Tournée ORBITE,33
B02490,55,1,54.0,2,1,2,Nouveaux acheteurs,False,False,False,Tournée ORBITE,33
B02491,55,1,54.0,2,1,2,Nouveaux acheteurs,False,True,False,Tournée ORBITE,33
B02492,0,2,131.0,4,2,4,Multi-dates,False,True,False,Tournée ORBITE,33
B02493,55,1,54.0,2,1,2,Nouveaux acheteurs,True,True,False,Tournée ORBITE,33
B02494,55,1,27.0,2,1,1,Nouveaux acheteurs,False,True,False,Tournée ORBITE,31
B02495,55,1,54.0,2,1,2,Nouveaux acheteurs,True,True,False,Tournée ORBITE,33
B02496,55,1,54.0,2,1,2,Nouveaux acheteurs,False,False,True,Tournée ORBITE,69
B02497,55,1,117.45,2,1,4,Gros paniers,False,False,False,Tournée ORBITE,33
B02498,55,1,23.76,2,1,1,Nouveaux acheteurs,False,True,False,Tournée ORBITE,44
B02499,55,1,47.52,2,1,2,Nouveaux acheteurs,False,True,False,Tournée ORBITE,33
B02500,55,1,54.0,2,1,2,Nouveaux acheteurs,False,True,False,Tournée ORBITE,33
B02501,55,1,54.0,2,1,2,Nouveaux acheteurs,False,False,False,Tournée ORBITE,33
B02502,21,2,110.0,4,2,4,Multi-dates,True,True,False,Tournée ORBITE,75
B02503,55,1,54.0,2,1,2,Nouveaux acheteurs,False,False,True,Tournée ORBITE,33
B02504,55,1,54.0,2,1,2,Nouveaux acheteurs,False,False,False,Tournée ORBITE,33
B02505,44,2,104.0,2,2,4,Multi-dates,False,False,True,Tournée ORBITE,33
B02506,54,1,54.0,2,1,2,Nouveaux acheteurs,False,True,False,Tournée ORBITE,33
B02507,54,1,54.0,2,1,2,Nouveaux acheteurs,False,True,False,Tournée ORBITE,69
B02508,54,1,54.0,2,1,2,Nouveaux acheteurs,False,True,False,Tournée ORBITE,33
B02509,54,1,54.0,2,1,2,Nouveaux acheteurs,False,False,True,Tournée ORBITE,33
B02510,54,1,27.0,2,1,1,Nouveaux acheteurs,False,False,False,Tournée ORBITE,33
B02511,1,2,153.04000000000002,4,2,4,Multi-dates,False,False,True,Tournée ORBITE,31
B02512,54,1,54.0,2,1,2,Nouveaux acheteurs,True,True,False,Tournée ORBITE,33
B02513,54,1,54.0,2,1,2,Nouveaux acheteurs,False,True,False,Tournée ORBITE,BE
B02514,54,1,54.0,2,1,2,Nouveaux acheteurs,False,True,False,Tournée ORBITE,33
B02515,54,1,54.0,2,1,2,Nouveaux acheteurs,False,False,False,Tournée ORBITE,33
B02516,54,1,54.0,2,1,2,Nouveaux acheteurs,False,False,False,Tournée ORBITE,75
B02517,54,1,54.0,2,1,2,Nouveaux acheteurs,True,True,False,Tournée ORBITE,33
B02518,54,1,27.0,2,1,1,Nouveaux acheteurs,False,True,True,Tournée ORBITE,33
B02519,54,1,47.52,2,1,2,Nouveaux acheteurs,False,True,True,Tournée ORBITE,33
B02520,54,1,54.0,2,1,2,Nouveaux acheteurs,False,False,False,Tournée ORBITE,33
B02521,54,1,47.52,2,1,2,Nouveaux acheteurs,False,True,True,Tournée ORBITE,33
B02522,54,1,47.52,2,1,2,Nouveaux acheteurs,False,True,False,Tournée ORBITE,33
B02523,54,1,27.0,2,1,1,Nouveaux acheteurs,False,False,False,Tournée ORBITE,33
B02524,42,2,110.0,3,2,4,Multi-dates,True,True,True,Tournée ORBITE,33
B02525,54,1,39.15,2,1,1,Nouveaux acheteurs,False,True,False,Tournée ORBITE,33
B02526,53,1,47.52,2,1,2,Nouveaux acheteurs,False,True,False,Tournée ORBITE,13
B02527,53,1,27.0,2,1,1,Nouveaux acheteurs,False,False,False,Tournée ORBITE,33
B02528,53,2,166.0,2,2,4,Multi-dates,False,True,True,Tournée ORBITE,33
B02529,53,1,54.0,2,1,2,Nouveaux acheteurs,True,True,True,Tournée ORBITE,33
B02530,4,2,102.4,4,2,4,Multi-dates,False,True,False,Tournée ORBITE,33
B02531,53,1,47.52,2,1,2,Nouveaux acheteurs,False,False,False,Tournée ORBITE,33
B02532,53,1,54.0,2,1,2,Nouveaux acheteurs,False,False,False,Tournée ORBITE,33
B02533,53,1,54.0,2,1,2,Nouveaux acheteurs,False,True,False,Tournée ORBITE,33
B02534,53,1,54.0,2,1,2,Nouveaux acheteurs,False,False,False,Tournée ORBITE,33
B02535,52,1,81.0,2,1,4,Gros paniers,False,False,False,Tournée ORBITE,33
B02536,52,1,54.0,2,1,2,Nouveaux acheteurs,True,True,False,Tournée ORBITE,33
B02537,52,1,54.0,2,1,2,Nouveaux acheteurs,False,True,False,Tournée ORBITE,33
B02538,52,1,54.0,2,1,2,Nouveaux acheteurs,False,False,False,Tournée ORBITE,33
B02539,52,1,54.0,2,1,2,Nouveaux acheteurs,False,True,False,Tournée ORBITE,33
B02540,40,2,74.52000000000001,3,2,4,Multi-dates,False,True,False,Tournée ORBITE,BE
B02541,52,1,27.0,2,1,1,Nouveaux acheteurs,False,True,True,Tournée ORBITE,33
B02542,52,1,54.0,2,1,2,Nouveaux acheteurs,False,True,False,Tournée ORBITE,33
B02543,52,1,54.0,2,1,2,Nouveaux acheteurs,False,True,False,Tournée ORBITE,33
B02544,52,1,27.0,2,1,1,Nouveaux acheteurs,False,True,True,Tournée ORBITE,33
B02545,51,1,54.0,2,1,2,Nouveaux acheteurs,False,True,False,Tournée ORBITE,33
B02546,51,1,27.0,2,1,1,Nouveaux acheteurs,False,True,False,Tournée ORBITE,33
B02547,51,1,23.76,2,1,1,Nouveaux acheteurs,False,True,False,Tournée ORBITE,33
B02548,51,1,27.0,2,1,1,Nouveaux acheteurs,False,True,False,Tournée ORBITE,33
B02549,51,1,54.0,2,1,2,Nouveaux acheteurs,False,True,False,Tournée ORBITE,33
B02550,51,1,47.52,2,1,2,Nouveaux acheteurs,True,True,True,Tournée ORBITE,33
B02551,51,1,54.0,2,1,2,Nouveaux acheteurs,False,False,True,Tournée ORBITE,33
B02552,51,1,54.0,2,1,2,Nouveaux acheteurs,False,False,False,Tournée ORBITE,33
B02553,51,1,23.76,2,1,1,Nouveaux acheteurs,False,True,False,Tournée ORBITE,33
B02554,50,1,27.0,2,1,1,Nouveaux acheteurs,True,True,False,Tournée ORBITE,33
B02555,50,1,47.52,2,1,2,Nouveaux acheteurs,False,True,False,Tournée ORBITE,BE
B02556,50,1,54.0,2,1,2,Nouveaux acheteurs,False,True,False,Tournée ORBITE,33
B02557,50,1,27.0,2,1,1,Nouveaux acheteurs,False,False,False,Tournée ORBITE,33
B02558,33,2,170.0,3,2,4,Multi-dates,True,True,False,Tournée ORBITE,33
B02559,49,1,54.0,2,1,2,Nouveaux acheteurs,False,True,False,Tournée ORBITE,33
B02560,49,1,39.15,2,1,1,Nouveaux acheteurs,False,True,False,Tournée ORBITE,33
B02561,49,1,54.0,2,1,2,Nouveaux acheteurs,False,True,True,Tournée ORBITE,33
B02562,48,1,27.0,2,1,1,Nouveaux acheteurs,False,True,False,Tournée ORBITE,33
B02563,48,1,54.0,2,1,2,Nouveaux acheteurs,False,False,False,Tournée ORBITE,33
B02564,48,1,54.0,2,1,2,Nouveaux acheteurs,False,True,False,Tournée ORBITE,33
B02565,48,1,54.0,2,1,2,Nouveaux acheteurs,False,True,False,Tournée ORBITE,33
B02566,47,2,100.92,2,2,4,Multi-dates,False,True,False,Tournée ORBITE,33
B02567,47,1,81.0,2,1,4,Gros paniers,False,False,False,Tournée ORBITE,35
B02568,47,1,54.0,2,1,2,Nouveaux acheteurs,True,True,False,Tournée ORBITE,BE
B02569,47,1,54.0,2,1,2,Nouveaux acheteurs,False,True,False,Tournée ORBITE,33
B02570,46,1,54.0,2,1,2,Nouveaux acheteurs,False,False,False,Tournée ORBITE,33
B02571,46,1,27.0,2,1,1,Nouveaux acheteurs,False,True,True,Tournée ORBITE,33
B02572,46,1,54.0,2,1,2,Nouveaux acheteurs,False,False,False,Tournée ORBITE,44
B02573,46,1,27.0,2,1,1,Nouveaux acheteurs,False,True,True,Tournée ORBITE,75
B02574,46,1,27.0,2,1,1,Nouveaux acheteurs,False,True,False,Tournée ORBITE,31
B02575,46,1,54.0,2,1,2,Nouveaux acheteurs,False,True,False,Tournée ORBITE,33
B02576,45,1,27.0,2,1,1,Nouveaux acheteurs,False,False,False,Tournée ORBITE,33
B02577,45,1,47.52,2,1,2,Nouveaux acheteurs,False,False,False,Tournée ORBITE,33
B02578,44,1,27.0,2,1,1,Nouveaux acheteurs,False,False,False,Tournée ORBITE,31
B02579,44,1,54.0,2,1,2,Nouveaux acheteurs,False,True,False,Tournée ORBITE,33
B02580,44,1,54.0,2,1,2,Nouveaux acheteurs,False,False,False,Tournée ORBITE,31
B02581,44,1,54.0,2,1,2,Nouveaux acheteurs,False,True,False,Tournée ORBITE,33
B02582,43,1,78.3,3,1,4,Gros paniers,False,False,True,Tournée ORBITE,44
B02583,43,1,78.3,3,1,4,Gros paniers,False,False,False,Tournée ORBITE,35
B02584,43,1,27.0,3,1,1,Nouveaux acheteurs,True,True,False,Tournée ORBITE,75
B02585,42,1,54.0,3,1,2,Nouveaux acheteurs,False,True,False,Tournée ORBITE,33
B02586,42,1,54.0,3,1,2,Nouveaux acheteurs,False,False,False,Tournée ORBITE,33
B02587,42,1,27.0,3,1,1,Nouveaux acheteurs,False,False,False,Tournée ORBITE,33
B02588,42,1,54.0,3,1,2,Nouveaux acheteurs,False,True,True,Tournée ORBITE,33
B02589,41,1,54.0,3,1,2,Nouveaux acheteurs,False,True,True,Tournée ORBITE,67
B02590,41,1,54.0,3,1,2,Nouveaux acheteurs,False,True,True,Tournée ORBITE,33
B02591,40,1,27.0,3,1,1,Nouveaux acheteurs,False,False,False,Tournée ORBITE,33
B02592,39,1,54.0,3,1,2,Nouveaux acheteurs,False,True,False,Tournée ORBITE,31
B02593,39,1,54.0,3,1,2,Nouveaux acheteurs,False,True,False,Tournée ORBITE,33
B02594,39,1,54.0,3,1,2,Nouveaux acheteurs,False,False,True,Tournée ORBITE,33
B02595,38,1,54.0,3,1,2,Nouveaux acheteurs,True,True,False,Tournée ORBITE,33
B02596,38,1,54.0,3,1,2,Nouveaux acheteurs,False,True,False,Tournée ORBITE,33
B02597,38,1,27.0,3,1,1,Nouveaux acheteurs,False,True,False,Tournée ORBITE,59
B02598,37,1,54.0,3,1,2,Nouveaux acheteurs,False,False,False,Tournée ORBITE,33
B02599,37,1,54.0,3,1,2,Nouveaux acheteurs,False,True,False,Tournée ORBITE,33
B02600,35,1,108.0,3,1,4,Gros paniers,False,True,False,Tournée ORBITE,33
B02601,22,2,82.0,4,2,4,Multi-dates,False,False,False,Tournée ORBITE,67
B02602,35,2,164.0,3,2,4,Multi-dates,False,True,False,Tournée ORBITE,33
B02603,35,1,54.0,3,1,2,Nouveaux acheteurs,False,False,True,Tournée ORBITE,59
B02604,34,1,117.45,3,1,4,Gros paniers,False,False,False,Tournée ORBITE,33
B02605,34,1,54.0,3,1,2,Nouveaux acheteurs,False,False,False,Tournée ORBITE,33
B02606,34,1,27.0,3,1,1,Nouveaux acheteurs,False,True,False,Tournée ORBITE,33
B02607,34,1,54.0,3,1,2,Nouveaux acheteurs,False,False,False,Tournée ORBITE,33
B02608,34,1,27.0,3,1,1,Nouveaux acheteurs,False,False,False,Tournée ORBITE,33
B02609,32,1,78.3,3,1,4,Gros paniers,False,True,True,Tournée ORBITE,33
B02610,31,1,54.0,3,1,2,Nouveaux acheteurs,False,True,False,Tournée ORBITE,34
B02611,31,1,27.0,3,1,1,Nouveaux acheteurs,False,True,False,Tournée ORBITE,33
B02612,30,1,54.0,3,1,2,Nouveaux acheteurs,False,False,False,Tournée ORBITE,75
B02613,30,1,54.0,3,1,2,Nouveaux acheteurs,False,True,True,Tournée ORBITE,33
B02614,30,1,54.0,3,1,2,Nouveaux acheteurs,False,False,False,Tournée ORBITE,33
B02615,30,1,54.0,3,1,2,Nouveaux acheteurs,False,True,False,Tournée ORBITE,33
B02616,30,1,54.0,3,1,2,Nouveaux acheteurs,False,False,False,Tournée ORBITE,59
B02617,29,1,81.0,3,1,4,Gros paniers,False,True,False,Tournée ORBITE,33
B02618,29,1,81.0,3,1,4,Gros paniers,False,False,True,Tournée ORBITE,33
B02619,29,1,27.0,3,1,1,Nouveaux acheteurs,True,True,False,Tournée ORBITE,33
B02620,29,2,94.6,3,2,4,Multi-dates,False,True,False,Tournée ORBITE,33
B02621,28,1,27.0,3,1,1,Nouveaux acheteurs,False,False,False,Tournée ORBITE,33
B02622,27,1,54.0,3,1,2,Nouveaux acheteurs,False,False,False,Tournée ORBITE,33
B02623,27,1,54.0,3,1,2,Nouveaux acheteurs,False,False,False,Tournée ORBITE,33
B02624,27,1,54.0,3,1,2,Nouveaux acheteurs,False,False,False,Tournée ORBITE,33
B02625,26,1,27.0,4,1,1,Nouveaux acheteurs,True,True,False,Tournée ORBITE,33
B02626,23,1,54.0,4,1,2,Nouveaux acheteurs,True,True,True,Tournée ORBITE,33
B02627,23,1,27.0,4,1,1,Nouveaux acheteurs,False,True,False,Tournée ORBITE,33
B02628,22,1,27.0,4,1,1,Nouveaux acheteurs,False,True,True,Tournée ORBITE,59
B02629,22,1,54.0,4,1,2,Nouveaux acheteurs,False,True,False,Tournée ORBITE,33
B02630,21,1,54.0,4,1,2,Nouveaux acheteurs,False,True,True,Tournée ORBITE,13
B02631,19,1,27.0,4,1,1,Nouveaux acheteurs,False,True,False,Tournée ORBITE,33
B02632,19,3,128.52,4,3,4,Multi-dates,False,True,False,Tournée ORBITE,59
B02633,18,1,54.0,4,1,2,Nouveaux acheteurs,False,True,False,Tournée ORBITE,33
B02634,17,1,54.0,4,1,2,Nouveaux acheteurs,False,True,True,Tournée ORBITE,33
B02635,17,1,54.0,4,1,2,Nouveaux acheteurs,False,False,False,Tournée ORBITE,33
B02636,17,1,54.0,4,1,2,Nouveaux acheteurs,False,True,False,Tournée ORBITE,33
B02637,16,1,27.0,4,1,1,Nouveaux acheteurs,False,False,False,Tournée ORBITE,33
B02638,16,1,27.0,4,1,1,Nouveaux acheteurs,False,True,False,Tournée ORBITE,33
B02639,15,1,27.0,4,1,1,Nouveaux acheteurs,False,False,True,Tournée ORBITE,33
B02640,14,1,54.0,4,1,2,Nouveaux acheteurs,False,True,False,Tournée ORBITE,75
B02641,14,1,54.0,4,1,2,Nouveaux acheteurs,False,False,True,Tournée ORBITE,33
B02642,14,1,27.0,4,1,1,Nouveaux acheteurs,False,False,False,Tournée ORBITE,33
B02643,13,1,54.0,4,1,2,Nouveaux acheteurs,False,True,False,Tournée ORBITE,69
B02644,13,1,78.3,4,1,4,Gros paniers,True,True,False,Tournée ORBITE,33
B02645,12,2,56.0,4,2,2,Multi-dates,True,True,False,Tournée ORBITE,69
B02646,12,1,54.0,4,1,2,Nouveaux acheteurs,False,False,False,Tournée ORBITE,33
B02647,12,1,27.0,4,1,1,Nouveaux acheteurs,False,True,False,Tournée ORBITE,33
B02648,12,1,54.0,4,1,2,Nouveaux acheteurs,False,True,False,Tournée ORBITE,33
B02649,11,1,54.0,4,1,2,Nouveaux acheteurs,False,True,False,Tournée ORBITE,33
B02650,10,1,54.0,4,1,2,Nouveaux acheteurs,False,True,False,Tournée ORBITE,67
B02651,10,1,27.0,4,1,1,Nouveaux acheteurs,False,True,False,Tournée ORBITE,33
B02652,10,1,78.3,4,1,4,Gros paniers,False,True,False,Tournée ORBITE,67
B02653,9,1,54.0,4,1,2,Nouveaux acheteurs,False,True,False,Tournée ORBITE,33
B02654,8,1,54.0,4,1,2,Nouveaux acheteurs,False,False,False,Tournée ORBITE,33
B02655,7,2,192.0,4,2,4,Multi-dates,True,True,False,Tournée ORBITE,33
B02656,6,1,54.0,4,1,2,Nouveaux acheteurs,False,True,False,Tournée ORBITE,33
B02657,6,2,162.0,4,2,4,Multi-dates,True,True,False,Tournée ORBITE,33
B02658,6,1,54.0,4,1,2,Nouveaux acheteurs,False,True,False,Tournée ORBITE,33
B02659,6,1,27.0,4,1,1,Nouveaux acheteurs,False,False,True,Tournée ORBITE,33
B02660,5,1,39.15,4,1,1,Nouveaux acheteurs,False,False,False,Tournée ORBITE,44
B02661,4,1,78.3,4,1,4,Gros paniers,True,True,False,Tournée ORBITE,33
B02662,4,1,54.0,4,1,2,Nouveaux acheteurs,False,True,False,Tournée ORBITE,33
B02663,4,1,81.0,4,1,4,Gros paniers,True,True,True,Tournée ORBITE,33
B02664,3,1,54.0,4,1,2,Nouveaux acheteurs,False,False,True,Tournée ORBITE,33
B02665,3,1,81.0,4,1,4,Gros paniers,False,False,False,Tournée ORBITE,69
B02666,2,1,27.0,4,1,1,Nouveaux acheteurs,False,False,False,Tournée ORBITE,33
B02667,2,1,54.0,4,1,2,Nouveaux acheteurs,False,False,False,Tournée ORBITE,BE
B02668,2,1,81.0,4,1,4,Gros paniers,False,False,False,Tournée ORBITE,33
B02669,1,1,54.0,4,1,2,Nouveaux acheteurs,False,True,True,Tournée ORBITE,33
B02670,1,1,47.52,4,1,2,Nouveaux acheteurs,False,True,False,Tournée ORBITE,33
B02671,56,1,49.28,1,1,2,Nouveaux acheteurs,False,True,False,Tournée ORBITE,31
B02672,56,1,49.28,1,1,2,Nouveaux acheteurs,False,True,False,Tournée ORBITE,31
B02673,56,1,49.28,1,1,2,Nouveaux acheteurs,False,True,False,Tournée ORBITE,69
B02674,56,1,81.2,1,1,4,Gros paniers,False,False,False,Tournée ORBITE,31
B02675,56,1,49.28,1,1,2,Nouveaux acheteurs,False,True,True,Tournée ORBITE,69
B02676,56,1,56.0,1,1,2,Nouveaux acheteurs,False,False,True,Tournée ORBITE,34
B02677,48,2,74.64,2,2,4,Multi-dates,False,False,False,Tournée ORBITE,31
B02678,56,1,56.0,1,1,2,Nouveaux acheteurs,False,True,False,Tournée ORBITE,31
B02679,56,1,56.0,1,1,2,Nouveaux acheteurs,False,True,False,Tournée ORBITE,59
B02680,56,1,49.28,1,1,2,Nouveaux acheteurs,False,True,False,Tournée ORBITE,31
B02681,56,1,56.0,1,1,2,Nouveaux acheteurs,False,True,False,Tournée ORBITE,44
B02682,56,1,28.0,1,1,1,Nouveaux acheteurs,False,True,False,Tournée ORBITE,31
B02683,56,1,28.0,1,1,1,Nouveaux acheteurs,False,True,False,Tournée ORBITE,31
B02684,56,1,81.2,1,1,4,Gros paniers,True,True,False,Tournée ORBITE,13
B02685,56,1,56.0,1,1,2,Nouveaux acheteurs,False,False,False,Tournée ORBITE,31
B02686,56,1,49.28,1,1,2,Nouveaux acheteurs,False,True,True,Tournée ORBITE,33
B02687,56,1,56.0,1,1,2,Nouveaux acheteurs,False,True,False,Tournée ORBITE,31
B02688,56,1,56.0,1,1,2,Nouveaux acheteurs,False,False,False,Tournée ORBITE,35
B02689,56,1,28.0,1,1,1,Nouveaux acheteurs,False,False,False,Tournée ORBITE,31
B02690,56,1,56.0,1,1,2,Nouveaux acheteurs,False,True,False,Tournée ORBITE,31
B02691,56,1,56.0,1,1,2,Nouveaux acheteurs,False,True,False,Tournée ORBITE,31
B02692,56,1,28.0,1,1,1,Nouveaux acheteurs,False,False,False,Tournée ORBITE,31
B02693,56,1,56.0,1,1,2,Nouveaux acheteurs,False,False,False,Tournée ORBITE,35
B02694,49,2,77.28,2,2,4,Multi-dates,False,False,False,Tournée ORBITE,31
B02695,56,1,49.28,1,1,2,Nouveaux acheteurs,False,False,False,Tournée ORBITE,31
B02696,23,2,110.0,4,2,4,Multi-dates,False,True,False,Tournée ORBITE,75
B02697,56,1,28.0,1,1,1,Nouveaux acheteurs,False,True,False,Tournée ORBITE,31
B02698,56,1,56.0,1,1,2,Nouveaux acheteurs,False,True,True,Tournée ORBITE,31
B02699,21,2,110.0,4,2,4,Multi-dates,False,True,False,Tournée ORBITE,31
B02700,50,2,84.0,2,2,4,Gros paniers,False,False,False,Tournée ORBITE,31
B02701,56,1,28.0,1,1,1,Nouveaux acheteurs,False,True,True,Tournée ORBITE,31
B02702,56,1,56.0,1,1,2,Nouveaux acheteurs,False,True,False,Tournée ORBITE,31
B02703,56,1,56.0,1,1,2,Nouveaux acheteurs,False,False,False,Tournée ORBITE,BE
B02704,56,1,49.28,1,1,2,Nouveaux acheteurs,False,False,False,Tournée ORBITE,59
B02705,35,2,82.0,3,2,4,Multi-dates,False,False,False,Tournée ORBITE,31
B02706,56,1,121.8,1,1,4,Gros paniers,False,True,False,Tournée ORBITE,31
B02707,56,1,56.0,1,1,2,Nouveaux acheteurs,False,False,True,Tournée ORBITE,35
B02708,56,1,112.0,1,1,4,Gros paniers,False,True,False,Tournée ORBITE,31
B02709,56,1,112.0,1,1,4,Gros paniers,False,False,False,Tournée ORBITE,31
B02710,56,1,56.0,1,1,2,Nouveaux acheteurs,True,True,True,Tournée ORBITE,31
B02711,56,1,56.0,1,1,2,Nouveaux acheteurs,False,True,False,Tournée ORBITE,69
B02712,56,1,28.0,1,1,1,Nouveaux acheteurs,False,False,False,Tournée ORBITE,31
B02713,55,1,56.0,2,1,2,Nouveaux acheteurs,False,True,False,Tournée ORBITE,67
B02714,55,1,28.0,2,1,1,Nouveaux acheteurs,True,True,True,Tournée ORBITE,31
B02715,55,1,49.28,2,1,2,Nouveaux acheteurs,False,True,False,Tournée ORBITE,31
B02716,55,1,49.28,2,1,2,Nouveaux acheteurs,True,True,False,Tournée ORBITE,31
B02717,55,1,49.28,2,1,2,Nouveaux acheteurs,False,True,False,Tournée ORBITE,31
B02718,55,1,28.0,2,1,1,Nouveaux acheteurs,False,True,False,Tournée ORBITE,31
B02719,55,1,56.0,2,1,2,Nouveaux acheteurs,False,True,False,Tournée ORBITE,33
B02720,55,1,28.0,2,1,1,Nouveaux acheteurs,False,True,False,Tournée ORBITE,31
B02721,55,1,81.2,2,1,4,Gros paniers,True,True,True,Tournée ORBITE,31
B02722,55,1,28.0,2,1,1,Nouveaux acheteurs,True,True,False,Tournée ORBITE,31
B02723,55,1,56.0,2,1,2,Nouveaux acheteurs,False,False,True,Tournée ORBITE,13
B02724,55,1,28.0,2,1,1,Nouveaux acheteurs,False,True,False,Tournée ORBITE,31
B02725,55,1,112.0,2,1,4,Gros paniers,False,True,True,Tournée ORBITE,75
B02726,55,1,49.28,2,1,2,Nouveaux acheteurs,False,False,False,Tournée ORBITE,31
B02727,55,1,56.0,2,1,2,Nouveaux acheteurs,False,True,False,Tournée ORBITE,31
B02728,55,1,28.0,2,1,1,Nouveaux acheteurs,False,False,True,Tournée ORBITE,31
B02729,55,1,28.0,2,1,1,Nouveaux acheteurs,False,True,False,Tournée ORBITE,31
B02730,55,1,56.0,2,1,2,Nouveaux acheteurs,False,False,False,Tournée ORBITE,31
B02731,55,1,56.0,2,1,2,Nouveaux acheteurs,True,True,True,Tournée ORBITE,31
B02732,55,1,84.0,2,1,4,Gros paniers,True,True,True,Tournée ORBITE,31
B02733,55,1,56.0,2,1,2,Nouveaux acheteurs,False,False,False,Tournée ORBITE,31
B02734,55,1,56.0,2,1,2,Nouveaux acheteurs,False,True,False,Tournée ORBITE,31
B02735,55,1,56.0,2,1,2,Nouveaux acheteurs,False,True,True,Tournée ORBITE,13
B02736,55,1,49.28,2,1,2,Nouveaux acheteurs,False,True,True,Tournée ORBITE,31
B02737,55,1,84.0,2,1,4,Gros paniers,False,False,True,Tournée ORBITE,31
B02738,55,1,24.64,2,1,1,Nouveaux acheteurs,False,True,False,Tournée ORBITE,BE
B02739,55,1,28.0,2,1,1,Nouveaux acheteurs,False,False,False,Tournée ORBITE,31
B02740,55,1,56.0,2,1,2,Nouveaux acheteurs,False,True,False,Tournée ORBITE,44
B02741,54,1,28.0,2,1,1,Nouveaux acheteurs,False,True,True,Tournée ORBITE,31
B02742,54,1,56.0,2,1,2,Nouveaux acheteurs,False,True,False,Tournée ORBITE,31
B02743,54,1,28.0,2,1,1,Nouveaux acheteurs,False,False,False,Tournée ORBITE,31
B02744,54,1,56.0,2,1,2,Nouveaux acheteurs,False,True,False,Tournée ORBITE,BE
B02745,54,1,56.0,2,1,2,Nouveaux acheteurs,False,True,False,Tournée ORBITE,31
B02746,54,1,81.2,2,1,4,Gros paniers,False,True,False,Tournée ORBITE,31
B02747,54,1,28.0,2,1,1,Nouveaux acheteurs,False,False,True,Tournée ORBITE,31
B02748,54,1,56.0,2,1,2,Nouveaux acheteurs,False,False,False,Tournée ORBITE,31
B02749,49,2,109.0,2,2,4,Multi-dates,True,True,False,Tournée ORBITE,31
B02750,54,1,24.64,2,1,1,Nouveaux acheteurs,False,True,False,Tournée ORBITE,33
B02751,54,1,84.0,2,1,4,Gros paniers,False,False,False,Tournée ORBITE,31
B02752,54,1,28.0,2,1,1,Nouveaux acheteurs,False,True,True,Tournée ORBITE,31
B02753,54,1,28.0,2,1,1,Nouveaux acheteurs,False,False,False,Tournée ORBITE,31
B02754,54,1,56.0,2,1,2,Nouveaux acheteurs,False,False,True,Tournée ORBITE,31
B02755,54,1,84.0,2,1,4,Gros paniers,False,False,False,Tournée ORBITE,31
B02756,54,1,56.0,2,1,2,Nouveaux acheteurs,False,False,False,Tournée ORBITE,31
B02757,54,1,56.0,2,1,2,Nouveaux acheteurs,False,False,False,Tournée ORBITE,31
B02758,54,1,56.0,2,1,2,Nouveaux acheteurs,False,False,False,Tournée ORBITE,31
B02759,53,1,84.0,2,1,4,Gros paniers,False,True,False,Tournée ORBITE,31
B02760,53,1,28.0,2,1,1,Nouveaux acheteurs,False,True,False,Tournée ORBITE,31
B02761,53,1,56.0,2,1,2,Nouveaux acheteurs,False,True,False,Tournée ORBITE,31
B02762,34,2,140.0,3,2,4,Gros paniers,False,False,False,Tournée ORBITE,31
B02763,53,1,56.0,2,1,2,Nouveaux acheteurs,False,True,True,Tournée ORBITE,31
B02764,53,1,56.0,2,1,2,Nouveaux acheteurs,False,False,False,Tournée ORBITE,31
B02765,53,1,84.0,2,1,4,Gros paniers,False,False,False,Tournée ORBITE,31
B02766,53,1,56.0,2,1,2,Nouveaux acheteurs,False,False,False,Tournée ORBITE,31
B02767,53,1,28.0,2,1,1,Nouveaux acheteurs,False,True,False,Tournée ORBITE,BE
B02768,53,1,56.0,2,1,2,Nouveaux acheteurs,False,True,False,Tournée ORBITE,31
B02769,53,1,24.64,2,1,1,Nouveaux acheteurs,False,True,True,Tournée ORBITE,31
B02770,53,1,56.0,2,1,2,Nouveaux acheteurs,False,True,False,Tournée ORBITE,31
B02771,50,2,84.0,2,2,4,Gros paniers,False,True,True,Tournée ORBITE,31
B02772,53,1,28.0,2,1,1,Nouveaux acheteurs,False,False,False,Tournée ORBITE,31
B02773,53,1,28.0,2,1,1,Nouveaux acheteurs,False,True,False,Tournée ORBITE,31
B02774,53,1,28.0,2,1,1,Nouveaux acheteurs,False,True,True,Tournée ORBITE,31
B02775,53,1,49.28,2,1,2,Nouveaux acheteurs,False,False,False,Tournée ORBITE,31
B02776,53,1,49.28,2,1,2,Nouveaux acheteurs,False,False,False,Tournée ORBITE,31
B02777,53,1,49.28,2,1,2,Nouveaux acheteurs,False,True,False,Tournée ORBITE,31
B02778,53,1,24.64,2,1,1,Nouveaux acheteurs,True,True,False,Tournée ORBITE,31
B02779,52,1,28.0,2,1,1,Nouveaux acheteurs,False,False,False,Tournée ORBITE,31
B02780,52,1,56.0,2,1,2,Nouveaux acheteurs,True,True,True,Tournée ORBITE,31
B02781,52,1,28.0,2,1,1,Nouveaux acheteurs,True,True,False,Tournée ORBITE,35
B02782,52,1,56.0,2,1,2,Nouveaux acheteurs,False,True,False,Tournée ORBITE,31
B02783,52,1,56.0,2,1,2,Nouveaux acheteurs,True,True,True,Tournée ORBITE,31
B02784,52,1,56.0,2,1,2,Nouveaux acheteurs,False,True,False,Tournée ORBITE,31
B02785,52,1,56.0,2,1,2,Nouveaux acheteurs,False,False,False,Tournée ORBITE,31
B02786,52,1,24.64,2,1,1,Nouveaux acheteurs,False,True,True,Tournée ORBITE,31
B02787,52,1,28.0,2,1,1,Nouveaux acheteurs,False,True,False,Tournée ORBITE,31
B02788,52,1,56.0,2,1,2,Nouveaux acheteurs,False,True,False,Tournée ORBITE,31
B02789,52,1,56.0,2,1,2,Nouveaux acheteurs,False,False,False,Tournée ORBITE,31
B02790,52,1,49.28,2,1,2,Nouveaux acheteurs,True,True,False,Tournée ORBITE,33
B02791,52,1,28.0,2,1,1,Nouveaux acheteurs,False,True,False,Tournée ORBITE,31
B02792,52,1,56.0,2,1,2,Nouveaux acheteurs,True,True,True,Tournée ORBITE,31
B02793,52,1,28.0,2,1,1,Nouveaux acheteurs,False,True,False,Tournée ORBITE,31
B02794,52,1,56.0,2,1,2,Nouveaux acheteurs,False,True,False,Tournée ORBITE,31
B02795,52,1,56.0,2,1,2,Nouveaux acheteurs,False,False,False,Tournée ORBITE,31
B02796,52,1,56.0,2,1,2,Nouveaux acheteurs,False,True,True,Tournée ORBITE,31
B02797,52,1,56.0,2,1,2,Nouveaux acheteurs,True,True,False,Tournée ORBITE,31
B02798,52,1,28.0,2,1,1,Nouveaux acheteurs,False,True,False,Tournée ORBITE,31
B02799,52,1,24.64,2,1,1,Nouveaux acheteurs,True,True,False,Tournée ORBITE,31
B02800,52,1,28.0,2,1,1,Nouveaux acheteurs,True,True,False,Tournée ORBITE,31
B02801,52,1,84.0,2,1,4,Gros paniers,False,True,True,Tournée ORBITE,34
B02802,52,1,56.0,2,1,2,Nouveaux acheteurs,False,False,False,Tournée ORBITE,31
B02803,29,2,187.0,3,2,4,Multi-dates,False,False,False,Tournée ORBITE,31
B02804,21,2,105.28,4,2,4,Gros paniers,False,True,False,Tournée ORBITE,BE
B02805,29,2,55.0,3,2,2,Multi-dates,False,True,False,Tournée ORBITE,31
B02806,52,1,81.2,2,1,4,Gros paniers,True,True,False,Tournée ORBITE,31
B02807,52,1,28.0,2,1,1,Nouveaux acheteurs,False,False,False,Tournée ORBITE,59
B02808,51,1,56.0,2,1,2,Nouveaux acheteurs,False,True,False,Tournée ORBITE,31
B02809,51,1,28.0,2,1,1,Nouveaux acheteurs,False,True,False,Tournée ORBITE,31
B02810,51,1,56.0,2,1,2,Nouveaux acheteurs,False,False,False,Tournée ORBITE,31
B02811,51,1,28.0,2,1,1,Nouveaux acheteurs,False,False,True,Tournée ORBITE,67
B02812,51,1,56.0,2,1,2,Nouveaux acheteurs,False,True,False,Tournée ORBITE,33
B02813,51,1,28.0,2,1,1,Nouveaux acheteurs,True,True,False,Tournée ORBITE,31
B02814,51,1,81.2,2,1,4,Gros paniers,True,True,False,Tournée ORBITE,31
B02815,51,1,28.0,2,1,1,Nouveaux acheteurs,False,True,False,Tournée ORBITE,31
B02816,51,1,40.6,2,1,1,Nouveaux acheteurs,False,False,False,Tournée ORBITE,31
B02817,51,1,56.0,2,1,2,Nouveaux acheteurs,False,True,False,Tournée ORBITE,31
B02818,51,1,49.28,2,1,2,Nouveaux acheteurs,False,True,False,Tournée ORBITE,BE
B02819,51,1,56.0,2,1,2,Nouveaux acheteurs,False,True,False,Tournée ORBITE,31
B02820,51,1,56.0,2,1,2,Nouveaux acheteurs,False,True,False,Tournée ORBITE,31
B02821,50,1,28.0,2,1,1,Nouveaux acheteurs,False,True,False,Tournée ORBITE,67
B02822,50,1,56.0,2,1,2,Nouveaux acheteurs,True,True,False,Tournée ORBITE,31
B02823,50,1,28.0,2,1,1,Nouveaux acheteurs,False,True,True,Tournée ORBITE,31
B02824,50,1,81.2,2,1,4,Gros paniers,True,True,False,Tournée ORBITE,31
B02825,50,1,49.28,2,1,2,Nouveaux acheteurs,True,True,False,Tournée ORBITE,31
B02826,50,1,56.0,2,1,2,Nouveaux acheteurs,False,True,True,Tournée ORBITE,31
B02827,50,1,28.0,2,1,1,Nouveaux acheteurs,False,True,False,Tournée ORBITE,31
B02828,50,1,24.64,2,1,1,Nouveaux acheteurs,False,True,False,Tournée ORBITE,67
B02829,50,1,56.0,2,1,2,Nouveaux acheteurs,False,False,True,Tournée ORBITE,31
B02830,50,1,84.0,2,1,4,Gros paniers,False,True,True,Tournée ORBITE,31
B02831,50,1,28.0,2,1,1,Nouveaux acheteurs,False,True,False,Tournée ORBITE,75
B02832,50,1,56.0,2,1,2,Nouveaux acheteurs,False,False,False,Tournée ORBITE,31
B02833,50,1,49.28,2,1,2,Nouveaux acheteurs,False,True,False,Tournée ORBITE,BE
B02834,50,1,24.64,2,1,1,Nouveaux acheteurs,False,True,False,Tournée ORBITE,31
B02835,49,1,84.0,2,1,4,Gros paniers,False,False,False,Tournée ORBITE,31
B02836,49,1,56.0,2,1,2,Nouveaux acheteurs,False,True,False,Tournée ORBITE,67
B02837,49,1,56.0,2,1,2,Nouveaux acheteurs,False,True,False,Tournée ORBITE,31
B02838,49,1,28.0,2,1,1,Nouveaux acheteurs,False,True,True,Tournée ORBITE,31
B02839,49,1,28.0,2,1,1,Nouveaux acheteurs,False,True,False,Tournée ORBITE,59
B02840,49,1,28.0,2,1,1,Nouveaux acheteurs,False,True,False,Tournée ORBITE,31
B02841,49,1,28.0,2,1,1,Nouveaux acheteurs,True,True,True,Tournée ORBITE,33
B02842,49,1,56.0,2,1,2,Nouveaux acheteurs,False,True,False,Tournée ORBITE,31
B02843,49,1,56.0,2,1,2,Nouveaux acheteurs,False,True,False,Tournée ORBITE,31
B02844,35,2,126.05,3,2,4,Multi-dates,False,True,False,Tournée ORBITE,31
B02845,49,1,56.0,2,1,2,Nouveaux acheteurs,False,False,False,Tournée ORBITE,31
B02846,49,1,56.0,2,1,2,Nouveaux acheteurs,False,False,True,Tournée ORBITE,34
B02847,49,1,56.0,2,1,2,Nouveaux acheteurs,False,True,True,Tournée ORBITE,31
B02848,49,1,28.0,2,1,1,Nouveaux acheteurs,False,False,False,Tournée ORBITE,31
B02849,49,1,56.0,2,1,2,Nouveaux acheteurs,False,False,False,Tournée ORBITE,31
B02850,49,1,84.0,2,1,4,Gros paniers,False,True,True,Tournée ORBITE,34
B02851,49,1,28.0,2,1,1,Nouveaux acheteurs,False,True,False,Tournée ORBITE,31
B02852,48,1,56.0,2,1,2,Nouveaux acheteurs,False,False,False,Tournée ORBITE,31
B02853,48,1,84.0,2,1,4,Gros paniers,True,True,False,Tournée ORBITE,31
B02854,40,2,112.0,3,2,4,Gros paniers,False,True,False,Tournée ORBITE,13
B02855,48,1,56.0,2,1,2,Nouveaux acheteurs,False,False,False,Tournée ORBITE,31
B02856,48,1,56.0,2,1,2,Nouveaux acheteurs,False,False,True,Tournée ORBITE,31
B02857,48,1,28.0,2,1,1,Nouveaux acheteurs,True,True,False,Tournée ORBITE,13
B02858,48,1,28.0,2,1,1,Nouveaux acheteurs,False,False,True,Tournée ORBITE,31
B02859,48,1,81.2,2,1,4,Gros paniers,False,True,True,Tournée ORBITE,31
B02860,48,1,81.2,2,1,4,Gros paniers,False,False,False,Tournée ORBITE,31
B02861,48,1,56.0,2,1,2,Nouveaux acheteurs,False,True,False,Tournée ORBITE,13
B02862,48,1,28.0,2,1,1,Nouveaux acheteurs,True,True,False,Tournée ORBITE,31
B02863,48,1,56.0,2,1,2,Nouveaux acheteurs,False,True,True,Tournée ORBITE,31
B02864,47,1,56.0,2,1,2,Nouveaux acheteurs,False,False,False,Tournée ORBITE,31
B02865,47,1,56.0,2,1,2,Nouveaux acheteurs,False,True,False,Tournée ORBITE,31
B02866,47,1,56.0,2,1,2,Nouveaux acheteurs,False,True,False,Tournée ORBITE,31
B02867,47,1,56.0,2,1,2,Nouveaux acheteurs,False,True,True,Tournée ORBITE,31
B02868,47,1,28.0,2,1,1,Nouveaux acheteurs,False,False,True,Tournée ORBITE,31
B02869,47,1,56.0,2,1,2,Nouveaux acheteurs,False,True,False,Tournée ORBITE,31
B02870,47,1,28.0,2,1,1,Nouveaux acheteurs,False,True,False,Tournée ORBITE,31
B02871,47,1,28.0,2,1,1,Nouveaux acheteurs,False,True,False,Tournée ORBITE,31
B02872,47,1,56.0,2,1,2,Nouveaux acheteurs,True,True,False,Tournée ORBITE,31
B02873,46,1,56.0,2,1,2,Nouveaux acheteurs,False,False,True,Tournée ORBITE,69
B02874,38,2,54.0,3,2,2,Multi-dates,True,True,True,Tournée ORBITE,31
B02875,46,1,56.0,2,1,2,Nouveaux acheteurs,False,False,False,Tournée ORBITE,31
B02876,46,1,56.0,2,1,2,Nouveaux acheteurs,False,True,False,Tournée ORBITE,31
B02877,46,1,28.0,2,1,1,Nouveaux acheteurs,False,False,False,Tournée ORBITE,13
B02878,46,1,56.0,2,1,2,Nouveaux acheteurs,False,True,False,Tournée ORBITE,31
B02879,45,1,56.0,2,1,2,Nouveaux acheteurs,False,True,False,Tournée ORBITE,31
B02880,45,1,112.0,2,1,4,Gros paniers,False,True,False,Tournée ORBITE,31
B02881,45,1,162.4,2,1,4,Gros paniers,False,True,False,Tournée ORBITE,31
B02882,45,1,56.0,2,1,2,Nouveaux acheteurs,False,False,False,Tournée ORBITE,31
B02883,45,2,106.0,2,2,4,Multi-dates,False,False,True,Tournée ORBITE,31
B02884,44,1,56.0,2,1,2,Nouveaux acheteurs,True,True,False,Tournée ORBITE,31
B02885,44,1,56.0,2,1,2,Nouveaux acheteurs,False,True,False,Tournée ORBITE,31
B02886,30,2,114.0,3,2,4,Multi-dates,False,True,False,Tournée ORBITE,31
B02887,44,1,84.0,2,1,4,Gros paniers,True,True,False,Tournée ORBITE,31
B02888,43,1,28.0,3,1,1,Nouveaux acheteurs,True,True,True,Tournée ORBITE,31
B02889,43,1,56.0,3,1,2,Nouveaux acheteurs,False,False,False,Tournée ORBITE,31
B02890,43,1,56.0,3,1,2,Nouveaux acheteurs,False,False,False,Tournée ORBITE,13
B02891,43,1,56.0,3,1,2,Nouveaux acheteurs,False,True,False,Tournée ORBITE,31
B02892,42,1,56.0,3,1,2,Nouveaux acheteurs,True,True,True,Tournée ORBITE,31
B02893,42,1,56.0,3,1,2,Nouveaux acheteurs,False,True,False,Tournée ORBITE,31
B02894,42,1,56.0,3,1,2,Nouveaux acheteurs,False,False,False,Tournée ORBITE,31
B02895,42,1,56.0,3,1,2,Nouveaux acheteurs,False,False,False,Tournée ORBITE,75
B02896,42,1,28.0,3,1,1,Nouveaux acheteurs,False,True,False,Tournée ORBITE,31
B02897,42,1,28.0,3,1,1,Nouveaux acheteurs,False,True,True,Tournée ORBITE,13
B02898,42,1,28.0,3,1,1,Nouveaux acheteurs,False,True,True,Tournée ORBITE,31
B02899,40,2,106.0,3,2,4,Multi-dates,True,True,False,Tournée ORBITE,31
B02900,41,1,28.0,3,1,1,Nouveaux acheteurs,False,True,False,Tournée ORBITE,69
B02901,22,2,112.0,4,2,4,Multi-dates,False,True,False,Tournée ORBITE,31
B02902,41,1,56.0,3,1,2,Nouveaux acheteurs,False,True,False,Tournée ORBITE,31
B02903,41,1,56.0,3,1,2,Nouveaux acheteurs,False,True,True,Tournée ORBITE,31
B02904,41,1,84.0,3,1,4,Gros paniers,False,True,False,Tournée ORBITE,13
B02905,41,1,56.0,3,1,2,Nouveaux acheteurs,False,True,False,Tournée ORBITE,31
B02906,40,1,56.0,3,1,2,Nouveaux acheteurs,False,True,False,Tournée ORBITE,59
B02907,40,1,40.6,3,1,1,Nouveaux acheteurs,False,False,True,Tournée ORBITE,31
B02908,39,1,56.0,3,1,2,Nouveaux acheteurs,False,False,True,Tournée ORBITE,31
B02909,39,1,84.0,3,1,4,Gros paniers,False,False,False,Tournée ORBITE,31
B02910,39,1,56.0,3,1,2,Nouveaux acheteurs,False,True,False,Tournée ORBITE,31
B02911,39,1,56.0,3,1,2,Nouveaux acheteurs,False,True,False,Tournée ORBITE,31
B02912,39,1,56.0,3,1,2,Nouveaux acheteurs,False,True,False,Tournée ORBITE,31
B02913,39,1,56.0,3,1,2,Nouveaux acheteurs,False,True,True,Tournée ORBITE,31
B02914,4,2,112.0,4,2,4,Gros paniers,False,False,True,Tournée ORBITE,67
B02915,38,1,28.0,3,1,1,Nouveaux acheteurs,False,True,False,Tournée ORBITE,31
B02916,38,1,56.0,3,1,2,Nouveaux acheteurs,False,True,False,Tournée ORBITE,31
B02917,38,1,81.2,3,1,4,Gros paniers,False,True,False,Tournée ORBITE,31
B02918,38,1,56.0,3,1,2,Nouveaux acheteurs,False,True,False,Tournée ORBITE,31
B02919,37,1,56.0,3,1,2,Nouveaux acheteurs,False,True,False,Tournée ORBITE,31
B02920,37,1,56.0,3,1,2,Nouveaux acheteurs,False,True,False,Tournée ORBITE,31
B02921,37,1,28.0,3,1,1,Nouveaux acheteurs,False,True,False,Tournée ORBITE,31
B02922,37,1,28.0,3,1,1,Nouveaux acheteurs,False,True,False,Tournée ORBITE,31
B02923,36,1,81.2,3,1,4,Gros paniers,False,False,False,Tournée ORBITE,31
B02924,36,1,56.0,3,1,2,Nouveaux acheteurs,False,False,False,Tournée ORBITE,31
B02925,36,1,56.0,3,1,2,Nouveaux acheteurs,False,True,True,Tournée ORBITE,31
B02926,36,1,112.0,3,1,4,Gros paniers,False,True,True,Tournée ORBITE,31
B02927,35,1,56.0,3,1,2,Nouveaux acheteurs,False,True,False,Tournée ORBITE,69
B02928,35,1,56.0,3,1,2,Nouveaux acheteurs,False,True,True,Tournée ORBITE,31
B02929,35,1,24.64,3,1,1,Nouveaux acheteurs,False,False,False,Tournée ORBITE,31
B02930,35,1,28.0,3,1,1,Nouveaux acheteurs,False,True,False,Tournée ORBITE,44
B02931,35,1,56.0,3,1,2,Nouveaux acheteurs,False,True,False,Tournée ORBITE,31
B02932,34,1,28.0,3,1,1,Nouveaux acheteurs,False,False,True,Tournée ORBITE,31
B02933,34,1,56.0,3,1,2,Nouveaux acheteurs,True,True,True,Tournée ORBITE,31
B02934,34,1,28.0,3,1,1,Nouveaux acheteurs,False,True,True,Tournée ORBITE,31
B02935,34,1,56.0,3,1,2,Nouveaux acheteurs,False,True,False,Tournée ORBITE,31
B02936,33,1,56.0,3,1,2,Nouveaux acheteurs,False,True,False,Tournée ORBITE,59
B02937,33,1,28.0,3,1,1,Nouveaux acheteurs,False,True,True,Tournée ORBITE,31
B02938,33,1,56.0,3,1,2,Nouveaux acheteurs,False,True,False,Tournée ORBITE,31
B02939,32,1,56.0,3,1,2,Nouveaux acheteurs,False,True,False,Tournée ORBITE,31
B02940,31,1,56.0,3,1,2,Nouveaux acheteurs,True,True,False,Tournée ORBITE,31
B02941,31,1,56.0,3,1,2,Nouveaux acheteurs,False,True,False,Tournée ORBITE,BE
B02942,31,2,84.0,3,2,4,Multi-dates,True,True,False,Tournée ORBITE,31
B02943,30,1,56.0,3,1,2,Nouveaux acheteurs,False,True,False,Tournée ORBITE,31
B02944,29,1,56.0,3,1,2,Nouveaux acheteurs,False,True,False,Tournée ORBITE,31
B02945,29,2,82.0,3,2,4,Multi-dates,False,True,True,Tournée ORBITE,31
B02946,28,1,28.0,3,1,1,Nouveaux acheteurs,True,True,False,Tournée ORBITE,31
B02947,28,1,24.64,3,1,1,Nouveaux acheteurs,False,True,False,Tournée ORBITE,31
B02948,27,1,56.0,3,1,2,Nouveaux acheteurs,False,False,False,Tournée ORBITE,31
B02949,27,1,56.0,3,1,2,Nouveaux acheteurs,False,True,True,Tournée ORBITE,31
B02950,27,1,28.0,3,1,1,Nouveaux acheteurs,False,False,False,Tournée ORBITE,44
B02951,26,1,56.0,4,1,2,Nouveaux acheteurs,False,True,False,Tournée ORBITE,31
B02952,26,1,56.0,4,1,2,Nouveaux acheteurs,False,True,False,Tournée ORBITE,31
B02953,26,1,28.0,4,1,1,Nouveaux acheteurs,False,False,False,Tournée ORBITE,31
B02954,26,1,56.0,4,1,2,Nouveaux acheteurs,False,True,False,Tournée ORBITE,31
B02955,25,1,56.0,4,1,2,Nouveaux acheteurs,False,True,False,Tournée ORBITE,31
B02956,25,1,81.2,4,1,4,Gros paniers,False,True,False,Tournée ORBITE,31
B02957,25,1,81.2,4,1,4,Gros paniers,True,True,False,Tournée ORBITE,31
B02958,25,1,56.0,4,1,2,Nouveaux acheteurs,False,True,False,Tournée ORBITE,31
B02959,25,1,56.0,4,1,2,Nouveaux acheteurs,False,True,False,Tournée ORBITE,31
B02960,25,1,56.0,4,1,2,Nouveaux acheteurs,False,False,False,Tournée ORBITE,31
B02961,24,1,56.0,4,1,2,Nouveaux acheteurs,False,False,False,Tournée ORBITE,31
B02962,24,1,28.0,4,1,1,Nouveaux acheteurs,False,True,True,Tournée ORBITE,31
B02963,24,1,81.2,4,1,4,Gros paniers,False,False,False,Tournée ORBITE,33
B02964,24,1,56.0,4,1,2,Nouveaux acheteurs,False,False,True,Tournée ORBITE,31
B02965,23,1,56.0,4,1,2,Nouveaux acheteurs,False,False,True,Tournée ORBITE,31
B02966,23,1,56.0,4,1,2,Nouveaux acheteurs,False,True,False,Tournée ORBITE,31
B02967,22,1,56.0,4,1,2,Nouveaux acheteurs,False,False,True,Tournée ORBITE,75
B02968,22,1,56.0,4,1,2,Nouveaux acheteurs,False,True,False,Tournée ORBITE,31
B02969,22,1,28.0,4,1,1,Nouveaux acheteurs,False,True,False,Tournée ORBITE,44
B02970,21,1,56.0,4,1,2,Nouveaux acheteurs,False,True,False,Tournée ORBITE,31
B02971,21,1,56.0,4,1,2,Nouveaux acheteurs,False,True,False,Tournée ORBITE,31
B02972,21,1,56.0,4,1,2,Nouveaux acheteurs,False,True,False,Tournée ORBITE,75
B02973,21,1,56.0,4,1,2,Nouveaux acheteurs,False,False,True,Tournée ORBITE,31
B02974,21,1,81.2,4,1,4,Gros paniers,False,False,False,Tournée ORBITE,31
B02975,21,1,84.0,4,1,4,Gros paniers,True,True,False,Tournée ORBITE,31
B02976,20,1,81.2,4,1,4,Gros paniers,False,False,False,Tournée ORBITE,31
B02977,20,2,166.0,4,2,4,Multi-dates,False,True,False,Tournée ORBITE,31
B02978,19,1,56.0,4,1,2,Nouveaux acheteurs,False,True,False,Tournée ORBITE,31
B02979,19,1,28.0,4,1,1,Nouveaux acheteurs,False,False,True,Tournée ORBITE,31
B02980,19,1,56.0,4,1,2,Nouveaux acheteurs,False,False,True,Tournée ORBITE,44
B02981,19,1,56.0,4,1,2,Nouveaux acheteurs,False,False,False,Tournée ORBITE,31
B02982,19,1,56.0,4,1,2,Nouveaux acheteurs,False,True,False,Tournée ORBITE,31
B02983,19,1,56.0,4,1,2,Nouveaux acheteurs,False,False,True,Tournée ORBITE,31
B02984,19,1,56.0,4,1,2,Nouveaux acheteurs,False,False,False,Tournée ORBITE,35
B02985,19,1,56.0,4,1,2,Nouveaux acheteurs,False,True,False,Tournée ORBITE,31
B02986,18,1,28.0,4,1,1,Nouveaux acheteurs,False,False,False,Tournée ORBITE,31
B02987,17,1,84.0,4,1,4,Gros paniers,False,True,False,Tournée ORBITE,31
B02988,16,1,28.0,4,1,1,Nouveaux acheteurs,False,True,False,Tournée ORBITE,31
B02989,16,1,56.0,4,1,2,Nouveaux acheteurs,False,True,False,Tournée ORBITE,31
B02990,16,1,56.0,4,1,2,Nouveaux acheteurs,False,True,False,Tournée ORBITE,31
B02991,15,1,56.0,4,1,2,Nouveaux acheteurs,False,False,False,Tournée ORBITE,31
B02992,15,1,56.0,4,1,2,Nouveaux acheteurs,True,True,False,Tournée ORBITE,31
B02993,15,1,28.0,4,1,1,Nouveaux acheteurs,False,False,False,Tournée ORBITE,35
B02994,15,1,56.0,4,1,2,Nouveaux acheteurs,False,True,False,Tournée ORBITE,31
B02995,15,1,81.2,4,1,4,Gros paniers,False,True,False,Tournée ORBITE,31
B02996,14,1,28.0,4,1,1,Nouveaux acheteurs,False,False,False,Tournée ORBITE,31
B02997,14,1,56.0,4,1,2,Nouveaux acheteurs,False,True,True,Tournée ORBITE,75
B02998,14,1,28.0,4,1,1,Nouveaux acheteurs,False,True,False,Tournée ORBITE,31
B02999,14,1,56.0,4,1,2,Nouveaux acheteurs,False,True,False,Tournée ORBITE,31
B03000,13,1,81.2,4,1,4,Gros paniers,False,True,False,Tournée ORBITE,31
B03001,13,1,56.0,4,1,2,Nouveaux acheteurs,False,False,False,Tournée ORBITE,31
B03002,12,1,56.0,4,1,2,Nouveaux acheteurs,False,True,False,Tournée ORBITE,31
B03003,12,1,81.2,4,1,4,Gros paniers,False,True,False,Tournée ORBITE,31
B03004,12,1,56.0,4,1,2,Nouveaux acheteurs,False,False,False,Tournée ORBITE,31
B03005,11,1,56.0,4,1,2,Nouveaux acheteurs,False,False,True,Tournée ORBITE,67
B03006,11,1,28.0,4,1,1,Nouveaux acheteurs,True,True,False,Tournée ORBITE,31
B03007,11,2,136.0,4,2,4,Multi-dates,False,False,False,Tournée ORBITE,31
B03008,11,1,28.0,4,1,1,Nouveaux acheteurs,False,True,False,Tournée ORBITE,31
B03009,11,1,24.64,4,1,1,Nouveaux acheteurs,False,True,True,Tournée ORBITE,31
B03010,11,1,28.0,4,1,1,Nouveaux acheteurs,False,False,False,Tournée ORBITE,31
B03011,10,1,84.0,4,1,4,Gros paniers,False,False,False,Tournée ORBITE,31
B03012,10,1,56.0,4,1,2,Nouveaux acheteurs,False,True,False,Tournée ORBITE,35
B03013,10,1,56.0,4,1,2,Nouveaux acheteurs,False,True,False,Tournée ORBITE,31
B03014,10,1,56.0,4,1,2,Nouveaux acheteurs,False,True,False,Tournée ORBITE,31
B03015,9,1,56.0,4,1,2,Nouveaux acheteurs,False,True,False,Tournée ORBITE,67
B03016,9,2,84.0,4,2,4,Multi-dates,False,False,False,Tournée ORBITE,31
B03017,9,1,56.0,4,1,2,Nouveaux acheteurs,False,True,False,Tournée ORBITE,31
B03018,8,1,56.0,4,1,2,Nouveaux acheteurs,False,True,False,Tournée ORBITE,31
B03019,7,1,84.0,4,1,4,Gros paniers,False,True,False,Tournée ORBITE,31
B03020,7,1,56.0,4,1,2,Nouveaux acheteurs,False,True,False,Tournée ORBITE,69
B03021,7,1,28.0,4,1,1,Nouveaux acheteurs,False,True,False,Tournée ORBITE,31
B03022,7,1,28.0,4,1,1,Nouveaux acheteurs,False,False,False,Tournée ORBITE,31
B03023,7,1,56.0,4,1,2,Nouveaux acheteurs,False,True,False,Tournée ORBITE,31
B03024,7,1,56.0,4,1,2,Nouveaux acheteurs,True,True,False,Tournée ORBITE,BE
B03025,6,1,56.0,4,1,2,Nouveaux acheteurs,False,False,False,Tournée ORBITE,13
B03026,6,1,84.0,4,1,4,Gros paniers,False,True,False,Tournée ORBITE,31
B03027,6,1,81.2,4,1,4,Gros paniers,False,False,False,Tournée ORBITE,31
B03028,6,1,56.0,4,1,2,Nouveaux acheteurs,False,False,False,Tournée ORBITE,31
B03029,6,1,56.0,4,1,2,Nouveaux acheteurs,False,False,True,Tournée ORBITE,69
B03030,6,1,56.0,4,1,2,Nouveaux acheteurs,False,True,False,Tournée ORBITE,31
B03031,6,1,56.0,4,1,2,Nouveaux acheteurs,False,True,False,Tournée ORBITE,75
B03032,6,1,56.0,4,1,2,Nouveaux acheteurs,False,False,False,Tournée ORBITE,31
B03033,4,1,56.0,4,1,2,Nouveaux acheteurs,False,False,False,Tournée ORBITE,31
B03034,4,1,56.0,4,1,2,Nouveaux acheteurs,False,True,True,Tournée ORBITE,31
B03035,4,1,56.0,4,1,2,Nouveaux acheteurs,False,False,False,Tournée ORBITE,31
B03036,4,1,56.0,4,1,2,Nouveaux acheteurs,False,True,False,Tournée ORBITE,31
B03037,4,1,81.2,4,1,4,Gros paniers,False,True,False,Tournée ORBITE,13
B03038,3,1,28.0,4,1,1,Nouveaux acheteurs,False,True,False,Tournée ORBITE,69
B03039,3,1,40.6,4,1,1,Nouveaux acheteurs,False,False,False,Tournée ORBITE,13
B03040,3,1,56.0,4,1,2,Nouveaux acheteurs,False,True,False,Tournée ORBITE,67
B03041,3,1,56.0,4,1,2,Nouveaux acheteurs,False,True,False,Tournée ORBITE,31
B03042,2,1,56.0,4,1,2,Nouveaux acheteurs,False,False,False,Tournée ORBITE,31
B03043,2,1,28.0,4,1,1,Nouveaux acheteurs,False,True,False,Tournée ORBITE,35
B03044,2,1,56.0,4,1,2,Nouveaux acheteurs,False,False,False,Tournée ORBITE,69
B03045,2,1,81.2,4,1,4,Gros paniers,True,True,False,Tournée ORBITE,31
B03046,2,1,28.0,4,1,1,Nouveaux acheteurs,False,True,False,Tournée ORBITE,31
B03047,2,1,56.0,4,1,2,Nouveaux acheteurs,False,True,False,Tournée ORBITE,31
B03048,2,1,56.0,4,1,2,Nouveaux acheteurs,False,False,False,Tournée ORBITE,BE
B03049,1,1,56.0,4,1,2,Nouveaux acheteurs,False,False,False,Tournée ORBITE,31
B03050,1,1,56.0,4,1,2,Nouveaux acheteurs,False,False,False,Tournée ORBITE,31
B03051,1,1,56.0,4,1,2,Nouveaux acheteurs,True,True,False,Tournée ORBITE,75
B03052,0,1,56.0,4,1,2,Nouveaux acheteurs,False,False,False,Tournée ORBITE,31
B03053,0,1,56.0,4,1,2,Nouveaux acheteurs,True,True,False,Tournée ORBITE,31
B03054,49,1,108.0,2,1,4,Gros paniers,False,False,False,Tournée ORBITE,44
B03055,49,1,23.76,2,1,1,Nouveaux acheteurs,True,True,True,Tournée ORBITE,44
B03056,49,1,54.0,2,1,2,Nouveaux acheteurs,False,True,True,Tournée ORBITE,44
B03057,49,1,47.52,2,1,2,Nouveaux acheteurs,False,True,True,Tournée ORBITE,31
B03058,49,1,54.0,2,1,2,Nouveaux acheteurs,False,True,False,Tournée ORBITE,44
B03059,17,3,191.2,4,3,4,Multi-dates,False,False,True,Tournée ORBITE,35
B03060,49,1,54.0,2,1,2,Nouveaux acheteurs,True,True,False,Tournée ORBITE,44
B03061,49,1,27.0,2,1,1,Nouveaux acheteurs,False,False,False,Tournée ORBITE,44
B03062,49,1,54.0,2,1,2,Nouveaux acheteurs,False,False,True,Tournée ORBITE,44
B03063,49,1,27.0,2,1,1,Nouveaux acheteurs,False,True,False,Tournée ORBITE,44
B03064,49,1,54.0,2,1,2,Nouveaux acheteurs,False,False,True,Tournée ORBITE,44
B03065,49,1,27.0,2,1,1,Nouveaux acheteurs,False,False,False,Tournée ORBITE,31
B03066,49,1,78.3,2,1,4,Gros paniers,False,True,False,Tournée ORBITE,44
B03067,49,1,27.0,2,1,1,Nouveaux acheteurs,False,False,False,Tournée ORBITE,44
B03068,49,1,27.0,2,1,1,Nouveaux acheteurs,False,True,True,Tournée ORBITE,44
B03069,49,1,54.0,2,1,2,Nouveaux acheteurs,False,True,False,Tournée ORBITE,44
B03070,49,1,47.52,2,1,2,Nouveaux acheteurs,False,False,False,Tournée ORBITE,69
B03071,49,1,47.52,2,1,2,Nouveaux acheteurs,False,True,False,Tournée ORBITE,59
B03072,49,1,81.0,2,1,4,Gros paniers,False,True,False,Tournée ORBITE,44
B03073,49,1,54.0,2,1,2,Nouveaux acheteurs,False,False,False,Tournée ORBITE,44
B03074,49,1,54.0,2,1,2,Nouveaux acheteurs,False,False,False,Tournée ORBITE,44
B03075,49,1,27.0,2,1,1,Nouveaux acheteurs,False,True,False,Tournée ORBITE,69
B03076,49,1,54.0,2,1,2,Nouveaux acheteurs,False,True,False,Tournée ORBITE,35
B03077,49,1,23.76,2,1,1,Nouveaux acheteurs,True,True,True,Tournée ORBITE,44
B03078,49,1,54.0,2,1,2,Nouveaux acheteurs,False,True,False,Tournée ORBITE,44
B03079,48,1,54.0,2,1,2,Nouveaux acheteurs,False,True,False,Tournée ORBITE,44
B03080,48,1,54.0,2,1,2,Nouveaux acheteurs,False,False,False,Tournée ORBITE,44
B03081,48,1,78.3,2,1,4,Gros paniers,False,False,False,Tournée ORBITE,44
B03082,48,1,78.3,2,1,4,Gros paniers,False,False,False,Tournée ORBITE,44
B03083,48,1,54.0,2,1,2,Nouveaux acheteurs,False,True,False,Tournée ORBITE,67
B03084,48,1,54.0,2,1,2,Nouveaux acheteurs,False,True,False,Tournée ORBITE,44
B03085,48,1,54.0,2,1,2,Nouveaux acheteurs,False,True,False,Tournée ORBITE,44
B03086,48,1,47.52,2,1,2,Nouveaux acheteurs,False,True,True,Tournée ORBITE,44
B03087,48,1,81.0,2,1,4,Gros paniers,False,True,False,Tournée ORBITE,BE
B03088,48,1,47.52,2,1,2,Nouveaux acheteurs,False,False,True,Tournée ORBITE,44
B03089,48,1,23.76,2,1,1,Nouveaux acheteurs,False,False,False,Tournée ORBITE,44
B03090,48,1,47.52,2,1,2,Nouveaux acheteurs,False,False,False,Tournée ORBITE,44
B03091,48,1,54.0,2,1,2,Nouveaux acheteurs,False,True,False,Tournée ORBITE,44
B03092,48,1,27.0,2,1,1,Nouveaux acheteurs,False,False,False,Tournée ORBITE,44
B03093,48,1,27.0,2,1,1,Nouveaux acheteurs,False,True,False,Tournée ORBITE,44
B03094,48,1,78.3,2,1,4,Gros paniers,False,True,False,Tournée ORBITE,44
B03095,47,1,27.0,2,1,1,Nouveaux acheteurs,False,True,True,Tournée ORBITE,44
B03096,47,1,81.0,2,1,4,Gros paniers,False,True,True,Tournée ORBITE,44
B03097,47,1,23.76,2,1,1,Nouveaux acheteurs,False,False,True,Tournée ORBITE,44
B03098,47,1,54.0,2,1,2,Nouveaux acheteurs,False,True,False,Tournée ORBITE,33
B03099,47,1,108.0,2,1,4,Gros paniers,False,False,False,Tournée ORBITE,44
B03100,47,1,27.0,2,1,1,Nouveaux acheteurs,False,True,False,Tournée ORBITE,44
B03101,47,1,47.52,2,1,2,Nouveaux acheteurs,False,False,True,Tournée ORBITE,44
B03102,47,1,78.3,2,1,4,Gros paniers,False,False,False,Tournée ORBITE,44
B03103,47,1,81.0,2,1,4,Gros paniers,False,False,False,Tournée ORBITE,44
B03104,47,1,27.0,2,1,1,Nouveaux acheteurs,False,True,False,Tournée ORBITE,35
B03105,46,1,54.0,2,1,2,Nouveaux acheteurs,False,False,True,Tournée ORBITE,34
B03106,46,1,47.52,2,1,2,Nouveaux acheteurs,False,True,False,Tournée ORBITE,31
B03107,46,1,54.0,2,1,2,Nouveaux acheteurs,False,True,False,Tournée ORBITE,44
B03108,46,1,27.0,2,1,1,Nouveaux acheteurs,False,False,True,Tournée ORBITE,44
B03109,46,1,27.0,2,1,1,Nouveaux acheteurs,False,True,False,Tournée ORBITE,44
B03110,46,1,47.52,2,1,2,Nouveaux acheteurs,False,False,True,Tournée ORBITE,44
B03111,15,3,147.15,4,3,4,Multi-dates,False,True,False,Tournée ORBITE,44
B03112,46,1,23.76,2,1,1,Nouveaux acheteurs,True,True,False,Tournée ORBITE,44
B03113,46,1,54.0,2,1,2,Nouveaux acheteurs,False,False,False,Tournée ORBITE,44
B03114,46,1,54.0,2,1,2,Nouveaux acheteurs,False,True,True,Tournée ORBITE,44
B03115,46,1,54.0,2,1,2,Nouveaux acheteurs,False,True,True,Tournée ORBITE,44
B03116,46,1,54.0,2,1,2,Nouveaux acheteurs,False,False,False,Tournée ORBITE,44
B03117,46,1,27.0,2,1,1,Nouveaux acheteurs,True,True,False,Tournée ORBITE,44
B03118,46,1,27.0,2,1,1,Nouveaux acheteurs,False,True,False,Tournée ORBITE,44
B03119,46,1,54.0,2,1,2,Nouveaux acheteurs,False,False,True,Tournée ORBITE,33
B03120,34,2,165.1,3,2,4,Multi-dates,True,True,False,Tournée ORBITE,44
B03121,46,1,27.0,2,1,1,Nouveaux acheteurs,False,True,True,Tournée ORBITE,44
B03122,46,1,54.0,2,1,2,Nouveaux acheteurs,True,True,False,Tournée ORBITE,44
B03123,45,1,54.0,2,1,2,Nouveaux acheteurs,False,True,False,Tournée ORBITE,44
B03124,45,1,108.0,2,1,4,Gros paniers,False,False,False,Tournée ORBITE,44
B03125,45,1,27.0,2,1,1,Nouveaux acheteurs,False,False,False,Tournée ORBITE,44
B03126,45,1,54.0,2,1,2,Nouveaux acheteurs,False,True,False,Tournée ORBITE,44
B03127,45,1,54.0,2,1,2,Nouveaux acheteurs,False,False,False,Tournée ORBITE,44
B03128,45,1,27.0,2,1,1,Nouveaux acheteurs,False,False,False,Tournée ORBITE,44
B03129,45,1,117.45,2,1,4,Gros paniers,False,True,False,Tournée ORBITE,44
B03130,45,1,27.0,2,1,1,Nouveaux acheteurs,False,True,False,Tournée ORBITE,75
B03131,45,1,54.0,2,1,2,Nouveaux acheteurs,False,True,False,Tournée ORBITE,35
B03132,45,1,54.0,2,1,2,Nouveaux acheteurs,False,False,True,Tournée ORBITE,44
B03133,45,1,54.0,2,1,2,Nouveaux acheteurs,False,False,False,Tournée ORBITE,44
B03134,45,1,54.0,2,1,2,Nouveaux acheteurs,False,True,False,Tournée ORBITE,44
B03135,45,1,81.0,2,1,4,Gros paniers,False,True,False,Tournée ORBITE,44
B03136,45,1,54.0,2,1,2,Nouveaux acheteurs,False,True,False,Tournée ORBITE,44
B03137,44,1,47.52,2,1,2,Nouveaux acheteurs,False,True,False,Tournée ORBITE,44
B03138,44,1,54.0,2,1,2,Nouveaux acheteurs,False,True,True,Tournée ORBITE,35
B03139,44,1,54.0,2,1,2,Nouveaux acheteurs,False,True,False,Tournée ORBITE,44
B03140,44,1,95.04,2,1,4,Gros paniers,False,False,False,Tournée ORBITE,44
B03141,43,1,47.52,3,1,2,Nouveaux acheteurs,False,True,True,Tournée ORBITE,44
B03142,43,1,47.52,3,1,2,Nouveaux acheteurs,False,False,False,Tournée ORBITE,44
B03143,43,1,54.0,3,1,2,Nouveaux acheteurs,False,True,False,Tournée ORBITE,44
B03144,43,1,54.0,3,1,2,Nouveaux acheteurs,False,False,False,Tournée ORBITE,67
B03145,43,1,27.0,3,1,1,Nouveaux acheteurs,False,False,False,Tournée ORBITE,44
B03146,43,1,27.0,3,1,1,Nouveaux acheteurs,False,True,False,Tournée ORBITE,44
B03147,43,1,27.0,3,1,1,Nouveaux acheteurs,False,True,False,Tournée ORBITE,13
B03148,43,1,54.0,3,1,2,Nouveaux acheteurs,False,True,True,Tournée ORBITE,44
B03149,43,1,47.52,3,1,2,Nouveaux acheteurs,False,True,False,Tournée ORBITE,31
B03150,43,1,27.0,3,1,1,Nouveaux acheteurs,False,True,False,Tournée ORBITE,44
B03151,43,1,27.0,3,1,1,Nouveaux acheteurs,True,True,False,Tournée ORBITE,44
B03152,43,1,78.3,3,1,4,Gros paniers,False,True,False,Tournée ORBITE,44
B03153,43,1,54.0,3,1,2,Nouveaux acheteurs,False,True,True,Tournée ORBITE,44
B03154,42,1,27.0,3,1,1,Nouveaux acheteurs,False,True,False,Tournée ORBITE,44
B03155,42,1,81.0,3,1,4,Gros paniers,False,False,False,Tournée ORBITE,44
B03156,42,1,27.0,3,1,1,Nouveaux acheteurs,False,True,False,Tournée ORBITE,44
B03157,42,1,54.0,3,1,2,Nouveaux acheteurs,False,False,False,Tournée ORBITE,44
B03158,42,1,27.0,3,1,1,Nouveaux acheteurs,False,True,False,Tournée ORBITE,33
B03159,42,1,27.0,3,1,1,Nouveaux acheteurs,False,True,True,Tournée ORBITE,44
B03160,42,1,54.0,3,1,2,Nouveaux acheteurs,True,True,False,Tournée ORBITE,44
B03161,42,1,54.0,3,1,2,Nouveaux acheteurs,False,False,False,Tournée ORBITE,44
B03162,41,1,54.0,3,1,2,Nouveaux acheteurs,True,True,False,Tournée ORBITE,44
B03163,41,1,23.76,3,1,1,Nouveaux acheteurs,False,True,False,Tournée ORBITE,44
B03164,41,1,54.0,3,1,2,Nouveaux acheteurs,False,False,False,Tournée ORBITE,44
B03165,41,1,27.0,3,1,1,Nouveaux acheteurs,True,True,True,Tournée ORBITE,44
B03166,39,2,110.0,3,2,4,Multi-dates,True,True,False,Tournée ORBITE,44
B03167,41,1,54.0,3,1,2,Nouveaux acheteurs,False,False,False,Tournée ORBITE,44
B03168,40,1,81.0,3,1,4,Gros paniers,False,False,False,Tournée ORBITE,44
B03169,40,1,54.0,3,1,2,Nouveaux acheteurs,False,True,False,Tournée ORBITE,44
B03170,40,1,54.0,3,1,2,Nouveaux acheteurs,False,False,False,Tournée ORBITE,44
B03171,40,1,27.0,3,1,1,Nouveaux acheteurs,False,True,False,Tournée ORBITE,69
B03172,39,1,54.0,3,1,2,Nouveaux acheteurs,False,False,False,Tournée ORBITE,44
B03173,39,1,54.0,3,1,2,Nouveaux acheteurs,False,True,False,Tournée ORBITE,59
B03174,39,1,54.0,3,1,2,Nouveaux acheteurs,False,True,False,Tournée ORBITE,33
B03175,39,1,54.0,3,1,2,Nouveaux acheteurs,False,True,False,Tournée ORBITE,69
B03176,39,1,54.0,3,1,2,Nouveaux acheteurs,False,False,True,Tournée ORBITE,44
B03177,39,1,54.0,3,1,2,Nouveaux acheteurs,False,True,False,Tournée ORBITE,69
B03178,39,1,81.0,3,1,4,Gros paniers,False,False,False,Tournée ORBITE,44
B03179,39,1,54.0,3,1,2,Nouveaux acheteurs,False,False,False,Tournée ORBITE,BE
B03180,39,1,54.0,3,1,2,Nouveaux acheteurs,False,True,False,Tournée ORBITE,44
B03181,38,1,108.0,3,1,4,Gros paniers,False,True,False,Tournée ORBITE,35
B03182,38,1,27.0,3,1,1,Nouveaux acheteurs,False,True,True,Tournée ORBITE,44
B03183,38,2,108.0,3,2,4,Multi-dates,True,True,True,Tournée ORBITE,44
B03184,38,1,54.0,3,1,2,Nouveaux acheteurs,False,True,False,Tournée ORBITE,44
B03185,37,1,39.15,3,1,1,Nouveaux acheteurs,False,True,True,Tournée ORBITE,75
B03186,37,1,81.0,3,1,4,Gros paniers,False,False,False,Tournée ORBITE,44
B03187,37,1,54.0,3,1,2,Nouveaux acheteurs,False,False,False,Tournée ORBITE,44
B03188,37,1,54.0,3,1,2,Nouveaux acheteurs,True,True,False,Tournée ORBITE,44
B03189,37,1,54.0,3,1,2,Nouveaux acheteurs,False,True,True,Tournée ORBITE,44
B03190,37,1,54.0,3,1,2,Nouveaux acheteurs,False,True,False,Tournée ORBITE,44
B03191,37,1,54.0,3,1,2,Nouveaux acheteurs,False,False,False,Tournée ORBITE,44
B03192,36,1,54.0,3,1,2,Nouveaux acheteurs,False,False,False,Tournée ORBITE,44
B03193,36,1,54.0,3,1,2,Nouveaux acheteurs,False,False,False,Tournée ORBITE,44
B03194,35,1,156.6,3,1,4,Gros paniers,False,True,False,Tournée ORBITE,44
B03195,35,1,78.3,3,1,4,Gros paniers,False,True,False,Tournée ORBITE,44
B03196,35,1,54.0,3,1,2,Nouveaux acheteurs,False,True,False,Tournée ORBITE,44
B03197,34,1,54.0,3,1,2,Nouveaux acheteurs,False,True,False,Tournée ORBITE,44
B03198,34,1,108.0,3,1,4,Gros paniers,True,True,False,Tournée ORBITE,75
B03199,33,1,81.0,3,1,4,Gros paniers,False,True,True,Tournée ORBITE,33
B03200,32,1,27.0,3,1,1,Nouveaux acheteurs,False,True,False,Tournée ORBITE,44
B03201,0,2,130.3,4,2,4,Multi-dates,False,True,True,Tournée ORBITE,75
B03202,31,1,108.0,3,1,4,Gros paniers,False,False,False,Tournée ORBITE,44
B03203,31,1,78.3,3,1,4,Gros paniers,False,False,True,Tournée ORBITE,44
B03204,30,1,27.0,3,1,1,Nouveaux acheteurs,False,False,True,Tournée ORBITE,69
B03205,30,1,54.0,3,1,2,Nouveaux acheteurs,False,True,False,Tournée ORBITE,44
B03206,30,1,54.0,3,1,2,Nouveaux acheteurs,False,True,False,Tournée ORBITE,44
B03207,30,1,27.0,3,1,1,Nouveaux acheteurs,False,False,False,Tournée ORBITE,44
B03208,28,1,54.0,3,1,2,Nouveaux acheteurs,False,True,False,Tournée ORBITE,44
B03209,28,1,54.0,3,1,2,Nouveaux acheteurs,False,True,False,Tournée ORBITE,44
B03210,28,1,54.0,3,1,2,Nouveaux acheteurs,False,False,False,Tournée ORBITE,44
B03211,28,1,54.0,3,1,2,Nouveaux acheteurs,False,False,True,Tournée ORBITE,44
B03212,27,1,54.0,3,1,2,Nouveaux acheteurs,False,True,False,Tournée ORBITE,44
B03213,27,1,27.0,3,1,1,Nouveaux acheteurs,False,True,False,Tournée ORBITE,44
B03214,27,1,47.52,3,1,2,Nouveaux acheteurs,True,True,False,Tournée ORBITE,44
B03215,27,1,27.0,3,1,1,Nouveaux acheteurs,False,True,False,Tournée ORBITE,44
B03216,27,1,54.0,3,1,2,Nouveaux acheteurs,False,True,False,Tournée ORBITE,44
B03217,26,1,54.0,4,1,2,Nouveaux acheteurs,False,True,False,Tournée ORBITE,44
B03218,26,1,54.0,4,1,2,Nouveaux acheteurs,False,False,False,Tournée ORBITE,44
B03219,26,1,54.0,4,1,2,Nouveaux acheteurs,False,False,False,Tournée ORBITE,44
B03220,25,2,132.3,4,2,4,Multi-dates,True,True,True,Tournée ORBITE,44
B03221,25,1,27.0,4,1,1,Nouveaux acheteurs,False,True,True,Tournée ORBITE,35
B03222,24,1,54.0,4,1,2,Nouveaux acheteurs,False,False,False,Tournée ORBITE,67
B03223,24,2,107.0,4,2,4,Multi-dates,True,True,False,Tournée ORBITE,44
B03224,24,1,54.0,4,1,2,Nouveaux acheteurs,True,True,False,Tournée ORBITE,44
B03225,23,1,54.0,4,1,2,Nouveaux acheteurs,False,True,False,Tournée ORBITE,44
B03226,23,1,54.0,4,1,2,Nouveaux acheteurs,False,False,False,Tournée ORBITE,44
B03227,22,1,54.0,4,1,2,Nouveaux acheteurs,True,True,False,Tournée ORBITE,67
B03228,22,1,27.0,4,1,1,Nouveaux acheteurs,False,True,False,Tournée ORBITE,44
B03229,22,1,54.0,4,1,2,Nouveaux acheteurs,False,True,False,Tournée ORBITE,44
B03230,22,1,54.0,4,1,2,Nouveaux acheteurs,False,True,False,Tournée ORBITE,31
B03231,20,1,54.0,4,1,2,Nouveaux acheteurs,False,False,False,Tournée ORBITE,75
B03232,19,2,137.0,4,2,4,Multi-dates,True,True,False,Tournée ORBITE,44
B03233,19,1,54.0,4,1,2,Nouveaux acheteurs,False,True,False,Tournée ORBITE,44
B03234,18,1,54.0,4,1,2,Nouveaux acheteurs,False,True,False,Tournée ORBITE,33
B03235,17,1,27.0,4,1,1,Nouveaux acheteurs,True,True,False,Tournée ORBITE,44
B03236,17,1,108.0,4,1,4,Gros paniers,False,True,False,Tournée ORBITE,44
B03237,17,1,54.0,4,1,2,Nouveaux acheteurs,False,False,False,Tournée ORBITE,44
B03238,17,1,54.0,4,1,2,Nouveaux acheteurs,False,False,False,Tournée ORBITE,44
B03239,16,2,79.0,4,2,4,Multi-dates,False,False,True,Tournée ORBITE,69
B03240,15,1,27.0,4,1,1,Nouveaux acheteurs,True,True,False,Tournée ORBITE,44
B03241,15,2,106.0,4,2,4,Multi-dates,True,True,False,Tournée ORBITE,44
B03242,15,1,27.0,4,1,1,Nouveaux acheteurs,False,True,False,Tournée ORBITE,44
B03243,15,1,27.0,4,1,1,Nouveaux acheteurs,False,True,False,Tournée ORBITE,44
B03244,14,1,108.0,4,1,4,Gros paniers,False,False,False,Tournée ORBITE,44
B03245,14,1,54.0,4,1,2,Nouveaux acheteurs,False,False,False,Tournée ORBITE,44
B03246,14,1,47.52,4,1,2,Nouveaux acheteurs,False,True,False,Tournée ORBITE,44
B03247,14,1,23.76,4,1,1,Nouveaux acheteurs,False,True,True,Tournée ORBITE,44
B03248,13,1,27.0,4,1,1,Nouveaux acheteurs,False,True,True,Tournée ORBITE,33
B03249,13,1,54.0,4,1,2,Nouveaux acheteurs,False,True,False,Tournée ORBITE,35
B03250,13,1,54.0,4,1,2,Nouveaux acheteurs,False,True,False,Tournée ORBITE,44
B03251,12,1,54.0,4,1,2,Nouveaux acheteurs,True,True,False,Tournée ORBITE,44
B03252,12,1,54.0,4,1,2,Nouveaux acheteurs,False,True,False,Tournée ORBITE,33
B03253,12,1,108.0,4,1,4,Gros paniers,False,True,False,Tournée ORBITE,35
B03254,12,1,81.0,4,1,4,Gros paniers,True,True,True,Tournée ORBITE,44
B03255,12,1,54.0,4,1,2,Nouveaux acheteurs,False,True,False,Tournée ORBITE,44
B03256,11,1,54.0,4,1,2,Nouveaux acheteurs,False,True,True,Tournée ORBITE,44
B03257,10,1,27.0,4,1,1,Nouveaux acheteurs,False,False,False,Tournée ORBITE,75
B03258,9,1,81.0,4,1,4,Gros paniers,False,False,True,Tournée ORBITE,44
B03259,8,1,27.0,4,1,1,Nouveaux acheteurs,False,True,False,Tournée ORBITE,44
B03260,8,1,54.0,4,1,2,Nouveaux acheteurs,False,False,False,Tournée ORBITE,44
B03261,8,1,54.0,4,1,2,Nouveaux acheteurs,False,True,False,Tournée ORBITE,44
B03262,7,1,54.0,4,1,2,Nouveaux acheteurs,False,False,False,Tournée ORBITE,44
B03263,7,1,54.0,4,1,2,Nouveaux acheteurs,False,False,False,Tournée ORBITE,44
B03264,7,1,54.0,4,1,2,Nouveaux acheteurs,False,False,False,Tournée ORBITE,44
B03265,7,1,54.0,4,1,2,Nouveaux acheteurs,False,True,False,Tournée ORBITE,44
B03266,6,2,132.0,4,2,4,Multi-dates,False,False,False,Tournée ORBITE,44
B03267,6,1,54.0,4,1,2,Nouveaux acheteurs,False,False,False,Tournée ORBITE,44
B03268,5,1,54.0,4,1,2,Nouveaux acheteurs,False,True,False,Tournée ORBITE,44
B03269,4,1,27.0,4,1,1,Nouveaux acheteurs,False,False,False,Tournée ORBITE,44
B03270,4,1,54.0,4,1,2,Nouveaux acheteurs,False,True,False,Tournée ORBITE,44
B03271,3,2,83.0,4,2,4,Multi-dates,True,True,False,Tournée ORBITE,44
B03272,3,1,27.0,4,1,1,Nouveaux acheteurs,False,False,False,Tournée ORBITE,44
B03273,3,1,54.0,4,1,2,Nouveaux acheteurs,False,False,False,Tournée ORBITE,44
B03274,3,1,54.0,4,1,2,Nouveaux acheteurs,True,True,False,Tournée ORBITE,44
B03275,3,1,27.0,4,1,1,Nouveaux acheteurs,False,True,False,Tournée ORBITE,44
B03276,2,1,27.0,4,1,1,Nouveaux acheteurs,False,True,True,Tournée ORBITE,13
B03277,2,1,78.3,4,1,4,Gros paniers,False,True,False,Tournée ORBITE,44
B03278,0,1,54.0,4,1,2,Nouveaux acheteurs,False,True,False,Tournée ORBITE,44
B03279,0,1,54.0,4,1,2,Nouveaux acheteurs,False,False,False,Tournée ORBITE,44
B03280,0,1,54.0,4,1,2,Nouveaux acheteurs,False,True,False,Tournée ORBITE,44
B03281,0,1,27.0,4,1,1,Nouveaux acheteurs,False,False,False,Tournée ORBITE,13
B03282,49,1,50.0,2,1,2,Nouveaux acheteurs,False,True,False,Tournée ORBITE,44
B03283,49,1,72.5,2,1,4,Gros paniers,False,False,True,Tournée ORBITE,35
B03284,49,1,25.0,2,1,1,Nouveaux acheteurs,False,True,False,Tournée ORBITE,35
B03285,49,1,75.0,2,1,4,Gros paniers,False,True,False,Tournée ORBITE,34
B03286,49,1,72.5,2,1,4,Gros paniers,True,True,True,Tournée ORBITE,35
B03287,41,2,122.0,3,2,4,Multi-dates,False,True,False,Tournée ORBITE,35
B03288,49,1,25.0,2,1,1,Nouveaux acheteurs,False,True,False,Tournée ORBITE,59
B03289,36,2,100.0,3,2,4,Multi-dates,False,False,False,Tournée ORBITE,35
B03290,49,1,50.0,2,1,2,Nouveaux acheteurs,False,True,False,Tournée ORBITE,35
B03291,49,1,50.0,2,1,2,Nouveaux acheteurs,False,True,True,Tournée ORBITE,33
B03292,49,1,50.0,2,1,2,Nouveaux acheteurs,False,False,False,Tournée ORBITE,35
B03293,49,1,44.0,2,1,2,Nouveaux acheteurs,False,True,True,Tournée ORBITE,35
B03294,49,1,75.0,2,1,4,Gros paniers,False,True,False,Tournée ORBITE,67
B03295,49,1,50.0,2,1,2,Nouveaux acheteurs,False,False,False,Tournée ORBITE,33
B03296,49,1,44.0,2,1,2,Nouveaux acheteurs,False,True,False,Tournée ORBITE,35
B03297,49,1,75.0,2,1,4,Gros paniers,False,True,False,Tournée ORBITE,69
B03298,49,1,50.0,2,1,2,Nouveaux acheteurs,False,False,False,Tournée ORBITE,13
B03299,48,1,44.0,2,1,2,Nouveaux acheteurs,False,False,True,Tournée ORBITE,59
B03300,48,1,50.0,2,1,2,Nouveaux acheteurs,False,True,False,Tournée ORBITE,35
B03301,48,1,25.0,2,1,1,Nouveaux acheteurs,False,True,False,Tournée ORBITE,35
B03302,48,1,36.25,2,1,1,Nouveaux acheteurs,False,False,False,Tournée ORBITE,35
B03303,48,1,50.0,2,1,2,Nouveaux acheteurs,False,True,True,Tournée ORBITE,35
B03304,48,1,44.0,2,1,2,Nouveaux acheteurs,True,True,False,Tournée ORBITE,35
B03305,48,1,25.0,2,1,1,Nouveaux acheteurs,False,False,False,Tournée ORBITE,35
B03306,48,1,25.0,2,1,1,Nouveaux acheteurs,False,False,False,Tournée ORBITE,35
B03307,48,1,75.0,2,1,4,Gros paniers,False,False,False,Tournée ORBITE,35
B03308,48,1,50.0,2,1,2,Nouveaux acheteurs,False,False,False,Tournée ORBITE,35
B03309,48,1,100.0,2,1,4,Gros paniers,False,True,False,Tournée ORBITE,35
B03310,48,1,50.0,2,1,2,Nouveaux acheteurs,False,True,False,Tournée ORBITE,35
B03311,47,1,50.0,2,1,2,Nouveaux acheteurs,False,True,False,Tournée ORBITE,35
B03312,47,1,50.0,2,1,2,Nouveaux acheteurs,False,True,False,Tournée ORBITE,35
B03313,47,1,50.0,2,1,2,Nouveaux acheteurs,False,True,False,Tournée ORBITE,35
B03314,47,1,72.5,2,1,4,Gros paniers,False,False,False,Tournée ORBITE,13
B03315,47,1,50.0,2,1,2,Nouveaux acheteurs,False,False,False,Tournée ORBITE,35
B03316,47,1,50.0,2,1,2,Nouveaux acheteurs,False,True,True,Tournée ORBITE,35
B03317,47,1,22.0,2,1,1,Nouveaux acheteurs,False,False,False,Tournée ORBITE,35
B03318,47,1,25.0,2,1,1,Nouveaux acheteurs,False,True,False,Tournée ORBITE,35
B03319,47,1,25.0,2,1,1,Nouveaux acheteurs,False,True,False,Tournée ORBITE,35
B03320,47,1,25.0,2,1,1,Nouveaux acheteurs,False,False,False,Tournée ORBITE,35
B03321,47,1,44.0,2,1,2,Nouveaux acheteurs,False,False,False,Tournée ORBITE,35
B03322,47,1,25.0,2,1,1,Nouveaux acheteurs,False,False,False,Tournée ORBITE,35
B03323,47,1,50.0,2,1,2,Nouveaux acheteurs,True,True,False,Tournée ORBITE,35
B03324,47,1,22.0,2,1,1,Nouveaux acheteurs,False,True,False,Tournée ORBITE,BE
B03325,47,1,75.0,2,1,4,Gros paniers,False,False,False,Tournée ORBITE,35
B03326,47,1,50.0,2,1,2,Nouveaux acheteurs,False,False,False,Tournée ORBITE,69
B03327,47,1,50.0,2,1,2,Nouveaux acheteurs,False,False,False,Tournée ORBITE,35
B03328,47,1,22.0,2,1,1,Nouveaux acheteurs,False,False,False,Tournée ORBITE,35
B03329,46,1,44.0,2,1,2,Nouveaux acheteurs,False,True,False,Tournée ORBITE,35
B03330,46,1,50.0,2,1,2,Nouveaux acheteurs,False,True,False,Tournée ORBITE,35
B03331,46,1,44.0,2,1,2,Nouveaux acheteurs,True,True,False,Tournée ORBITE,35
B03332,46,1,50.0,2,1,2,Nouveaux acheteurs,False,False,False,Tournée ORBITE,35
B03333,46,1,25.0,2,1,1,Nouveaux acheteurs,False,True,False,Tournée ORBITE,35
B03334,46,1,25.0,2,1,1,Nouveaux acheteurs,False,True,False,Tournée ORBITE,35
B03335,46,1,72.5,2,1,4,Gros paniers,False,False,False,Tournée ORBITE,35
B03336,46,1,75.0,2,1,4,Gros paniers,False,False,False,Tournée ORBITE,35
B03337,46,1,50.0,2,1,2,Nouveaux acheteurs,False,True,False,Tournée ORBITE,44
B03338,46,1,100.0,2,1,4,Gros paniers,False,True,True,Tournée ORBITE,35
B03339,46,1,75.0,2,1,4,Gros paniers,False,True,False,Tournée ORBITE,69
B03340,46,1,36.25,2,1,1,Nouveaux acheteurs,False,True,True,Tournée ORBITE,35
B03341,45,1,50.0,2,1,2,Nouveaux acheteurs,False,False,False,Tournée ORBITE,35
B03342,45,1,50.0,2,1,2,Nouveaux acheteurs,False,False,False,Tournée ORBITE,13
B03343,45,1,50.0,2,1,2,Nouveaux acheteurs,False,True,False,Tournée ORBITE,35
B03344,45,1,50.0,2,1,2,Nouveaux acheteurs,False,False,False,Tournée ORBITE,35
B03345,45,1,22.0,2,1,1,Nouveaux acheteurs,False,True,True,Tournée ORBITE,35
B03346,45,1,50.0,2,1,2,Nouveaux acheteurs,False,True,True,Tournée ORBITE,69
B03347,45,1,50.0,2,1,2,Nouveaux acheteurs,False,False,False,Tournée ORBITE,67
B03348,44,1,50.0,2,1,2,Nouveaux acheteurs,False,False,False,Tournée ORBITE,35
B03349,44,1,50.0,2,1,2,Nouveaux acheteurs,False,True,True,Tournée ORBITE,13
B03350,44,1,50.0,2,1,2,Nouveaux acheteurs,False,True,False,Tournée ORBITE,BE
B03351,44,1,25.0,2,1,1,Nouveaux acheteurs,False,False,False,Tournée ORBITE,35
B03352,44,1,25.0,2,1,1,Nouveaux acheteurs,False,False,False,Tournée ORBITE,13
B03353,44,1,50.0,2,1,2,Nouveaux acheteurs,False,False,False,Tournée ORBITE,35
B03354,43,1,50.0,3,1,2,Nouveaux acheteurs,False,True,False,Tournée ORBITE,75
B03355,43,1,50.0,3,1,2,Nouveaux acheteurs,False,True,False,Tournée ORBITE,35
B03356,43,1,50.0,3,1,2,Nouveaux acheteurs,False,True,False,Tournée ORBITE,35
B03357,42,1,50.0,3,1,2,Nouveaux acheteurs,False,False,False,Tournée ORBITE,35
B03358,42,1,50.0,3,1,2,Nouveaux acheteurs,False,True,False,Tournée ORBITE,35
B03359,42,1,50.0,3,1,2,Nouveaux acheteurs,False,True,False,Tournée ORBITE,35
B03360,42,1,25.0,3,1,1,Nouveaux acheteurs,True,True,False,Tournée ORBITE,35
B03361,42,1,25.0,3,1,1,Nouveaux acheteurs,False,True,False,Tournée ORBITE,59
B03362,42,1,36.25,3,1,1,Nouveaux acheteurs,True,True,False,Tournée ORBITE,BE
B03363,42,2,128.5,3,2,4,Multi-dates,True,True,False,Tournée ORBITE,35
B03364,42,1,50.0,3,1,2,Nouveaux acheteurs,False,True,False,Tournée ORBITE,35
B03365,42,1,50.0,3,1,2,Nouveaux acheteurs,False,True,False,Tournée ORBITE,35
B03366,23,2,137.0,4,2,4,Multi-dates,False,False,True,Tournée ORBITE,35
B03367,41,1,50.0,3,1,2,Nouveaux acheteurs,False,True,False,Tournée ORBITE,35
B03368,40,1,50.0,3,1,2,Nouveaux acheteurs,False,False,True,Tournée ORBITE,35
B03369,40,1,50.0,3,1,2,Nouveaux acheteurs,False,True,False,Tournée ORBITE,35
B03370,40,1,50.0,3,1,2,Nouveaux acheteurs,False,True,False,Tournée ORBITE,35
B03371,38,1,75.0,3,1,4,Gros paniers,True,True,False,Tournée ORBITE,35
B03372,14,2,153.5,4,2,4,Multi-dates,False,False,False,Tournée ORBITE,35
B03373,36,1,50.0,3,1,2,Nouveaux acheteurs,False,False,False,Tournée ORBITE,35
B03374,36,1,50.0,3,1,2,Nouveaux acheteurs,False,False,False,Tournée ORBITE,35
B03375,36,1,50.0,3,1,2,Nouveaux acheteurs,False,False,False,Tournée ORBITE,35
B03376,36,1,50.0,3,1,2,Nouveaux acheteurs,False,True,False,Tournée ORBITE,35
B03377,35,1,50.0,3,1,2,Nouveaux acheteurs,False,True,False,Tournée ORBITE,35
B03378,33,1,25.0,3,1,1,Nouveaux acheteurs,True,True,False,Tournée ORBITE,35
B03379,32,1,50.0,3,1,2,Nouveaux acheteurs,True,True,True,Tournée ORBITE,35
B03380,32,1,50.0,3,1,2,Nouveaux acheteurs,False,True,True,Tournée ORBITE,35
B03381,32,1,50.0,3,1,2,Nouveaux acheteurs,True,True,False,Tournée ORBITE,35
B03382,32,1,50.0,3,1,2,Nouveaux acheteurs,False,True,False,Tournée ORBITE,35
B03383,31,1,72.5,3,1,4,Gros paniers,False,True,False,Tournée ORBITE,35
B03384,30,1,25.0,3,1,1,Nouveaux acheteurs,False,False,True,Tournée ORBITE,BE
B03385,29,1,36.25,3,1,1,Nouveaux acheteurs,False,True,True,Tournée ORBITE,35
B03386,28,1,50.0,3,1,2,Nouveaux acheteurs,False,True,False,Tournée ORBITE,35
B03387,27,1,50.0,3,1,2,Nouveaux acheteurs,False,True,False,Tournée ORBITE,35
B03388,27,1,50.0,3,1,2,Nouveaux acheteurs,False,False,False,Tournée ORBITE,35
B03389,26,1,25.0,4,1,1,Nouveaux acheteurs,False,True,False,Tournée ORBITE,35
B03390,25,1,50.0,4,1,2,Nouveaux acheteurs,False,True,False,Tournée ORBITE,35
B03391,24,1,25.0,4,1,1,Nouveaux acheteurs,False,True,False,Tournée ORBITE,69
B03392,23,1,25.0,4,1,1,Nouveaux acheteurs,False,True,False,Tournée ORBITE,35
B03393,23,1,50.0,4,1,2,Nouveaux acheteurs,False,False,False,Tournée ORBITE,35
B03394,23,2,77.0,4,2,4,Multi-dates,False,False,False,Tournée ORBITE,35
B03395,22,1,25.0,4,1,1,Nouveaux acheteurs,True,True,False,Tournée ORBITE,35
B03396,21,1,50.0,4,1,2,Nouveaux acheteurs,False,False,False,Tournée ORBITE,35
B03397,21,1,50.0,4,1,2,Nouveaux acheteurs,False,True,True,Tournée ORBITE,35
B03398,21,1,50.0,4,1,2,Nouveaux acheteurs,False,True,True,Tournée ORBITE,35
B03399,20,1,50.0,4,1,2,Nouveaux acheteurs,False,True,False,Tournée ORBITE,35
B03400,19,1,50.0,4,1,2,Nouveaux acheteurs,False,False,False,Tournée ORBITE,59
B03401,19,1,50.0,4,1,2,Nouveaux acheteurs,False,True,True,Tournée ORBITE,35
B03402,18,1,50.0,4,1,2,Nouveaux acheteurs,False,True,False,Tournée ORBITE,35
B03403,18,1,50.0,4,1,2,Nouveaux acheteurs,False,False,False,Tournée ORBITE,35
B03404,17,1,25.0,4,1,1,Nouveaux acheteurs,False,False,True,Tournée ORBITE,35
B03405,17,1,50.0,4,1,2,Nouveaux acheteurs,False,True,False,Tournée ORBITE,35
B03406,17,1,25.0,4,1,1,Nouveaux acheteurs,True,True,True,Tournée ORBITE,35
B03407,16,1,50.0,4,1,2,Nouveaux acheteurs,False,True,False,Tournée ORBITE,35
B03408,16,1,50.0,4,1,2,Nouveaux acheteurs,False,True,False,Tournée ORBITE,44
B03409,16,1,50.0,4,1,2,Nouveaux acheteurs,False,True,False,Tournée ORBITE,35
B03410,15,1,50.0,4,1,2,Nouveaux acheteurs,False,False,True,Tournée ORBITE,35
B03411,13,1,50.0,4,1,2,Nouveaux acheteurs,False,False,False,Tournée ORBITE,35
B03412,13,1,50.0,4,1,2,Nouveaux acheteurs,False,False,False,Tournée ORBITE,35
B03413,13,2,104.0,4,2,4,Multi-dates,False,True,False,Tournée ORBITE,35
B03414,9,1,72.5,4,1,4,Gros paniers,False,False,True,Tournée ORBITE,35
B03415,7,1,25.0,4,1,1,Nouveaux acheteurs,False,False,True,Tournée ORBITE,35
B03416,6,1,50.0,4,1,2,Nouveaux acheteurs,False,True,False,Tournée ORBITE,35
B03417,6,1,50.0,4,1,2,Nouveaux acheteurs,False,True,False,Tournée ORBITE,75
B03418,6,1,72.5,4,1,4,Gros paniers,False,False,False,Tournée ORBITE,35
B03419,4,1,25.0,4,1,1,Nouveaux acheteurs,False,False,False,Tournée ORBITE,35
B03420,4,2,76.0,4,2,4,Multi-dates,False,False,False,Tournée ORBITE,35
B03421,3,1,50.0,4,1,2,Nouveaux acheteurs,False,True,False,Tournée ORBITE,35
B03422,3,1,50.0,4,1,2,Nouveaux acheteurs,False,True,False,Tournée ORBITE,35
B03423,3,1,50.0,4,1,2,Nouveaux acheteurs,False,False,True,Tournée ORBITE,35
B03424,2,2,97.52000000000001,4,2,4,Multi-dates,False,True,False,Tournée ORBITE,35
B03425,1,1,50.0,4,1,2,Nouveaux acheteurs,False,True,False,Tournée ORBITE,35
B03426,1,1,50.0,4,1,2,Nouveaux acheteurs,False,True,False,Tournée ORBITE,35
B03427,0,1,50.0,4,1,2,Nouveaux acheteurs,False,True,False,Tournée ORBITE,35
B03428,0,1,25.0,4,1,1,Nouveaux acheteurs,False,False,False,Tournée ORBITE,34
B03429,0,1,50.0,4,1,2,Nouveaux acheteurs,False,True,True,Tournée ORBITE,35
B03430,49,1,56.0,2,1,2,Nouveaux acheteurs,False,True,False,Tournée ORBITE,59
B03431,49,1,56.0,2,1,2,Nouveaux acheteurs,False,False,False,Tournée ORBITE,59
B03432,49,1,56.0,2,1,2,Nouveaux acheteurs,False,False,False,Tournée ORBITE,59
B03433,32,2,143.0,3,2,4,Multi-dates,True,True,False,Tournée ORBITE,31
B03434,49,1,56.0,2,1,2,Nouveaux acheteurs,False,False,False,Tournée ORBITE,59
B03435,49,1,56.0,2,1,2,Nouveaux acheteurs,False,True,True,Tournée ORBITE,59
B03436,49,1,28.0,2,1,1,Nouveaux acheteurs,False,True,False,Tournée ORBITE,59
B03437,49,1,56.0,2,1,2,Nouveaux acheteurs,False,False,False,Tournée ORBITE,59
B03438,49,1,28.0,2,1,1,Nouveaux acheteurs,False,True,False,Tournée ORBITE,75
B03439,49,1,28.0,2,1,1,Nouveaux acheteurs,False,False,False,Tournée ORBITE,59
B03440,49,1,49.28,2,1,2,Nouveaux acheteurs,False,True,False,Tournée ORBITE,59
B03441,49,1,28.0,2,1,1,Nouveaux acheteurs,False,False,True,Tournée ORBITE,59
B03442,49,1,56.0,2,1,2,Nouveaux acheteurs,False,True,False,Tournée ORBITE,59
B03443,49,1,56.0,2,1,2,Nouveaux acheteurs,False,True,False,Tournée ORBITE,59
B03444,49,1,56.0,2,1,2,Nouveaux acheteurs,False,False,False,Tournée ORBITE,31
B03445,49,1,56.0,2,1,2,Nouveaux acheteurs,False,True,False,Tournée ORBITE,59
B03446,49,1,84.0,2,1,4,Gros paniers,False,False,True,Tournée ORBITE,59
B03447,49,1,28.0,2,1,1,Nouveaux acheteurs,False,True,False,Tournée ORBITE,59
B03448,49,1,73.92,2,1,4,Gros paniers,False,False,False,Tournée ORBITE,59
B03449,49,1,84.0,2,1,4,Gros paniers,False,True,False,Tournée ORBITE,59
B03450,49,1,28.0,2,1,1,Nouveaux acheteurs,False,True,True,Tournée ORBITE,59
B03451,49,1,28.0,2,1,1,Nouveaux acheteurs,False,True,False,Tournée ORBITE,59
B03452,49,1,56.0,2,1,2,Nouveaux acheteurs,False,True,False,Tournée ORBITE,69
B03453,49,1,56.0,2,1,2,Nouveaux acheteurs,False,False,False,Tournée ORBITE,59
B03454,49,1,56.0,2,1,2,Nouveaux acheteurs,False,True,True,Tournée ORBITE,13
B03455,49,1,56.0,2,1,2,Nouveaux acheteurs,False,True,False,Tournée ORBITE,59
B03456,49,1,56.0,2,1,2,Nouveaux acheteurs,False,False,False,Tournée ORBITE,59
B03457,49,1,49.28,2,1,2,Nouveaux acheteurs,False,True,False,Tournée ORBITE,31
B03458,49,1,28.0,2,1,1,Nouveaux acheteurs,True,True,False,Tournée ORBITE,59
B03459,49,1,28.0,2,1,1,Nouveaux acheteurs,False,True,False,Tournée ORBITE,59
B03460,49,1,56.0,2,1,2,Nouveaux acheteurs,False,False,False,Tournée ORBITE,59
B03461,48,1,49.28,2,1,2,Nouveaux acheteurs,False,True,True,Tournée ORBITE,59
B03462,48,1,112.0,2,1,4,Gros paniers,True,True,False,Tournée ORBITE,44
B03463,48,1,49.28,2,1,2,Nouveaux acheteurs,False,False,False,Tournée ORBITE,BE
B03464,48,1,84.0,2,1,4,Gros paniers,False,False,True,Tournée ORBITE,59
B03465,48,1,56.0,2,1,2,Nouveaux acheteurs,False,True,False,Tournée ORBITE,59
B03466,48,1,56.0,2,1,2,Nouveaux acheteurs,False,True,False,Tournée ORBITE,59
B03467,48,1,28.0,2,1,1,Nouveaux acheteurs,False,False,False,Tournée ORBITE,59
B03468,48,1,28.0,2,1,1,Nouveaux acheteurs,False,True,False,Tournée ORBITE,59
B03469,48,1,49.28,2,1,2,Nouveaux acheteurs,True,True,False,Tournée ORBITE,59
B03470,48,1,49.28,2,1,2,Nouveaux acheteurs,False,True,False,Tournée ORBITE,59
B03471,48,1,56.0,2,1,2,Nouveaux acheteurs,False,True,False,Tournée ORBITE,BE
B03472,48,1,56.0,2,1,2,Nouveaux acheteurs,False,False,False,Tournée ORBITE,13
B03473,48,1,56.0,2,1,2,Nouveaux acheteurs,False,True,True,Tournée ORBITE,59
B03474,48,1,56.0,2,1,2,Nouveaux acheteurs,False,False,True,Tournée ORBITE,69
B03475,48,1,56.0,2,1,2,Nouveaux acheteurs,True,True,False,Tournée ORBITE,59
B03476,48,1,49.28,2,1,2,Nouveaux acheteurs,False,True,False,Tournée ORBITE,59
B03477,48,1,28.0,2,1,1,Nouveaux acheteurs,False,False,False,Tournée ORBITE,59
B03478,48,1,49.28,2,1,2,Nouveaux acheteurs,True,True,True,Tournée ORBITE,59
B03479,48,1,56.0,2,1,2,Nouveaux acheteurs,False,False,False,Tournée ORBITE,59
B03480,17,2,135.2,4,2,4,Multi-dates,False,False,True,Tournée ORBITE,59
B03481,48,1,56.0,2,1,2,Nouveaux acheteurs,False,True,False,Tournée ORBITE,59
B03482,48,1,56.0,2,1,2,Nouveaux acheteurs,False,True,True,Tournée ORBITE,59
B03483,48,1,56.0,2,1,2,Nouveaux acheteurs,False,True,False,Tournée ORBITE,59
B03484,48,1,28.0,2,1,1,Nouveaux acheteurs,False,False,False,Tournée ORBITE,59
B03485,48,1,56.0,2,1,2,Nouveaux acheteurs,False,True,True,Tournée ORBITE,59
B03486,48,1,24.64,2,1,1,Nouveaux acheteurs,False,True,True,Tournée ORBITE,59
B03487,48,1,56.0,2,1,2,Nouveaux acheteurs,False,False,False,Tournée ORBITE,59
B03488,48,1,28.0,2,1,1,Nouveaux acheteurs,True,True,False,Tournée ORBITE,59
B03489,48,1,56.0,2,1,2,Nouveaux acheteurs,False,False,False,Tournée ORBITE,59
B03490,48,1,56.0,2,1,2,Nouveaux acheteurs,True,True,False,Tournée ORBITE,59
B03491,48,1,24.64,2,1,1,Nouveaux acheteurs,False,False,False,Tournée ORBITE,67
B03492,48,1,56.0,2,1,2,Nouveaux acheteurs,False,True,False,Tournée ORBITE,59
B03493,47,1,49.28,2,1,2,Nouveaux acheteurs,False,False,False,Tournée ORBITE,59
B03494,47,1,28.0,2,1,1,Nouveaux acheteurs,False,True,False,Tournée ORBITE,59
B03495,47,1,56.0,2,1,2,Nouveaux acheteurs,False,False,True,Tournée ORBITE,59
B03496,47,1,84.0,2,1,4,Gros paniers,False,True,False,Tournée ORBITE,59
B03497,47,1,56.0,2,1,2,Nouveaux acheteurs,False,False,True,Tournée ORBITE,59
B03498,47,1,28.0,2,1,1,Nouveaux acheteurs,False,True,True,Tournée ORBITE,69
B03499,47,1,28.0,2,1,1,Nouveaux acheteurs,False,True,True,Tournée ORBITE,59
B03500,47,1,56.0,2,1,2,Nouveaux acheteurs,False,True,False,Tournée ORBITE,59
B03501,47,1,56.0,2,1,2,Nouveaux acheteurs,False,False,True,Tournée ORBITE,59
B03502,47,1,56.0,2,1,2,Nouveaux acheteurs,False,True,False,Tournée ORBITE,35
B03503,47,1,56.0,2,1,2,Nouveaux acheteurs,False,False,False,Tournée ORBITE,59
B03504,47,1,56.0,2,1,2,Nouveaux acheteurs,False,True,False,Tournée ORBITE,31
B03505,47,1,56.0,2,1,2,Nouveaux acheteurs,False,True,False,Tournée ORBITE,13
B03506,47,1,56.0,2,1,2,Nouveaux acheteurs,False,False,False,Tournée ORBITE,59
B03507,47,1,28.0,2,1,1,Nouveaux acheteurs,False,True,True,Tournée ORBITE,59
B03508,47,1,56.0,2,1,2,Nouveaux acheteurs,False,True,True,Tournée ORBITE,59
B03509,47,1,56.0,2,1,2,Nouveaux acheteurs,False,True,False,Tournée ORBITE,33
B03510,46,1,56.0,2,1,2,Nouveaux acheteurs,False,True,False,Tournée ORBITE,59
B03511,46,1,56.0,2,1,2,Nouveaux acheteurs,False,False,True,Tournée ORBITE,59
B03512,42,2,83.0,3,2,4,Multi-dates,False,True,False,Tournée ORBITE,13
B03513,46,1,49.28,2,1,2,Nouveaux acheteurs,False,True,False,Tournée ORBITE,59
B03514,46,1,56.0,2,1,2,Nouveaux acheteurs,False,True,False,Tournée ORBITE,59
B03515,46,1,81.2,2,1,4,Gros paniers,False,False,False,Tournée ORBITE,59
B03516,46,1,56.0,2,1,2,Nouveaux acheteurs,False,True,False,Tournée ORBITE,59
B03517,46,1,49.28,2,1,2,Nouveaux acheteurs,True,True,False,Tournée ORBITE,59
B03518,46,1,56.0,2,1,2,Nouveaux acheteurs,True,True,False,Tournée ORBITE,59
B03519,46,1,56.0,2,1,2,Nouveaux acheteurs,False,True,False,Tournée ORBITE,59
B03520,46,1,56.0,2,1,2,Nouveaux acheteurs,False,True,False,Tournée ORBITE,59
B03521,46,1,28.0,2,1,1,Nouveaux acheteurs,True,True,False,Tournée ORBITE,BE
B03522,46,1,112.0,2,1,4,Gros paniers,False,False,True,Tournée ORBITE,59
B03523,46,1,56.0,2,1,2,Nouveaux acheteurs,False,False,False,Tournée ORBITE,59
B03524,46,1,28.0,2,1,1,Nouveaux acheteurs,False,False,False,Tournée ORBITE,59
B03525,46,1,24.64,2,1,1,Nouveaux acheteurs,True,True,True,Tournée ORBITE,67
B03526,45,1,56.0,2,1,2,Nouveaux acheteurs,False,True,True,Tournée ORBITE,59
B03527,45,1,56.0,2,1,2,Nouveaux acheteurs,False,True,False,Tournée ORBITE,59
B03528,45,1,98.56,2,1,4,Gros paniers,False,True,False,Tournée ORBITE,59
B03529,45,1,56.0,2,1,2,Nouveaux acheteurs,False,True,False,Tournée ORBITE,59
B03530,45,1,56.0,2,1,2,Nouveaux acheteurs,False,True,False,Tournée ORBITE,59
B03531,45,1,28.0,2,1,1,Nouveaux acheteurs,False,True,False,Tournée ORBITE,59
B03532,45,1,56.0,2,1,2,Nouveaux acheteurs,False,False,True,Tournée ORBITE,59
B03533,45,1,81.2,2,1,4,Gros paniers,False,False,False,Tournée ORBITE,59
B03534,45,1,56.0,2,1,3,Nouveaux acheteurs,True,True,True,Tournée ORBITE,59
B03535,45,1,28.0,2,1,1,Nouveaux acheteurs,False,False,False,Tournée ORBITE,59
B03536,45,1,24.64,2,1,1,Nouveaux acheteurs,False,True,False,Tournée ORBITE,59
B03537,44,1,56.0,2,1,3,Nouveaux acheteurs,False,False,True,Tournée ORBITE,59
B03538,44,1,56.0,2,1,3,Nouveaux acheteurs,True,True,False,Tournée ORBITE,59
B03539,23,2,80.64,4,2,4,Gros paniers,False,True,False,Tournée ORBITE,59
B03540,44,1,56.0,2,1,3,Nouveaux acheteurs,False,True,True,Tournée ORBITE,59
B03541,44,1,56.0,2,1,3,Nouveaux acheteurs,False,False,False,Tournée ORBITE,44
B03542,44,1,56.0,2,1,3,Nouveaux acheteurs,False,True,False,Tournée ORBITE,59
B03543,44,1,56.0,2,1,3,Nouveaux acheteurs,False,True,False,Tournée ORBITE,33
B03544,44,1,56.0,2,1,3,Nouveaux acheteurs,False,False,False,Tournée ORBITE,59
B03545,44,1,49.28,2,1,2,Nouveaux acheteurs,False,False,False,Tournée ORBITE,59
B03546,44,1,28.0,2,1,1,Nouveaux acheteurs,False,True,False,Tournée ORBITE,59
B03547,44,1,81.2,2,1,4,Gros paniers,False,True,False,Tournée ORBITE,59
B03548,44,1,56.0,2,1,3,Nouveaux acheteurs,False,False,False,Tournée ORBITE,59
B03549,44,1,49.28,2,1,2,Nouveaux acheteurs,False,False,True,Tournée ORBITE,59
B03550,44,1,28.0,2,1,1,Nouveaux acheteurs,False,True,False,Tournée ORBITE,59
B03551,44,1,56.0,2,1,3,Nouveaux acheteurs,False,False,False,Tournée ORBITE,59
B03552,44,1,56.0,2,1,3,Nouveaux acheteurs,False,True,True,Tournée ORBITE,59
B03553,44,1,81.2,2,1,4,Gros paniers,False,True,False,Tournée ORBITE,59
B03554,43,1,49.28,3,1,2,Nouveaux acheteurs,False,True,True,Tournée ORBITE,59
B03555,43,1,28.0,3,1,1,Nouveaux acheteurs,False,True,False,Tournée ORBITE,59
B03556,43,1,56.0,3,1,3,Nouveaux acheteurs,False,True,False,Tournée ORBITE,67
B03557,43,1,28.0,3,1,1,Nouveaux acheteurs,False,True,False,Tournée ORBITE,59
B03558,43,1,24.64,3,1,1,Nouveaux acheteurs,True,True,False,Tournée ORBITE,59
B03559,43,1,81.2,3,1,4,Gros paniers,False,False,False,Tournée ORBITE,59
B03560,43,1,56.0,3,1,3,Nouveaux acheteurs,False,False,False,Tournée ORBITE,59
B03561,43,1,28.0,3,1,1,Nouveaux acheteurs,False,True,True,Tournée ORBITE,59
B03562,43,1,56.0,3,1,3,Nouveaux acheteurs,False,True,False,Tournée ORBITE,59
B03563,42,1,56.0,3,1,3,Nouveaux acheteurs,False,False,False,Tournée ORBITE,59
B03564,42,1,28.0,3,1,1,Nouveaux acheteurs,False,True,True,Tournée ORBITE,59
B03565,42,1,28.0,3,1,1,Nouveaux acheteurs,False,True,False,Tournée ORBITE,13
B03566,42,1,81.2,3,1,4,Gros paniers,True,True,False,Tournée ORBITE,35
B03567,42,1,81.2,3,1,4,Gros paniers,False,False,False,Tournée ORBITE,59
B03568,42,1,56.0,3,1,3,Nouveaux acheteurs,True,True,False,Tournée ORBITE,59
B03569,42,1,56.0,3,1,3,Nouveaux acheteurs,True,True,False,Tournée ORBITE,59
B03570,42,1,40.6,3,1,1,Nouveaux acheteurs,False,True,False,Tournée ORBITE,59
B03571,42,1,28.0,3,1,1,Nouveaux acheteurs,False,False,False,Tournée ORBITE,59
B03572,42,1,56.0,3,1,3,Nouveaux acheteurs,False,False,True,Tournée ORBITE,59
B03573,42,1,56.0,3,1,3,Nouveaux acheteurs,False,True,False,Tournée ORBITE,59
B03574,42,1,56.0,3,1,3,Nouveaux acheteurs,False,False,False,Tournée ORBITE,59
B03575,41,1,28.0,3,1,1,Nouveaux acheteurs,False,True,False,Tournée ORBITE,59
B03576,41,1,121.8,3,1,4,Gros paniers,True,True,False,Tournée ORBITE,59
B03577,41,1,56.0,3,1,3,Nouveaux acheteurs,False,False,False,Tournée ORBITE,59
B03578,41,1,56.0,3,1,3,Nouveaux acheteurs,False,False,False,Tournée ORBITE,59
B03579,41,1,49.28,3,1,2,Nouveaux acheteurs,False,True,True,Tournée ORBITE,75
B03580,41,1,81.2,3,1,4,Gros paniers,False,True,False,Tournée ORBITE,59
B03581,40,1,56.0,3,1,3,Nouveaux acheteurs,False,False,False,Tournée ORBITE,59
B03582,40,1,56.0,3,1,3,Nouveaux acheteurs,False,True,False,Tournée ORBITE,34
B03583,40,1,28.0,3,1,1,Nouveaux acheteurs,False,False,False,Tournée ORBITE,59
B03584,40,1,56.0,3,1,3,Nouveaux acheteurs,True,True,False,Tournée ORBITE,33
B03585,40,1,56.0,3,1,3,Nouveaux acheteurs,False,False,False,Tournée ORBITE,59
B03586,40,1,28.0,3,1,1,Nouveaux acheteurs,False,True,False,Tournée ORBITE,59
B03587,39,1,56.0,3,1,3,Nouveaux acheteurs,False,True,True,Tournée ORBITE,59
B03588,39,1,56.0,3,1,3,Nouveaux acheteurs,False,False,False,Tournée ORBITE,59
B03589,39,1,56.0,3,1,3,Nouveaux acheteurs,False,False,True,Tournée ORBITE,59
B03590,39,1,56.0,3,1,3,Nouveaux acheteurs,False,True,False,Tournée ORBITE,59
B03591,39,1,28.0,3,1,1,Nouveaux acheteurs,False,True,False,Tournée ORBITE,13
B03592,39,1,56.0,3,1,3,Nouveaux acheteurs,False,False,False,Tournée ORBITE,59
B03593,39,1,28.0,3,1,1,Nouveaux acheteurs,False,True,False,Tournée ORBITE,69
B03594,38,1,28.0,3,1,1,Nouveaux acheteurs,False,True,False,Tournée ORBITE,59
B03595,38,1,28.0,3,1,1,Nouveaux acheteurs,False,False,False,Tournée ORBITE,59
B03596,38,1,28.0,3,1,1,Nouveaux acheteurs,True,True,False,Tournée ORBITE,59
B03597,38,1,84.0,3,1,4,Gros paniers,True,True,False,Tournée ORBITE,59
B03598,38,1,56.0,3,1,3,Nouveaux acheteurs,False,True,False,Tournée ORBITE,59
B03599,38,1,56.0,3,1,3,Nouveaux acheteurs,False,True,False,Tournée ORBITE,59
B03600,38,1,56.0,3,1,3,Nouveaux acheteurs,False,True,True,Tournée ORBITE,59
B03601,38,1,56.0,3,1,3,Nouveaux acheteurs,False,False,False,Tournée ORBITE,59
B03602,38,1,56.0,3,1,3,Nouveaux acheteurs,False,False,False,Tournée ORBITE,59
B03603,37,1,56.0,3,1,3,Nouveaux acheteurs,True,True,False,Tournée ORBITE,67
B03604,37,1,24.64,3,1,1,Nouveaux acheteurs,False,True,False,Tournée ORBITE,59
B03605,37,1,28.0,3,1,1,Nouveaux acheteurs,False,False,False,Tournée ORBITE,59
B03606,37,1,56.0,3,1,3,Nouveaux acheteurs,True,True,True,Tournée ORBITE,33
B03607,35,1,56.0,3,1,3,Nouveaux acheteurs,False,True,True,Tournée ORBITE,59
B03608,35,1,56.0,3,1,3,Nouveaux acheteurs,False,False,True,Tournée ORBITE,59
B03609,35,1,56.0,3,1,3,Nouveaux acheteurs,False,False,False,Tournée ORBITE,59
B03610,35,1,112.0,3,1,4,Gros paniers,False,False,False,Tournée ORBITE,59
B03611,35,2,94.6,3,2,4,Multi-dates,False,True,False,Tournée ORBITE,69
B03612,35,1,81.2,3,1,4,Gros paniers,False,False,True,Tournée ORBITE,59
B03613,35,1,56.0,3,1,3,Nouveaux acheteurs,False,True,False,Tournée ORBITE,59
B03614,35,1,28.0,3,1,1,Nouveaux acheteurs,False,True,False,Tournée ORBITE,BE
B03615,34,1,56.0,3,1,3,Nouveaux acheteurs,False,True,False,Tournée ORBITE,59
B03616,34,1,84.0,3,1,4,Gros paniers,True,True,True,Tournée ORBITE,59
B03617,34,1,56.0,3,1,3,Nouveaux acheteurs,False,True,False,Tournée ORBITE,59
B03618,34,1,56.0,3,1,3,Nouveaux acheteurs,True,True,False,Tournée ORBITE,59
B03619,34,1,56.0,3,1,3,Nouveaux acheteurs,False,False,False,Tournée ORBITE,59
B03620,33,1,56.0,3,1,3,Nouveaux acheteurs,False,True,False,Tournée ORBITE,59
B03621,33,1,56.0,3,1,3,Nouveaux acheteurs,False,True,False,Tournée ORBITE,35
B03622,32,1,56.0,3,1,3,Nouveaux acheteurs,False,True,False,Tournée ORBITE,59
B03623,32,1,28.0,3,1,1,Nouveaux acheteurs,False,False,True,Tournée ORBITE,59
B03624,31,1,49.28,3,1,2,Nouveaux acheteurs,True,True,True,Tournée ORBITE,59
B03625,31,1,56.0,3,1,3,Nouveaux acheteurs,False,False,False,Tournée ORBITE,59
B03626,31,1,40.6,3,1,1,Nouveaux acheteurs,False,False,False,Tournée ORBITE,59
B03627,30,1,56.0,3,1,3,Nouveaux acheteurs,False,True,False,Tournée ORBITE,59
B03628,30,1,56.0,3,1,3,Nouveaux acheteurs,False,True,True,Tournée ORBITE,59
B03629,30,1,40.6,3,1,1,Nouveaux acheteurs,True,True,False,Tournée ORBITE,59
B03630,29,1,56.0,3,1,3,Nouveaux acheteurs,False,True,False,Tournée ORBITE,59
B03631,29,1,56.0,3,1,3,Nouveaux acheteurs,True,True,False,Tournée ORBITE,34
B03632,29,1,56.0,3,1,3,Nouveaux acheteurs,False,True,True,Tournée ORBITE,59
B03633,29,1,112.0,3,1,4,Gros paniers,False,True,False,Tournée ORBITE,59
B03634,28,1,56.0,3,1,3,Nouveaux acheteurs,False,True,False,Tournée ORBITE,33
B03635,28,1,28.0,3,1,1,Nouveaux acheteurs,False,False,False,Tournée ORBITE,59
B03636,28,1,28.0,3,1,1,Nouveaux acheteurs,False,True,False,Tournée ORBITE,59
B03637,28,1,56.0,3,1,3,Nouveaux acheteurs,False,True,True,Tournée ORBITE,59
B03638,27,1,56.0,3,1,3,Nouveaux acheteurs,False,False,False,Tournée ORBITE,59
B03639,27,1,81.2,3,1,4,Gros paniers,False,True,False,Tournée ORBITE,75
B03640,26,1,56.0,4,1,3,Nouveaux acheteurs,False,False,False,Tournée ORBITE,59
B03641,26,1,56.0,4,1,3,Nouveaux acheteurs,False,True,False,Tournée ORBITE,67
B03642,26,1,84.0,4,1,4,Gros paniers,True,True,False,Tournée ORBITE,59
B03643,26,1,28.0,4,1,1,Nouveaux acheteurs,True,True,True,Tournée ORBITE,59
B03644,25,1,28.0,4,1,1,Nouveaux acheteurs,False,True,False,Tournée ORBITE,59
B03645,25,1,112.0,4,1,4,Gros paniers,False,False,True,Tournée ORBITE,59
B03646,24,1,56.0,4,1,3,Nouveaux acheteurs,False,True,False,Tournée ORBITE,59
B03647,22,1,56.0,4,1,3,Nouveaux acheteurs,False,True,False,Tournée ORBITE,59
B03648,22,1,56.0,4,1,3,Nouveaux acheteurs,True,True,False,Tournée ORBITE,35
B03649,22,1,28.0,4,1,1,Nouveaux acheteurs,False,True,False,Tournée ORBITE,59
B03650,22,1,56.0,4,1,3,Nouveaux acheteurs,False,True,False,Tournée ORBITE,59
B03651,21,1,112.0,4,1,4,Gros paniers,True,True,True,Tournée ORBITE,33
B03652,21,1,56.0,4,1,3,Nouveaux acheteurs,False,False,False,Tournée ORBITE,59
B03653,21,1,28.0,4,1,1,Nouveaux acheteurs,False,True,False,Tournée ORBITE,59
B03654,20,1,56.0,4,1,3,Nouveaux acheteurs,False,False,False,Tournée ORBITE,31
B03655,20,1,28.0,4,1,1,Nouveaux acheteurs,False,True,False,Tournée ORBITE,59
B03656,20,1,56.0,4,1,3,Nouveaux acheteurs,False,False,True,Tournée ORBITE,59
B03657,19,1,56.0,4,1,3,Nouveaux acheteurs,False,False,True,Tournée ORBITE,75
B03658,19,1,56.0,4,1,3,Nouveaux acheteurs,False,True,True,Tournée ORBITE,31
B03659,19,1,56.0,4,1,3,Nouveaux acheteurs,False,False,False,Tournée ORBITE,67
B03660,19,1,28.0,4,1,1,Nouveaux acheteurs,False,True,False,Tournée ORBITE,59
B03661,18,1,56.0,4,1,3,Nouveaux acheteurs,False,True,False,Tournée ORBITE,59
B03662,18,1,56.0,4,1,3,Nouveaux acheteurs,False,True,False,Tournée ORBITE,59
B03663,17,1,56.0,4,1,3,Nouveaux acheteurs,False,False,False,Tournée ORBITE,59
B03664,17,1,28.0,4,1,1,Nouveaux acheteurs,True,True,False,Tournée ORBITE,59
B03665,17,1,56.0,4,1,3,Nouveaux acheteurs,False,True,False,Tournée ORBITE,59
B03666,16,1,28.0,4,1,1,Nouveaux acheteurs,False,True,False,Tournée ORBITE,59
B03667,16,1,56.0,4,1,3,Nouveaux acheteurs,False,True,False,Tournée ORBITE,59
B03668,15,1,56.0,4,1,3,Nouveaux acheteurs,False,False,False,Tournée ORBITE,59
B03669,15,1,112.0,4,1,4,Gros paniers,False,True,False,Tournée ORBITE,59
B03670,15,1,56.0,4,1,3,Nouveaux acheteurs,False,True,False,Tournée ORBITE,59
B03671,14,1,81.2,4,1,4,Gros paniers,True,True,False,Tournée ORBITE,59
B03672,13,1,56.0,4,1,3,Nouveaux acheteurs,False,True,False,Tournée ORBITE,69
B03673,12,1,56.0,4,1,3,Nouveaux acheteurs,False,False,False,Tournée ORBITE,59
B03674,12,1,28.0,4,1,1,Nouveaux acheteurs,False,True,False,Tournée ORBITE,59
B03675,12,1,56.0,4,1,3,Nouveaux acheteurs,False,True,False,Tournée ORBITE,67
B03676,11,1,28.0,4,1,1,Nouveaux acheteurs,False,False,False,Tournée ORBITE,59
B03677,11,1,28.0,4,1,1,Nouveaux acheteurs,False,False,False,Tournée ORBITE,59
B03678,10,1,56.0,4,1,3,Nouveaux acheteurs,False,True,False,Tournée ORBITE,59
B03679,10,1,56.0,4,1,3,Nouveaux acheteurs,True,True,False,Tournée ORBITE,59
B03680,10,1,28.0,4,1,1,Nouveaux acheteurs,False,True,True,Tournée ORBITE,75
B03681,9,1,28.0,4,1,1,Nouveaux acheteurs,False,True,False,Tournée ORBITE,59
B03682,9,1,56.0,4,1,3,Nouveaux acheteurs,False,True,False,Tournée ORBITE,59
B03683,9,1,84.0,4,1,4,Gros paniers,False,True,False,Tournée ORBITE,59
B03684,9,1,84.0,4,1,4,Gros paniers,False,True,False,Tournée ORBITE,75
B03685,9,1,56.0,4,1,3,Nouveaux acheteurs,False,True,False,Tournée ORBITE,69
B03686,8,1,28.0,4,1,1,Nouveaux acheteurs,True,True,False,Tournée ORBITE,BE
B03687,8,1,56.0,4,1,3,Nouveaux acheteurs,True,True,False,Tournée ORBITE,59
B03688,8,1,28.0,4,1,1,Nouveaux acheteurs,False,True,False,Tournée ORBITE,33
B03689,7,1,81.2,4,1,4,Gros paniers,False,False,False,Tournée ORBITE,59
B03690,6,1,56.0,4,1,3,Nouveaux acheteurs,False,True,False,Tournée ORBITE,59
B03691,6,1,28.0,4,1,1,Nouveaux acheteurs,False,False,False,Tournée ORBITE,59
B03692,6,1,56.0,4,1,3,Nouveaux acheteurs,True,True,True,Tournée ORBITE,59
B03693,5,1,56.0,4,1,3,Nouveaux acheteurs,False,False,False,Tournée ORBITE,59
B03694,5,1,112.0,4,1,4,Gros paniers,False,True,False,Tournée ORBITE,59
B03695,5,2,85.0,4,2,4,Multi-dates,True,True,False,Tournée ORBITE,59
B03696,4,1,28.0,4,1,1,Nouveaux acheteurs,False,True,False,Tournée ORBITE,BE
B03697,4,1,28.0,4,1,1,Nouveaux acheteurs,False,False,False,Tournée ORBITE,59
B03698,4,1,28.0,4,1,1,Nouveaux acheteurs,False,True,False,Tournée ORBITE,59
B03699,3,1,28.0,4,1,1,Nouveaux acheteurs,False,False,False,Tournée ORBITE,59
B03700,3,1,56.0,4,1,3,Nouveaux acheteurs,False,True,False,Tournée ORBITE,59
B03701,2,1,56.0,4,1,3,Nouveaux acheteurs,True,True,False,Tournée ORBITE,59
B03702,2,1,56.0,4,1,3,Nouveaux acheteurs,False,True,False,Tournée ORBITE,33
B03703,2,1,56.0,4,1,3,Nouveaux acheteurs,False,True,False,Tournée ORBITE,59
B03704,2,1,121.8,4,1,4,Gros paniers,False,False,False,Tournée ORBITE,59
B03705,2,1,84.0,4,1,4,Gros paniers,True,True,False,Tournée ORBITE,59
B03706,2,1,28.0,4,1,1,Nouveaux acheteurs,False,False,True,Tournée ORBITE,59
B03707,1,1,56.0,4,1,3,Nouveaux acheteurs,True,True,False,Tournée ORBITE,59
B03708,1,1,56.0,4,1,3,Nouveaux acheteurs,False,False,False,Tournée ORBITE,59
B03709,1,1,56.0,4,1,3,Nouveaux acheteurs,False,True,False,Tournée ORBITE,59
B03710,1,1,56.0,4,1,3,Nouveaux acheteurs,False,True,False,Tournée ORBITE,59
B03711,1,1,28.0,4,1,1,Nouveaux acheteurs,True,True,True,Tournée ORBITE,59
B03712,1,1,28.0,4,1,1,Nouveaux acheteurs,False,True,False,Tournée ORBITE,59
B03713,0,1,28.0,4,1,1,Nouveaux acheteurs,False,True,False,Tournée ORBITE,75
B03714,42,1,27.0,3,1,1,Nouveaux acheteurs,True,True,False,Tournée ORBITE,75
B03715,42,1,54.0,3,1,2,Nouveaux acheteurs,False,True,False,Tournée ORBITE,67
B03716,42,1,54.0,3,1,2,Nouveaux acheteurs,False,True,False,Tournée ORBITE,67
B03717,42,1,54.0,3,1,2,Nouveaux acheteurs,False,True,True,Tournée ORBITE,67
B03718,42,1,23.76,3,1,1,Nouveaux acheteurs,True,True,False,Tournée ORBITE,67
B03719,42,1,47.52,3,1,2,Nouveaux acheteurs,False,False,False,Tournée ORBITE,67
B03720,42,1,54.0,3,1,2,Nouveaux acheteurs,False,False,False,Tournée ORBITE,67
B03721,42,1,54.0,3,1,2,Nouveaux acheteurs,False,True,False,Tournée ORBITE,67
B03722,42,1,54.0,3,1,2,Nouveaux acheteurs,False,False,False,Tournée ORBITE,67
B03723,42,1,27.0,3,1,1,Nouveaux acheteurs,False,True,False,Tournée ORBITE,67
B03724,42,1,54.0,3,1,2,Nouveaux acheteurs,False,False,True,Tournée ORBITE,67
B03725,42,1,54.0,3,1,2,Nouveaux acheteurs,False,False,False,Tournée ORBITE,31
B03726,42,1,54.0,3,1,2,Nouveaux acheteurs,False,False,False,Tournée ORBITE,67
B03727,42,1,23.76,3,1,1,Nouveaux acheteurs,True,True,False,Tournée ORBITE,35
B03728,42,1,27.0,3,1,1,Nouveaux acheteurs,False,False,False,Tournée ORBITE,75
B03729,42,1,27.0,3,1,1,Nouveaux acheteurs,False,True,False,Tournée ORBITE,34
B03730,42,1,54.0,3,1,2,Nouveaux acheteurs,False,True,False,Tournée ORBITE,67
B03731,42,1,54.0,3,1,2,Nouveaux acheteurs,False,False,True,Tournée ORBITE,67
B03732,42,1,27.0,3,1,1,Nouveaux acheteurs,False,False,False,Tournée ORBITE,67
B03733,42,1,81.0,3,1,4,Gros paniers,False,True,True,Tournée ORBITE,13
B03734,42,1,54.0,3,1,2,Nouveaux acheteurs,False,False,False,Tournée ORBITE,BE
B03735,42,1,54.0,3,1,2,Nouveaux acheteurs,False,True,False,Tournée ORBITE,33
B03736,42,1,78.3,3,1,4,Gros paniers,True,True,False,Tournée ORBITE,67
B03737,42,1,54.0,3,1,2,Nouveaux acheteurs,False,False,False,Tournée ORBITE,67
B03738,41,1,54.0,3,1,2,Nouveaux acheteurs,False,True,False,Tournée ORBITE,67
B03739,41,1,23.76,3,1,1,Nouveaux acheteurs,False,True,False,Tournée ORBITE,69
B03740,41,1,54.0,3,1,2,Nouveaux acheteurs,False,False,False,Tournée ORBITE,67
B03741,41,1,54.0,3,1,2,Nouveaux acheteurs,True,True,False,Tournée ORBITE,35
B03742,41,1,54.0,3,1,2,Nouveaux acheteurs,True,True,False,Tournée ORBITE,67
B03743,41,1,54.0,3,1,2,Nouveaux acheteurs,False,True,False,Tournée ORBITE,67
B03744,41,1,47.52,3,1,2,Nouveaux acheteurs,False,False,False,Tournée ORBITE,67
B03745,41,1,47.52,3,1,2,Nouveaux acheteurs,False,True,False,Tournée ORBITE,67
B03746,41,1,27.0,3,1,1,Nouveaux acheteurs,False,False,True,Tournée ORBITE,31
B03747,41,1,54.0,3,1,2,Nouveaux acheteurs,False,True,True,Tournée ORBITE,67
B03748,41,1,47.52,3,1,2,Nouveaux acheteurs,False,True,False,Tournée ORBITE,67
B03749,41,1,78.3,3,1,4,Gros paniers,True,True,False,Tournée ORBITE,59
B03750,41,1,27.0,3,1,1,Nouveaux acheteurs,False,True,False,Tournée ORBITE,67
B03751,41,1,54.0,3,1,2,Nouveaux acheteurs,False,True,False,Tournée ORBITE,67
B03752,41,1,23.76,3,1,1,Nouveaux acheteurs,False,True,True,Tournée ORBITE,67
B03753,41,1,27.0,3,1,1,Nouveaux acheteurs,False,False,False,Tournée ORBITE,67
B03754,41,1,47.52,3,1,2,Nouveaux acheteurs,False,False,False,Tournée ORBITE,67
B03755,41,1,78.3,3,1,4,Gros paniers,False,True,True,Tournée ORBITE,67
B03756,41,1,54.0,3,1,2,Nouveaux acheteurs,False,False,True,Tournée ORBITE,67
B03757,41,1,54.0,3,1,2,Nouveaux acheteurs,False,True,False,Tournée ORBITE,67
B03758,41,1,54.0,3,1,2,Nouveaux acheteurs,False,True,False,Tournée ORBITE,67
B03759,41,1,27.0,3,1,1,Nouveaux acheteurs,False,True,False,Tournée ORBITE,67
B03760,41,1,54.0,3,1,2,Nouveaux acheteurs,False,False,False,Tournée ORBITE,67
B03761,41,1,54.0,3,1,2,Nouveaux acheteurs,False,True,False,Tournée ORBITE,67
B03762,41,1,47.52,3,1,2,Nouveaux acheteurs,False,True,False,Tournée ORBITE,67
B03763,41,1,54.0,3,1,2,Nouveaux acheteurs,False,True,False,Tournée ORBITE,13
B03764,41,1,54.0,3,1,2,Nouveaux acheteurs,False,True,False,Tournée ORBITE,67
B03765,41,1,54.0,3,1,2,Nouveaux acheteurs,False,True,False,Tournée ORBITE,67
B03766,40,1,47.52,3,1,2,Nouveaux acheteurs,False,False,True,Tournée ORBITE,67
B03767,40,1,27.0,3,1,1,Nouveaux acheteurs,False,True,False,Tournée ORBITE,67
B03768,40,1,27.0,3,1,1,Nouveaux acheteurs,False,False,False,Tournée ORBITE,67
B03769,40,1,47.52,3,1,2,Nouveaux acheteurs,False,False,False,Tournée ORBITE,67
B03770,40,1,54.0,3,1,2,Nouveaux acheteurs,True,True,False,Tournée ORBITE,67
B03771,40,1,27.0,3,1,1,Nouveaux acheteurs,False,True,False,Tournée ORBITE,69
B03772,40,1,54.0,3,1,2,Nouveaux acheteurs,True,True,False,Tournée ORBITE,67
B03773,40,1,78.3,3,1,4,Gros paniers,True,True,False,Tournée ORBITE,67
B03774,40,1,47.52,3,1,2,Nouveaux acheteurs,False,True,True,Tournée ORBITE,67
B03775,40,1,54.0,3,1,2,Nouveaux acheteurs,False,False,False,Tournée ORBITE,67
B03776,40,1,81.0,3,1,4,Gros paniers,False,False,False,Tournée ORBITE,67
B03777,40,1,47.52,3,1,2,Nouveaux acheteurs,False,True,True,Tournée ORBITE,67
B03778,40,1,54.0,3,1,2,Nouveaux acheteurs,False,True,True,Tournée ORBITE,69
B03779,40,1,27.0,3,1,1,Nouveaux acheteurs,False,False,False,Tournée ORBITE,67
B03780,40,1,27.0,3,1,1,Nouveaux acheteurs,False,True,False,Tournée ORBITE,67
B03781,40,1,54.0,3,1,2,Nouveaux acheteurs,True,True,True,Tournée ORBITE,67
B03782,40,1,47.52,3,1,2,Nouveaux acheteurs,False,True,False,Tournée ORBITE,67
B03783,40,1,54.0,3,1,2,Nouveaux acheteurs,False,False,False,Tournée ORBITE,67
B03784,40,1,54.0,3,1,2,Nouveaux acheteurs,False,True,False,Tournée ORBITE,75
B03785,40,1,54.0,3,1,2,Nouveaux acheteurs,False,True,True,Tournée ORBITE,67
B03786,40,1,54.0,3,1,2,Nouveaux acheteurs,False,False,True,Tournée ORBITE,67
B03787,39,2,99.52000000000001,3,2,4,Multi-dates,False,False,False,Tournée ORBITE,67
B03788,39,1,27.0,3,1,1,Nouveaux acheteurs,False,True,False,Tournée ORBITE,67
B03789,39,1,54.0,3,1,2,Nouveaux acheteurs,False,False,False,Tournée ORBITE,33
B03790,39,1,47.52,3,1,2,Nouveaux acheteurs,False,True,True,Tournée ORBITE,67
B03791,39,1,54.0,3,1,2,Nouveaux acheteurs,False,True,False,Tournée ORBITE,67
B03792,39,1,54.0,3,1,2,Nouveaux acheteurs,False,True,True,Tournée ORBITE,75
B03793,39,1,54.0,3,1,2,Nouveaux acheteurs,False,True,False,Tournée ORBITE,67
B03794,39,1,47.52,3,1,2,Nouveaux acheteurs,False,True,False,Tournée ORBITE,67
B03795,39,1,81.0,3,1,4,Gros paniers,False,False,False,Tournée ORBITE,34
B03796,39,1,27.0,3,1,1,Nouveaux acheteurs,False,True,False,Tournée ORBITE,67
B03797,39,1,81.0,3,1,4,Gros paniers,True,True,True,Tournée ORBITE,44
B03798,39,1,27.0,3,1,1,Nouveaux acheteurs,False,True,False,Tournée ORBITE,67
B03799,39,1,54.0,3,1,2,Nouveaux acheteurs,False,True,False,Tournée ORBITE,67
B03800,39,1,54.0,3,1,2,Nouveaux acheteurs,False,True,False,Tournée ORBITE,67
B03801,39,1,27.0,3,1,1,Nouveaux acheteurs,False,False,True,Tournée ORBITE,67
B03802,39,1,23.76,3,1,1,Nouveaux acheteurs,False,True,True,Tournée ORBITE,67
B03803,38,1,54.0,3,1,2,Nouveaux acheteurs,False,False,True,Tournée ORBITE,67
B03804,38,1,47.52,3,1,2,Nouveaux acheteurs,False,False,False,Tournée ORBITE,67
B03805,38,1,54.0,3,1,2,Nouveaux acheteurs,False,False,False,Tournée ORBITE,67
B03806,38,1,27.0,3,1,1,Nouveaux acheteurs,True,True,False,Tournée ORBITE,67
B03807,38,1,47.52,3,1,2,Nouveaux acheteurs,False,True,False,Tournée ORBITE,67
B03808,38,1,27.0,3,1,1,Nouveaux acheteurs,True,True,False,Tournée ORBITE,67
B03809,38,1,156.6,3,1,4,Gros paniers,False,True,False,Tournée ORBITE,67
B03810,38,1,54.0,3,1,2,Nouveaux acheteurs,False,False,True,Tournée ORBITE,67
B03811,37,1,27.0,3,1,1,Nouveaux acheteurs,True,True,True,Tournée ORBITE,67
B03812,37,1,23.76,3,1,1,Nouveaux acheteurs,False,True,False,Tournée ORBITE,67
B03813,37,1,71.28,3,1,3,Nouveaux acheteurs,False,False,False,Tournée ORBITE,67
B03814,37,1,54.0,3,1,2,Nouveaux acheteurs,False,True,False,Tournée ORBITE,67
B03815,37,1,78.3,3,1,4,Gros paniers,False,True,False,Tournée ORBITE,34
B03816,37,1,54.0,3,1,2,Nouveaux acheteurs,False,False,True,Tournée ORBITE,67
B03817,37,1,54.0,3,1,2,Nouveaux acheteurs,False,True,False,Tournée ORBITE,67
B03818,37,1,23.76,3,1,1,Nouveaux acheteurs,False,True,False,Tournée ORBITE,67
B03819,37,1,54.0,3,1,2,Nouveaux acheteurs,False,True,False,Tournée ORBITE,67
B03820,37,1,47.52,3,1,2,Nouveaux acheteurs,False,True,False,Tournée ORBITE,67
B03821,37,1,27.0,3,1,1,Nouveaux acheteurs,False,False,True,Tournée ORBITE,67
B03822,37,1,27.0,3,1,1,Nouveaux acheteurs,False,False,True,Tournée ORBITE,67
B03823,36,1,27.0,3,1,1,Nouveaux acheteurs,True,True,False,Tournée ORBITE,BE
B03824,15,2,83.0,4,2,4,Multi-dates,False,True,False,Tournée ORBITE,67
B03825,36,1,23.76,3,1,1,Nouveaux acheteurs,False,False,False,Tournée ORBITE,BE
B03826,36,1,78.3,3,1,4,Gros paniers,False,True,False,Tournée ORBITE,67
B03827,36,1,54.0,3,1,2,Nouveaux acheteurs,False,True,False,Tournée ORBITE,67
B03828,36,1,27.0,3,1,1,Nouveaux acheteurs,False,True,False,Tournée ORBITE,67
B03829,36,1,54.0,3,1,2,Nouveaux acheteurs,False,False,True,Tournée ORBITE,67
B03830,36,1,54.0,3,1,2,Nouveaux acheteurs,False,False,True,Tournée ORBITE,13
B03831,36,1,23.76,3,1,1,Nouveaux acheteurs,True,True,True,Tournée ORBITE,67
B03832,36,1,54.0,3,1,2,Nouveaux acheteurs,False,False,False,Tournée ORBITE,75
B03833,36,1,27.0,3,1,1,Nouveaux acheteurs,True,True,False,Tournée ORBITE,67
B03834,36,1,54.0,3,1,2,Nouveaux acheteurs,False,False,False,Tournée ORBITE,67
B03835,36,1,54.0,3,1,2,Nouveaux acheteurs,False,False,False,Tournée ORBITE,75
B03836,36,1,27.0,3,1,1,Nouveaux acheteurs,False,False,False,Tournée ORBITE,75
B03837,35,1,54.0,3,1,2,Nouveaux acheteurs,False,True,False,Tournée ORBITE,67
B03838,35,1,54.0,3,1,2,Nouveaux acheteurs,False,True,True,Tournée ORBITE,67
B03839,35,1,54.0,3,1,2,Nouveaux acheteurs,False,True,False,Tournée ORBITE,67
B03840,35,1,54.0,3,1,2,Nouveaux acheteurs,False,True,True,Tournée ORBITE,67
B03841,34,1,78.3,3,1,4,Gros paniers,False,False,False,Tournée ORBITE,67
B03842,34,1,54.0,3,1,2,Nouveaux acheteurs,False,True,False,Tournée ORBITE,67
B03843,34,1,27.0,3,1,1,Nouveaux acheteurs,False,False,False,Tournée ORBITE,33
B03844,34,1,54.0,3,1,2,Nouveaux acheteurs,False,True,False,Tournée ORBITE,BE
B03845,34,1,81.0,3,1,4,Gros paniers,False,True,False,Tournée ORBITE,33
B03846,34,1,54.0,3,1,2,Nouveaux acheteurs,False,False,True,Tournée ORBITE,67
B03847,34,1,54.0,3,1,2,Nouveaux acheteurs,False,True,False,Tournée ORBITE,67
B03848,34,1,54.0,3,1,2,Nouveaux acheteurs,False,True,True,Tournée ORBITE,67
B03849,34,1,78.3,3,1,4,Gros paniers,False,True,False,Tournée ORBITE,67
B03850,33,1,54.0,3,1,2,Nouveaux acheteurs,True,True,False,Tournée ORBITE,67
B03851,33,1,54.0,3,1,2,Nouveaux acheteurs,False,True,True,Tournée ORBITE,67
B03852,33,1,27.0,3,1,1,Nouveaux acheteurs,False,True,False,Tournée ORBITE,67
B03853,33,1,78.3,3,1,4,Gros paniers,False,False,True,Tournée ORBITE,67
B03854,33,1,54.0,3,1,2,Nouveaux acheteurs,False,True,False,Tournée ORBITE,75
B03855,33,1,54.0,3,1,2,Nouveaux acheteurs,False,True,True,Tournée ORBITE,35
B03856,33,1,54.0,3,1,2,Nouveaux acheteurs,True,True,True,Tournée ORBITE,31
B03857,33,1,54.0,3,1,2,Nouveaux acheteurs,False,True,False,Tournée ORBITE,34
B03858,32,1,54.0,3,1,2,Nouveaux acheteurs,False,True,False,Tournée ORBITE,67
B03859,32,1,39.15,3,1,1,Nouveaux acheteurs,False,False,True,Tournée ORBITE,67
B03860,32,1,27.0,3,1,1,Nouveaux acheteurs,False,False,False,Tournée ORBITE,67
B03861,32,1,54.0,3,1,2,Nouveaux acheteurs,False,True,False,Tournée ORBITE,67
B03862,31,1,27.0,3,1,1,Nouveaux acheteurs,False,True,False,Tournée ORBITE,67
B03863,31,1,108.0,3,1,4,Gros paniers,False,True,True,Tournée ORBITE,33
B03864,31,1,54.0,3,1,2,Nouveaux acheteurs,False,True,False,Tournée ORBITE,67
B03865,31,1,54.0,3,1,2,Nouveaux acheteurs,False,False,False,Tournée ORBITE,35
B03866,31,1,54.0,3,1,2,Nouveaux acheteurs,False,False,False,Tournée ORBITE,67
B03867,31,1,54.0,3,1,2,Nouveaux acheteurs,False,False,False,Tournée ORBITE,33
B03868,30,1,54.0,3,1,2,Nouveaux acheteurs,False,False,False,Tournée ORBITE,67
B03869,30,1,27.0,3,1,1,Nouveaux acheteurs,False,False,False,Tournée ORBITE,44
B03870,29,1,54.0,3,1,2,Nouveaux acheteurs,False,False,False,Tournée ORBITE,67
B03871,29,1,54.0,3,1,2,Nouveaux acheteurs,False,True,False,Tournée ORBITE,67
B03872,27,1,81.0,3,1,4,Gros paniers,False,False,False,Tournée ORBITE,31
B03873,27,1,54.0,3,1,2,Nouveaux acheteurs,False,True,False,Tournée ORBITE,67
B03874,27,1,81.0,3,1,4,Gros paniers,False,False,False,Tournée ORBITE,67
B03875,27,1,54.0,3,1,2,Nouveaux acheteurs,False,True,False,Tournée ORBITE,67
B03876,27,1,81.0,3,1,4,Gros paniers,False,True,True,Tournée ORBITE,67
B03877,26,1,78.3,4,1,4,Gros paniers,False,True,False,Tournée ORBITE,67
B03878,25,1,54.0,4,1,2,Nouveaux acheteurs,True,True,False,Tournée ORBITE,67
B03879,25,1,54.0,4,1,2,Nouveaux acheteurs,False,False,True,Tournée ORBITE,33
B03880,24,1,27.0,4,1,1,Nouveaux acheteurs,False,False,False,Tournée ORBITE,67
B03881,24,1,54.0,4,1,2,Nouveaux acheteurs,False,False,False,Tournée ORBITE,BE
B03882,24,1,81.0,4,1,4,Gros paniers,False,True,False,Tournée ORBITE,67
B03883,23,1,54.0,4,1,2,Nouveaux acheteurs,True,True,True,Tournée ORBITE,67
B03884,23,1,81.0,4,1,4,Gros paniers,True,True,False,Tournée ORBITE,67
B03885,22,1,54.0,4,1,2,Nouveaux acheteurs,False,False,False,Tournée ORBITE,67
B03886,22,1,27.0,4,1,1,Nouveaux acheteurs,False,False,False,Tournée ORBITE,67
B03887,22,1,27.0,4,1,1,Nouveaux acheteurs,False,True,True,Tournée ORBITE,67
B03888,22,1,54.0,4,1,2,Nouveaux acheteurs,False,False,True,Tournée ORBITE,67
B03889,21,1,54.0,4,1,2,Nouveaux acheteurs,False,True,True,Tournée ORBITE,33
B03890,21,1,54.0,4,1,2,Nouveaux acheteurs,False,False,False,Tournée ORBITE,59
B03891,20,1,54.0,4,1,2,Nouveaux acheteurs,False,False,False,Tournée ORBITE,67
B03892,20,1,81.0,4,1,4,Gros paniers,False,False,False,Tournée ORBITE,67
B03893,20,1,54.0,4,1,2,Nouveaux acheteurs,False,False,False,Tournée ORBITE,67
B03894,19,1,54.0,4,1,2,Nouveaux acheteurs,False,True,False,Tournée ORBITE,67
B03895,18,1,78.3,4,1,4,Gros paniers,False,True,False,Tournée ORBITE,67
B03896,17,1,54.0,4,1,2,Nouveaux acheteurs,False,True,False,Tournée ORBITE,67
B03897,16,1,27.0,4,1,1,Nouveaux acheteurs,False,True,False,Tournée ORBITE,59
B03898,16,1,54.0,4,1,2,Nouveaux acheteurs,False,True,False,Tournée ORBITE,67
B03899,15,1,27.0,4,1,1,Nouveaux acheteurs,False,False,False,Tournée ORBITE,67
B03900,15,1,54.0,4,1,2,Nouveaux acheteurs,False,True,False,Tournée ORBITE,67
B03901,14,1,78.3,4,1,4,Gros paniers,False,False,True,Tournée ORBITE,67
B03902,14,1,27.0,4,1,1,Nouveaux acheteurs,False,True,True,Tournée ORBITE,67
B03903,14,1,47.52,4,1,2,Nouveaux acheteurs,True,True,False,Tournée ORBITE,67
B03904,13,1,54.0,4,1,2,Nouveaux acheteurs,False,True,False,Tournée ORBITE,67
B03905,13,1,78.3,4,1,4,Gros paniers,False,False,False,Tournée ORBITE,67
B03906,12,1,27.0,4,1,1,Nouveaux acheteurs,True,True,True,Tournée ORBITE,67
B03907,12,1,54.0,4,1,2,Nouveaux acheteurs,True,True,True,Tournée ORBITE,67
B03908,12,1,54.0,4,1,2,Nouveaux acheteurs,False,True,False,Tournée ORBITE,67
B03909,11,1,54.0,4,1,2,Nouveaux acheteurs,False,True,True,Tournée ORBITE,67
B03910,11,1,54.0,4,1,2,Nouveaux acheteurs,False,False,False,Tournée ORBITE,69
B03911,10,1,27.0,4,1,1,Nouveaux acheteurs,False,True,False,Tournée ORBITE,67
B03912,10,1,27.0,4,1,1,Nouveaux acheteurs,False,False,True,Tournée ORBITE,67
B03913,10,1,39.15,4,1,1,Nouveaux acheteurs,True,True,False,Tournée ORBITE,67
B03914,10,1,81.0,4,1,4,Gros paniers,False,False,False,Tournée ORBITE,67
B03915,10,1,27.0,4,1,1,Nouveaux acheteurs,True,True,False,Tournée ORBITE,67
B03916,9,1,54.0,4,1,2,Nouveaux acheteurs,False,True,False,Tournée ORBITE,67
B03917,9,1,78.3,4,1,4,Gros paniers,False,True,True,Tournée ORBITE,67
B03918,9,1,27.0,4,1,1,Nouveaux acheteurs,False,False,False,Tournée ORBITE,31
B03919,9,1,54.0,4,1,2,Nouveaux acheteurs,True,True,False,Tournée ORBITE,67
B03920,9,1,27.0,4,1,1,Nouveaux acheteurs,True,True,False,Tournée ORBITE,59
B03921,9,1,27.0,4,1,1,Nouveaux acheteurs,False,True,False,Tournée ORBITE,67
B03922,8,1,54.0,4,1,2,Nouveaux acheteurs,False,False,False,Tournée ORBITE,31
B03923,7,1,54.0,4,1,2,Nouveaux acheteurs,False,True,False,Tournée ORBITE,67
B03924,7,1,54.0,4,1,2,Nouveaux acheteurs,False,True,False,Tournée ORBITE,67
B03925,7,1,27.0,4,1,1,Nouveaux acheteurs,False,True,False,Tournée ORBITE,67
B03926,7,1,54.0,4,1,2,Nouveaux acheteurs,False,True,False,Tournée ORBITE,67
B03927,6,1,54.0,4,1,2,Nouveaux acheteurs,False,False,False,Tournée ORBITE,67
B03928,6,1,54.0,4,1,2,Nouveaux acheteurs,False,True,False,Tournée ORBITE,67
B03929,6,1,27.0,4,1,1,Nouveaux acheteurs,False,True,False,Tournée ORBITE,67
B03930,6,1,54.0,4,1,2,Nouveaux acheteurs,False,True,False,Tournée ORBITE,13
B03931,5,1,54.0,4,1,2,Nouveaux acheteurs,False,True,True,Tournée ORBITE,67
B03932,5,2,83.0,4,2,4,Multi-dates,False,False,False,Tournée ORBITE,67
B03933,4,1,54.0,4,1,2,Nouveaux acheteurs,False,True,False,Tournée ORBITE,13
B03934,3,1,27.0,4,1,1,Nouveaux acheteurs,False,True,False,Tournée ORBITE,67
B03935,3,1,54.0,4,1,2,Nouveaux acheteurs,False,True,False,Tournée ORBITE,67
B03936,2,1,54.0,4,1,2,Nouveaux acheteurs,True,True,False,Tournée ORBITE,67
B03937,2,1,27.0,4,1,1,Nouveaux acheteurs,False,False,True,Tournée ORBITE,67
B03938,2,1,54.0,4,1,2,Nouveaux acheteurs,False,False,False,Tournée ORBITE,67
B03939,1,1,54.0,4,1,2,Nouveaux acheteurs,False,False,False,Tournée ORBITE,67
B03940,1,1,54.0,4,1,2,Nouveaux acheteurs,False,True,False,Tournée ORBITE,67
B03941,1,1,108.0,4,1,4,Gros paniers,False,True,False,Tournée ORBITE,67
B03942,1,1,54.0,4,1,2,Nouveaux acheteurs,False,False,False,Tournée ORBITE,67
B03943,0,1,54.0,4,1,2,Nouveaux acheteurs,False,True,True,Tournée ORBITE,67
B03944,0,1,47.52,4,1,2,Nouveaux acheteurs,False,True,False,Tournée ORBITE,67
B03945,0,1,54.0,4,1,2,Nouveaux acheteurs,False,False,False,Tournée ORBITE,33
B03946,42,1,52.0,3,1,2,Nouveaux acheteurs,False,False,False,Tournée ORBITE,13
B03947,42,1,26.0,3,1,1,Nouveaux acheteurs,False,True,False,Tournée ORBITE,13
B03948,42,1,52.0,3,1,2,Nouveaux acheteurs,False,False,False,Tournée ORBITE,13
B03949,42,1,78.0,3,1,4,Gros paniers,False,True,False,Tournée ORBITE,13
B03950,42,1,78.0,3,1,4,Gros paniers,False,False,False,Tournée ORBITE,13
B03951,42,1,45.76,3,1,2,Nouveaux acheteurs,False,False,True,Tournée ORBITE,13
B03952,42,1,52.0,3,1,2,Nouveaux acheteurs,False,True,False,Tournée ORBITE,13
B03953,42,1,45.76,3,1,2,Nouveaux acheteurs,False,True,False,Tournée ORBITE,13
B03954,42,1,52.0,3,1,2,Nouveaux acheteurs,True,True,False,Tournée ORBITE,13
B03955,42,1,78.0,3,1,4,Gros paniers,False,True,False,Tournée ORBITE,13
B03956,42,1,52.0,3,1,2,Nouveaux acheteurs,True,True,False,Tournée ORBITE,75
B03957,42,1,52.0,3,1,2,Nouveaux acheteurs,True,True,False,Tournée ORBITE,13
B03958,42,1,45.76,3,1,2,Nouveaux acheteurs,False,True,True,Tournée ORBITE,13
B03959,42,1,22.88,3,1,1,Nouveaux acheteurs,True,True,False,Tournée ORBITE,13
B03960,42,1,45.76,3,1,2,Nouveaux acheteurs,True,True,True,Tournée ORBITE,13
B03961,42,1,78.0,3,1,4,Gros paniers,False,True,False,Tournée ORBITE,33
B03962,42,1,26.0,3,1,1,Nouveaux acheteurs,False,True,False,Tournée ORBITE,31
B03963,42,1,22.88,3,1,1,Nouveaux acheteurs,False,False,True,Tournée ORBITE,13
B03964,42,1,26.0,3,1,1,Nouveaux acheteurs,True,True,False,Tournée ORBITE,13
B03965,42,1,52.0,3,1,2,Nouveaux acheteurs,False,True,False,Tournée ORBITE,13
B03966,41,1,22.88,3,1,1,Nouveaux acheteurs,False,False,False,Tournée ORBITE,13
B03967,41,1,26.0,3,1,1,Nouveaux acheteurs,False,False,False,Tournée ORBITE,59
B03968,41,1,45.76,3,1,2,Nouveaux acheteurs,False,True,False,Tournée ORBITE,67
B03969,41,1,52.0,3,1,2,Nouveaux acheteurs,False,False,False,Tournée ORBITE,13
B03970,41,1,52.0,3,1,2,Nouveaux acheteurs,False,False,False,Tournée ORBITE,13
B03971,41,1,37.7,3,1,1,Nouveaux acheteurs,False,False,False,Tournée ORBITE,13
B03972,41,1,78.0,3,1,4,Gros paniers,False,False,False,Tournée ORBITE,13
B03973,41,1,52.0,3,1,2,Nouveaux acheteurs,False,False,False,Tournée ORBITE,13
B03974,41,1,26.0,3,1,1,Nouveaux acheteurs,False,True,False,Tournée ORBITE,13
B03975,41,1,75.4,3,1,4,Gros paniers,False,True,False,Tournée ORBITE,13
B03976,41,1,52.0,3,1,2,Nouveaux acheteurs,False,False,True,Tournée ORBITE,13
B03977,41,1,75.4,3,1,4,Gros paniers,False,False,True,Tournée ORBITE,13
B03978,41,1,113.1,3,1,4,Gros paniers,False,False,False,Tournée ORBITE,13
B03979,41,1,26.0,3,1,1,Nouveaux acheteurs,False,True,True,Tournée ORBITE,13
B03980,40,1,26.0,3,1,1,Nouveaux acheteurs,False,True,False,Tournée ORBITE,35
B03981,40,1,52.0,3,1,2,Nouveaux acheteurs,True,True,False,Tournée ORBITE,75
B03982,40,1,52.0,3,1,2,Nouveaux acheteurs,False,False,False,Tournée ORBITE,13
B03983,18,2,110.0,4,2,4,Multi-dates,True,True,False,Tournée ORBITE,13
B03984,40,1,52.0,3,1,2,Nouveaux acheteurs,False,True,True,Tournée ORBITE,13
B03985,40,1,52.0,3,1,2,Nouveaux acheteurs,False,False,False,Tournée ORBITE,13
B03986,40,1,52.0,3,1,2,Nouveaux acheteurs,False,True,False,Tournée ORBITE,13
B03987,39,1,37.7,3,1,1,Nouveaux acheteurs,False,True,True,Tournée ORBITE,34
B03988,39,1,45.76,3,1,2,Nouveaux acheteurs,False,True,False,Tournée ORBITE,13
B03989,39,1,52.0,3,1,2,Nouveaux acheteurs,True,True,False,Tournée ORBITE,13
B03990,39,1,52.0,3,1,2,Nouveaux acheteurs,True,True,False,Tournée ORBITE,13
B03991,39,1,26.0,3,1,1,Nouveaux acheteurs,False,False,False,Tournée ORBITE,BE
B03992,39,1,52.0,3,1,2,Nouveaux acheteurs,True,True,True,Tournée ORBITE,13
B03993,39,1,26.0,3,1,1,Nouveaux acheteurs,False,False,False,Tournée ORBITE,13
B03994,39,1,52.0,3,1,2,Nouveaux acheteurs,False,False,False,Tournée ORBITE,13
B03995,39,1,52.0,3,1,2,Nouveaux acheteurs,False,True,False,Tournée ORBITE,69
B03996,39,1,52.0,3,1,2,Nouveaux acheteurs,False,True,False,Tournée ORBITE,13
B03997,39,1,52.0,3,1,2,Nouveaux acheteurs,False,True,False,Tournée ORBITE,13
B03998,39,1,52.0,3,1,2,Nouveaux acheteurs,False,True,False,Tournée ORBITE,13
B03999,39,1,52.0,3,1,2,Nouveaux acheteurs,False,True,False,Tournée ORBITE,13
B04000,39,1,26.0,3,1,1,Nouveaux acheteurs,False,True,False,Tournée ORBITE,44
B04001,38,1,52.0,3,1,2,Nouveaux acheteurs,False,False,False,Tournée ORBITE,13
B04002,38,1,52.0,3,1,2,Nouveaux acheteurs,True,True,False,Tournée ORBITE,13
B04003,38,1,52.0,3,1,2,Nouveaux acheteurs,False,True,True,Tournée ORBITE,13
B04004,38,1,52.0,3,1,2,Nouveaux acheteurs,False,True,False,Tournée ORBITE,13
B04005,37,1,22.88,3,1,1,Nouveaux acheteurs,False,False,False,Tournée ORBITE,13
B04006,37,1,75.4,3,1,4,Gros paniers,False,False,False,Tournée ORBITE,13
B04007,37,1,52.0,3,1,2,Nouveaux acheteurs,False,True,False,Tournée ORBITE,13
B04008,37,1,52.0,3,1,2,Nouveaux acheteurs,False,True,False,Tournée ORBITE,13
B04009,37,1,52.0,3,1,2,Nouveaux acheteurs,False,True,False,Tournée ORBITE,13
B04010,37,1,52.0,3,1,2,Nouveaux acheteurs,False,False,False,Tournée ORBITE,13
B04011,37,1,45.76,3,1,2,Nouveaux acheteurs,False,True,False,Tournée ORBITE,13
B04012,37,1,52.0,3,1,2,Nouveaux acheteurs,False,False,False,Tournée ORBITE,13
B04013,36,1,52.0,3,1,2,Nouveaux acheteurs,False,False,True,Tournée ORBITE,13
B04014,36,1,26.0,3,1,1,Nouveaux acheteurs,False,True,False,Tournée ORBITE,13
B04015,36,1,52.0,3,1,2,Nouveaux acheteurs,False,True,False,Tournée ORBITE,13
B04016,36,1,52.0,3,1,2,Nouveaux acheteurs,False,True,False,Tournée ORBITE,13
B04017,36,1,52.0,3,1,2,Nouveaux acheteurs,False,False,True,Tournée ORBITE,69
B04018,35,1,26.0,3,1,1,Nouveaux acheteurs,False,True,False,Tournée ORBITE,13
B04019,35,1,26.0,3,1,1,Nouveaux acheteurs,False,False,False,Tournée ORBITE,13
B04020,35,1,52.0,3,1,2,Nouveaux acheteurs,False,False,False,Tournée ORBITE,13
B04021,35,1,52.0,3,1,2,Nouveaux acheteurs,False,True,False,Tournée ORBITE,13
B04022,35,1,52.0,3,1,2,Nouveaux acheteurs,False,True,False,Tournée ORBITE,69
B04023,35,1,26.0,3,1,1,Nouveaux acheteurs,False,True,True,Tournée ORBITE,35
B04024,34,1,52.0,3,1,2,Nouveaux acheteurs,True,True,True,Tournée ORBITE,13
B04025,34,1,26.0,3,1,1,Nouveaux acheteurs,False,True,True,Tournée ORBITE,13
B04026,34,1,26.0,3,1,1,Nouveaux acheteurs,False,True,True,Tournée ORBITE,13
B04027,34,1,26.0,3,1,1,Nouveaux acheteurs,False,False,False,Tournée ORBITE,13
B04028,34,1,52.0,3,1,2,Nouveaux acheteurs,False,True,False,Tournée ORBITE,13
B04029,33,1,52.0,3,1,2,Nouveaux acheteurs,False,True,False,Tournée ORBITE,13
B04030,33,1,52.0,3,1,2,Nouveaux acheteurs,False,True,False,Tournée ORBITE,13
B04031,33,1,104.0,3,1,4,Gros paniers,False,True,False,Tournée ORBITE,34
B04032,33,1,52.0,3,1,2,Nouveaux acheteurs,True,True,False,Tournée ORBITE,13
B04033,32,1,26.0,3,1,1,Nouveaux acheteurs,False,False,False,Tournée ORBITE,13
B04034,31,1,26.0,3,1,1,Nouveaux acheteurs,False,False,False,Tournée ORBITE,13
B04035,31,1,52.0,3,1,2,Nouveaux acheteurs,False,False,False,Tournée ORBITE,13
B04036,31,1,52.0,3,1,2,Nouveaux acheteurs,False,True,False,Tournée ORBITE,BE
B04037,30,1,52.0,3,1,2,Nouveaux acheteurs,False,False,False,Tournée ORBITE,13
B04038,30,1,52.0,3,1,2,Nouveaux acheteurs,False,True,False,Tournée ORBITE,13
B04039,30,1,26.0,3,1,1,Nouveaux acheteurs,False,True,False,Tournée ORBITE,13
B04040,29,1,26.0,3,1,1,Nouveaux acheteurs,False,False,False,Tournée ORBITE,13
B04041,28,1,52.0,3,1,2,Nouveaux acheteurs,False,True,True,Tournée ORBITE,13
B04042,27,1,52.0,3,1,2,Nouveaux acheteurs,False,True,False,Tournée ORBITE,BE
B04043,27,1,78.0,3,1,4,Gros paniers,False,True,False,Tournée ORBITE,13
B04044,27,1,78.0,3,1,4,Gros paniers,True,True,True,Tournée ORBITE,13
B04045,27,1,26.0,3,1,1,Nouveaux acheteurs,False,True,False,Tournée ORBITE,13
B04046,26,1,104.0,4,1,4,Gros paniers,False,True,False,Tournée ORBITE,13
B04047,26,1,52.0,4,1,2,Nouveaux acheteurs,False,True,False,Tournée ORBITE,13
B04048,26,1,52.0,4,1,2,Nouveaux acheteurs,True,True,False,Tournée ORBITE,13
B04049,26,1,52.0,4,1,2,Nouveaux acheteurs,False,True,False,Tournée ORBITE,13
B04050,25,1,26.0,4,1,1,Nouveaux acheteurs,False,False,False,Tournée ORBITE,13
B04051,25,1,52.0,4,1,2,Nouveaux acheteurs,False,True,True,Tournée ORBITE,13
B04052,25,1,52.0,4,1,2,Nouveaux acheteurs,False,False,False,Tournée ORBITE,13
B04053,25,1,52.0,4,1,2,Nouveaux acheteurs,False,False,True,Tournée ORBITE,13
B04054,24,1,75.4,4,1,4,Gros paniers,True,True,False,Tournée ORBITE,13
B04055,23,1,78.0,4,1,4,Gros paniers,False,False,False,Tournée ORBITE,13
B04056,23,1,52.0,4,1,2,Nouveaux acheteurs,False,True,True,Tournée ORBITE,59
B04057,23,1,52.0,4,1,2,Nouveaux acheteurs,True,True,False,Tournée ORBITE,13
B04058,22,1,26.0,4,1,1,Nouveaux acheteurs,False,True,False,Tournée ORBITE,13
B04059,22,1,26.0,4,1,1,Nouveaux acheteurs,False,True,False,Tournée ORBITE,31
B04060,20,1,52.0,4,1,2,Nouveaux acheteurs,False,True,True,Tournée ORBITE,35
B04061,19,1,52.0,4,1,2,Nouveaux acheteurs,False,True,True,Tournée ORBITE,13
B04062,18,1,26.0,4,1,1,Nouveaux acheteurs,False,True,False,Tournée ORBITE,13
B04063,17,1,52.0,4,1,2,Nouveaux acheteurs,False,True,True,Tournée ORBITE,13
B04064,17,1,26.0,4,1,1,Nouveaux acheteurs,False,True,False,Tournée ORBITE,13
B04065,17,1,26.0,4,1,1,Nouveaux acheteurs,True,True,False,Tournée ORBITE,13
B04066,16,1,75.4,4,1,4,Gros paniers,False,True,False,Tournée ORBITE,59
B04067,15,1,52.0,4,1,2,Nouveaux acheteurs,False,False,False,Tournée ORBITE,13
B04068,14,1,52.0,4,1,2,Nouveaux acheteurs,False,False,False,Tournée ORBITE,13
B04069,14,1,26.0,4,1,1,Nouveaux acheteurs,True,True,False,Tournée ORBITE,13
B04070,14,1,52.0,4,1,2,Nouveaux acheteurs,False,True,False,Tournée ORBITE,13
B04071,14,1,52.0,4,1,2,Nouveaux acheteurs,False,False,False,Tournée ORBITE,59
B04072,13,1,52.0,4,1,2,Nouveaux acheteurs,False,True,True,Tournée ORBITE,67
B04073,12,1,52.0,4,1,2,Nouveaux acheteurs,True,True,False,Tournée ORBITE,13
B04074,11,1,52.0,4,1,2,Nouveaux acheteurs,True,True,True,Tournée ORBITE,13
B04075,11,1,26.0,4,1,1,Nouveaux acheteurs,False,True,True,Tournée ORBITE,33
B04076,10,1,52.0,4,1,2,Nouveaux acheteurs,False,False,False,Tournée ORBITE,BE
B04077,9,1,52.0,4,1,2,Nouveaux acheteurs,False,False,False,Tournée ORBITE,13
B04078,9,1,52.0,4,1,2,Nouveaux acheteurs,False,False,True,Tournée ORBITE,13
B04079,8,1,52.0,4,1,2,Nouveaux acheteurs,False,True,False,Tournée ORBITE,13
B04080,8,1,52.0,4,1,2,Nouveaux acheteurs,False,False,False,Tournée ORBITE,13
B04081,8,1,52.0,4,1,2,Nouveaux acheteurs,False,False,False,Tournée ORBITE,13
B04082,7,1,22.88,4,1,1,Nouveaux acheteurs,False,True,False,Tournée ORBITE,13
B04083,7,1,52.0,4,1,2,Nouveaux acheteurs,False,False,False,Tournée ORBITE,13
B04084,6,1,52.0,4,1,2,Nouveaux acheteurs,False,True,False,Tournée ORBITE,13
B04085,5,1,52.0,4,1,2,Nouveaux acheteurs,False,True,False,Tournée ORBITE,13
B04086,4,1,104.0,4,1,4,Gros paniers,False,True,True,Tournée ORBITE,13
B04087,3,1,52.0,4,1,2,Nouveaux acheteurs,True,True,False,Tournée ORBITE,13
B04088,2,1,52.0,4,1,2,Nouveaux acheteurs,False,True,True,Tournée ORBITE,13
B04089,2,1,52.0,4,1,2,Nouveaux acheteurs,False,True,False,Tournée ORBITE,13
B04090,2,1,52.0,4,1,2,Nouveaux acheteurs,False,True,False,Tournée ORBITE,13
B04091,1,1,52.0,4,1,2,Nouveaux acheteurs,False,False,True,Tournée ORBITE,13
B04092,1,1,52.0,4,1,2,Nouveaux acheteurs,False,False,False,Tournée ORBITE,13
B04093,0,1,26.0,4,1,1,Nouveaux acheteurs,False,True,False,Tournée ORBITE,69
B04094,42,1,52.0,3,1,2,Nouveaux acheteurs,True,True,False,Tournée ORBITE,59
B04095,42,1,45.76,3,1,2,Nouveaux acheteurs,False,True,False,Tournée ORBITE,75
B04096,42,1,26.0,3,1,1,Nouveaux acheteurs,False,False,False,Tournée ORBITE,34
B04097,42,1,52.0,3,1,2,Nouveaux acheteurs,False,True,False,Tournée ORBITE,34
B04098,42,1,26.0,3,1,1,Nouveaux acheteurs,False,False,True,Tournée ORBITE,34
B04099,42,1,104.0,3,1,4,Gros paniers,False,False,False,Tournée ORBITE,34
B04100,42,1,26.0,3,1,1,Nouveaux acheteurs,False,False,False,Tournée ORBITE,34
B04101,42,1,104.0,3,1,4,Gros paniers,False,True,False,Tournée ORBITE,34
B04102,42,1,45.76,3,1,2,Nouveaux acheteurs,False,True,False,Tournée ORBITE,34
B04103,42,1,52.0,3,1,2,Nouveaux acheteurs,False,True,False,Tournée ORBITE,34
B04104,42,1,52.0,3,1,2,Nouveaux acheteurs,False,False,True,Tournée ORBITE,34
B04105,42,1,52.0,3,1,2,Nouveaux acheteurs,False,True,True,Tournée ORBITE,34
B04106,42,1,52.0,3,1,2,Nouveaux acheteurs,False,False,False,Tournée ORBITE,34
B04107,42,1,22.88,3,1,1,Nouveaux acheteurs,False,False,False,Tournée ORBITE,34
B04108,42,1,52.0,3,1,2,Nouveaux acheteurs,False,False,False,Tournée ORBITE,34
B04109,42,1,78.0,3,1,4,Gros paniers,False,False,False,Tournée ORBITE,34
B04110,42,1,75.4,3,1,4,Gros paniers,True,True,False,Tournée ORBITE,13
B04111,42,1,22.88,3,1,1,Nouveaux acheteurs,False,True,False,Tournée ORBITE,69
B04112,42,1,37.7,3,1,1,Nouveaux acheteurs,True,True,True,Tournée ORBITE,34
B04113,42,1,52.0,3,1,2,Nouveaux acheteurs,False,False,False,Tournée ORBITE,34
B04114,42,1,45.76,3,1,2,Nouveaux acheteurs,True,True,False,Tournée ORBITE,34
B04115,42,1,52.0,3,1,2,Nouveaux acheteurs,False,True,False,Tournée ORBITE,34
B04116,42,1,52.0,3,1,2,Nouveaux acheteurs,True,True,False,Tournée ORBITE,34
B04117,42,1,75.4,3,1,4,Gros paniers,False,False,True,Tournée ORBITE,34
B04118,42,1,52.0,3,1,2,Nouveaux acheteurs,False,True,False,Tournée ORBITE,34
B04119,42,1,52.0,3,1,2,Nouveaux acheteurs,False,False,False,Tournée ORBITE,34
B04120,41,1,45.76,3,1,2,Nouveaux acheteurs,True,True,False,Tournée ORBITE,44
B04121,41,1,22.88,3,1,1,Nouveaux acheteurs,False,False,False,Tournée ORBITE,34
B04122,41,1,45.76,3,1,2,Nouveaux acheteurs,False,True,False,Tournée ORBITE,34
B04123,41,1,52.0,3,1,2,Nouveaux acheteurs,True,True,False,Tournée ORBITE,31
B04124,41,1,52.0,3,1,2,Nouveaux acheteurs,False,False,False,Tournée ORBITE,34
B04125,41,1,45.76,3,1,2,Nouveaux acheteurs,False,True,True,Tournée ORBITE,34
B04126,41,1,52.0,3,1,2,Nouveaux acheteurs,False,True,False,Tournée ORBITE,34
B04127,41,1,52.0,3,1,2,Nouveaux acheteurs,False,True,False,Tournée ORBITE,13
B04128,41,1,78.0,3,1,4,Gros paniers,False,True,False,Tournée ORBITE,34
B04129,41,2,130.0,3,2,4,Gros paniers,False,False,False,Tournée ORBITE,34
B04130,41,1,26.0,3,1,1,Nouveaux acheteurs,False,True,False,Tournée ORBITE,34
B04131,41,1,26.0,3,1,1,Nouveaux acheteurs,False,True,False,Tournée ORBITE,34
B04132,41,1,78.0,3,1,4,Gros paniers,False,False,True,Tournée ORBITE,34
B04133,41,1,75.4,3,1,4,Gros paniers,True,True,False,Tournée ORBITE,34
B04134,40,1,52.0,3,1,2,Nouveaux acheteurs,True,True,False,Tournée ORBITE,69
B04135,40,1,45.76,3,1,2,Nouveaux acheteurs,False,False,False,Tournée ORBITE,34
B04136,40,1,52.0,3,1,2,Nouveaux acheteurs,False,True,False,Tournée ORBITE,34
B04137,40,1,26.0,3,1,1,Nouveaux acheteurs,False,False,False,Tournée ORBITE,34
B04138,40,1,37.7,3,1,1,Nouveaux acheteurs,False,False,False,Tournée ORBITE,44
B04139,40,1,26.0,3,1,1,Nouveaux acheteurs,False,True,False,Tournée ORBITE,34
B04140,40,1,91.52,3,1,4,Gros paniers,False,True,False,Tournée ORBITE,34
B04141,40,1,75.4,3,1,4,Gros paniers,True,True,False,Tournée ORBITE,34
B04142,40,1,52.0,3,1,2,Nouveaux acheteurs,False,False,False,Tournée ORBITE,34
B04143,40,1,52.0,3,1,2,Nouveaux acheteurs,False,True,True,Tournée ORBITE,34
B04144,39,1,37.7,3,1,1,Nouveaux acheteurs,False,True,False,Tournée ORBITE,34
B04145,39,1,52.0,3,1,2,Nouveaux acheteurs,False,True,False,Tournée ORBITE,34
B04146,39,1,52.0,3,1,2,Nouveaux acheteurs,False,False,False,Tournée ORBITE,34
B04147,39,1,26.0,3,1,1,Nouveaux acheteurs,False,True,False,Tournée ORBITE,34
B04148,39,1,75.4,3,1,4,Gros paniers,False,True,False,Tournée ORBITE,34
B04149,39,1,26.0,3,1,1,Nouveaux acheteurs,False,True,False,Tournée ORBITE,44
B04150,39,1,52.0,3,1,2,Nouveaux acheteurs,False,False,False,Tournée ORBITE,34
B04151,39,1,52.0,3,1,2,Nouveaux acheteurs,False,False,False,Tournée ORBITE,34
B04152,39,1,52.0,3,1,2,Nouveaux acheteurs,False,True,False,Tournée ORBITE,44
B04153,39,1,104.0,3,1,4,Gros paniers,False,False,False,Tournée ORBITE,13
B04154,38,1,52.0,3,1,2,Nouveaux acheteurs,False,True,False,Tournée ORBITE,34
B04155,38,1,52.0,3,1,2,Nouveaux acheteurs,False,True,False,Tournée ORBITE,34
B04156,38,1,52.0,3,1,2,Nouveaux acheteurs,True,True,False,Tournée ORBITE,34
B04157,38,1,26.0,3,1,1,Nouveaux acheteurs,False,True,False,Tournée ORBITE,34
B04158,38,1,52.0,3,1,2,Nouveaux acheteurs,False,False,True,Tournée ORBITE,75
B04159,38,1,52.0,3,1,2,Nouveaux acheteurs,False,True,False,Tournée ORBITE,34
B04160,38,1,26.0,3,1,1,Nouveaux acheteurs,False,True,True,Tournée ORBITE,34
B04161,38,1,52.0,3,1,2,Nouveaux acheteurs,True,True,True,Tournée ORBITE,34
B04162,37,1,52.0,3,1,2,Nouveaux acheteurs,False,True,False,Tournée ORBITE,34
B04163,37,1,52.0,3,1,2,Nouveaux acheteurs,False,False,True,Tournée ORBITE,33
B04164,37,1,52.0,3,1,2,Nouveaux acheteurs,False,False,True,Tournée ORBITE,34
B04165,37,1,52.0,3,1,2,Nouveaux acheteurs,False,True,False,Tournée ORBITE,34
B04166,37,1,52.0,3,1,2,Nouveaux acheteurs,False,False,True,Tournée ORBITE,35
B04167,37,1,52.0,3,1,2,Nouveaux acheteurs,False,True,False,Tournée ORBITE,BE
B04168,37,1,52.0,3,1,2,Nouveaux acheteurs,True,True,False,Tournée ORBITE,34
B04169,37,1,26.0,3,1,1,Nouveaux acheteurs,False,False,True,Tournée ORBITE,34
B04170,37,1,52.0,3,1,2,Nouveaux acheteurs,False,True,False,Tournée ORBITE,34
B04171,37,1,26.0,3,1,1,Nouveaux acheteurs,False,True,False,Tournée ORBITE,69
B04172,37,1,52.0,3,1,2,Nouveaux acheteurs,False,True,False,Tournée ORBITE,34
B04173,37,1,52.0,3,1,2,Nouveaux acheteurs,False,False,False,Tournée ORBITE,31
B04174,37,1,52.0,3,1,2,Nouveaux acheteurs,False,False,False,Tournée ORBITE,75
B04175,36,1,52.0,3,1,2,Nouveaux acheteurs,True,True,False,Tournée ORBITE,34
B04176,36,1,78.0,3,1,4,Gros paniers,False,False,False,Tournée ORBITE,34
B04177,36,1,52.0,3,1,2,Nouveaux acheteurs,False,True,True,Tournée ORBITE,34
B04178,36,1,26.0,3,1,1,Nouveaux acheteurs,False,False,False,Tournée ORBITE,13
B04179,35,1,26.0,3,1,1,Nouveaux acheteurs,True,True,False,Tournée ORBITE,34
B04180,35,1,52.0,3,1,2,Nouveaux acheteurs,False,False,False,Tournée ORBITE,34
B04181,35,1,52.0,3,1,2,Nouveaux acheteurs,True,True,False,Tournée ORBITE,34
B04182,35,1,26.0,3,1,1,Nouveaux acheteurs,False,True,False,Tournée ORBITE,34
B04183,35,1,52.0,3,1,2,Nouveaux acheteurs,False,True,False,Tournée ORBITE,BE
B04184,35,1,52.0,3,1,2,Nouveaux acheteurs,False,False,True,Tournée ORBITE,34
B04185,35,1,52.0,3,1,2,Nouveaux acheteurs,False,False,False,Tournée ORBITE,34
B04186,33,1,52.0,3,1,2,Nouveaux acheteurs,False,False,False,Tournée ORBITE,34
B04187,33,1,37.7,3,1,1,Nouveaux acheteurs,True,True,False,Tournée ORBITE,75
B04188,33,1,26.0,3,1,1,Nouveaux acheteurs,False,True,False,Tournée ORBITE,59
B04189,33,1,52.0,3,1,2,Nouveaux acheteurs,False,True,False,Tournée ORBITE,34
B04190,33,1,78.0,3,1,4,Gros paniers,True,True,False,Tournée ORBITE,34
B04191,32,1,26.0,3,1,1,Nouveaux acheteurs,False,False,False,Tournée ORBITE,34
B04192,32,1,52.0,3,1,2,Nouveaux acheteurs,True,True,True,Tournée ORBITE,34
B04193,32,1,52.0,3,1,2,Nouveaux acheteurs,False,False,True,Tournée ORBITE,34
B04194,31,1,52.0,3,1,2,Nouveaux acheteurs,True,True,False,Tournée ORBITE,34
B04195,31,1,52.0,3,1,2,Nouveaux acheteurs,False,False,False,Tournée ORBITE,34
B04196,31,1,26.0,3,1,1,Nouveaux acheteurs,False,False,False,Tournée ORBITE,34
B04197,31,1,52.0,3,1,2,Nouveaux acheteurs,False,True,False,Tournée ORBITE,34
B04198,30,1,37.7,3,1,1,Nouveaux acheteurs,False,True,True,Tournée ORBITE,34
B04199,30,1,52.0,3,1,2,Nouveaux acheteurs,False,False,False,Tournée ORBITE,34
B04200,29,1,26.0,3,1,1,Nouveaux acheteurs,False,False,True,Tournée ORBITE,34
B04201,29,1,52.0,3,1,2,Nouveaux acheteurs,True,True,False,Tournée ORBITE,13
B04202,29,1,52.0,3,1,2,Nouveaux acheteurs,False,False,False,Tournée ORBITE,13
B04203,29,1,52.0,3,1,2,Nouveaux acheteurs,False,False,False,Tournée ORBITE,13
B04204,29,1,52.0,3,1,2,Nouveaux acheteurs,True,True,True,Tournée ORBITE,34
B04205,29,1,52.0,3,1,2,Nouveaux acheteurs,False,True,False,Tournée ORBITE,34
B04206,28,1,26.0,3,1,1,Nouveaux acheteurs,False,True,True,Tournée ORBITE,34
B04207,28,1,52.0,3,1,2,Nouveaux acheteurs,False,True,True,Tournée ORBITE,34
B04208,28,1,26.0,3,1,1,Nouveaux acheteurs,True,True,False,Tournée ORBITE,59
B04209,27,1,75.4,3,1,4,Gros paniers,False,False,False,Tournée ORBITE,34
B04210,27,1,52.0,3,1,2,Nouveaux acheteurs,False,False,True,Tournée ORBITE,34
B04211,26,1,113.1,4,1,4,Gros paniers,False,True,True,Tournée ORBITE,34
B04212,24,1,52.0,4,1,2,Nouveaux acheteurs,False,False,False,Tournée ORBITE,33
B04213,24,1,52.0,4,1,2,Nouveaux acheteurs,False,False,False,Tournée ORBITE,34
B04214,23,1,26.0,4,1,1,Nouveaux acheteurs,False,True,False,Tournée ORBITE,35
B04215,23,1,52.0,4,1,2,Nouveaux acheteurs,False,True,False,Tournée ORBITE,34
B04216,23,1,68.64,4,1,3,Nouveaux acheteurs,False,False,True,Tournée ORBITE,34
B04217,23,1,52.0,4,1,2,Nouveaux acheteurs,False,True,True,Tournée ORBITE,34
B04218,23,1,26.0,4,1,1,Nouveaux acheteurs,False,True,False,Tournée ORBITE,34
B04219,23,1,26.0,4,1,1,Nouveaux acheteurs,False,True,False,Tournée ORBITE,34
B04220,22,1,113.1,4,1,4,Gros paniers,False,True,False,Tournée ORBITE,34
B04221,22,1,26.0,4,1,1,Nouveaux acheteurs,False,False,True,Tournée ORBITE,34
B04222,20,1,52.0,4,1,2,Nouveaux acheteurs,False,True,False,Tournée ORBITE,35
B04223,19,1,52.0,4,1,2,Nouveaux acheteurs,False,True,False,Tournée ORBITE,44
B04224,19,1,52.0,4,1,2,Nouveaux acheteurs,False,False,True,Tournée ORBITE,67
B04225,18,1,26.0,4,1,1,Nouveaux acheteurs,False,True,True,Tournée ORBITE,34
B04226,18,1,52.0,4,1,2,Nouveaux acheteurs,False,False,True,Tournée ORBITE,34
B04227,17,1,52.0,4,1,2,Nouveaux acheteurs,False,True,False,Tournée ORBITE,75
B04228,17,1,52.0,4,1,2,Nouveaux acheteurs,False,True,False,Tournée ORBITE,34
B04229,16,1,52.0,4,1,2,Nouveaux acheteurs,False,False,False,Tournée ORBITE,34
B04230,14,1,26.0,4,1,1,Nouveaux acheteurs,True,True,False,Tournée ORBITE,BE
B04231,12,1,26.0,4,1,1,Nouveaux acheteurs,False,True,False,Tournée ORBITE,69
B04232,12,1,52.0,4,1,2,Nouveaux acheteurs,False,True,True,Tournée ORBITE,34
B04233,11,1,78.0,4,1,4,Gros paniers,False,True,False,Tournée ORBITE,34
B04234,11,1,26.0,4,1,1,Nouveaux acheteurs,True,True,True,Tournée ORBITE,34
B04235,11,1,26.0,4,1,1,Nouveaux acheteurs,False,True,False,Tournée ORBITE,BE
B04236,11,1,52.0,4,1,2,Nouveaux acheteurs,False,True,True,Tournée ORBITE,44
B04237,10,1,37.7,4,1,1,Nouveaux acheteurs,False,False,False,Tournée ORBITE,35
B04238,10,1,52.0,4,1,2,Nouveaux acheteurs,False,True,False,Tournée ORBITE,34
B04239,8,1,78.0,4,1,4,Gros paniers,False,True,False,Tournée ORBITE,34
B04240,6,1,26.0,4,1,1,Nouveaux acheteurs,False,True,False,Tournée ORBITE,34
B04241,6,1,52.0,4,1,2,Nouveaux acheteurs,False,True,False,Tournée ORBITE,34
B04242,5,1,52.0,4,1,2,Nouveaux acheteurs,True,True,False,Tournée ORBITE,59
B04243,5,1,52.0,4,1,2,Nouveaux acheteurs,False,True,False,Tournée ORBITE,34
B04244,4,1,52.0,4,1,2,Nouveaux acheteurs,False,False,False,Tournée ORBITE,34
B04245,4,1,26.0,4,1,1,Nouveaux acheteurs,False,True,False,Tournée ORBITE,34
B04246,4,1,52.0,4,1,2,Nouveaux acheteurs,False,True,False,Tournée ORBITE,34
B04247,3,1,52.0,4,1,2,Nouveaux acheteurs,False,True,False,Tournée ORBITE,75
B04248,2,1,52.0,4,1,2,Nouveaux acheteurs,True,True,False,Tournée ORBITE,34
B04249,2,1,26.0,4,1,1,Nouveaux acheteurs,False,False,False,Tournée ORBITE,34
B04250,2,1,52.0,4,1,2,Nouveaux acheteurs,False,False,False,Tournée ORBITE,34
B04251,0,1,52.0,4,1,2,Nouveaux acheteurs,False,True,False,Tournée ORBITE,34
B04252,35,1,58.0,3,1,3,Nouveaux acheteurs,False,True,False,Tournée ORBITE,BE
B04253,35,1,84.1,3,1,4,Gros paniers,False,True,False,Tournée ORBITE,BE
B04254,35,1,102.08,3,1,4,Gros paniers,False,True,False,Tournée ORBITE,BE
B04255,35,1,58.0,3,1,3,Nouveaux acheteurs,False,True,False,Tournée ORBITE,BE
B04256,35,1,58.0,3,1,3,Nouveaux acheteurs,False,True,False,Tournée ORBITE,BE
B04257,35,1,58.0,3,1,3,Nouveaux acheteurs,False,True,False,Tournée ORBITE,BE
B04258,35,1,58.0,3,1,3,Nouveaux acheteurs,False,True,False,Tournée ORBITE,BE
B04259,35,1,51.04,3,1,2,Nouveaux acheteurs,True,True,False,Tournée ORBITE,BE
B04260,35,1,51.04,3,1,2,Nouveaux acheteurs,False,True,True,Tournée ORBITE,BE
B04261,35,1,58.0,3,1,3,Nouveaux acheteurs,False,True,True,Tournée ORBITE,69
B04262,35,1,58.0,3,1,3,Nouveaux acheteurs,False,False,False,Tournée ORBITE,67
B04263,35,1,58.0,3,1,3,Nouveaux acheteurs,False,False,False,Tournée ORBITE,31
B04264,35,1,58.0,3,1,3,Nouveaux acheteurs,False,True,False,Tournée ORBITE,BE
B04265,35,1,58.0,3,1,3,Nouveaux acheteurs,False,False,False,Tournée ORBITE,BE
B04266,35,1,51.04,3,1,2,Nouveaux acheteurs,False,True,False,Tournée ORBITE,BE
B04267,35,1,58.0,3,1,3,Nouveaux acheteurs,False,False,True,Tournée ORBITE,67
B04268,35,1,87.0,3,1,4,Gros paniers,False,True,False,Tournée ORBITE,BE
B04269,35,1,29.0,3,1,1,Nouveaux acheteurs,False,True,False,Tournée ORBITE,33
B04270,35,1,51.04,3,1,2,Nouveaux acheteurs,False,False,False,Tournée ORBITE,BE
B04271,35,1,58.0,3,1,3,Nouveaux acheteurs,False,True,False,Tournée ORBITE,BE
B04272,35,1,58.0,3,1,3,Nouveaux acheteurs,False,True,False,Tournée ORBITE,BE
B04273,35,1,29.0,3,1,1,Nouveaux acheteurs,False,True,False,Tournée ORBITE,BE
B04274,35,1,29.0,3,1,1,Nouveaux acheteurs,False,True,True,Tournée ORBITE,BE
B04275,35,1,58.0,3,1,3,Nouveaux acheteurs,False,False,False,Tournée ORBITE,13
B04276,35,1,58.0,3,1,3,Nouveaux acheteurs,False,True,False,Tournée ORBITE,67
B04277,35,1,29.0,3,1,1,Nouveaux acheteurs,False,False,False,Tournée ORBITE,BE
B04278,35,1,29.0,3,1,1,Nouveaux acheteurs,True,True,False,Tournée ORBITE,BE
B04279,35,1,25.52,3,1,1,Nouveaux acheteurs,False,True,False,Tournée ORBITE,33
B04280,35,1,29.0,3,1,1,Nouveaux acheteurs,True,True,False,Tournée ORBITE,BE
B04281,35,1,42.05,3,1,1,Nouveaux acheteurs,False,False,False,Tournée ORBITE,BE
B04282,35,1,58.0,3,1,3,Nouveaux acheteurs,True,True,False,Tournée ORBITE,BE
B04283,35,1,58.0,3,1,3,Nouveaux acheteurs,False,True,False,Tournée ORBITE,59
B04284,35,1,51.04,3,1,2,Nouveaux acheteurs,False,False,True,Tournée ORBITE,BE
B04285,35,1,51.04,3,1,2,Nouveaux acheteurs,False,True,False,Tournée ORBITE,BE
B04286,35,1,58.0,3,1,3,Nouveaux acheteurs,False,False,False,Tournée ORBITE,BE
B04287,34,1,168.2,3,1,4,Gros paniers,False,False,False,Tournée ORBITE,BE
B04288,34,1,25.52,3,1,1,Nouveaux acheteurs,False,True,False,Tournée ORBITE,BE
B04289,34,1,58.0,3,1,3,Nouveaux acheteurs,False,True,False,Tournée ORBITE,BE
B04290,34,1,51.04,3,1,2,Nouveaux acheteurs,False,False,False,Tournée ORBITE,BE
B04291,34,1,58.0,3,1,3,Nouveaux acheteurs,False,False,False,Tournée ORBITE,31
B04292,34,1,51.04,3,1,2,Nouveaux acheteurs,False,False,False,Tournée ORBITE,BE
B04293,34,1,87.0,3,1,4,Gros paniers,True,True,False,Tournée ORBITE,BE
B04294,34,1,51.04,3,1,2,Nouveaux acheteurs,False,False,False,Tournée ORBITE,BE
B04295,34,1,58.0,3,1,3,Nouveaux acheteurs,False,False,True,Tournée ORBITE,13
B04296,34,1,84.1,3,1,4,Gros paniers,False,True,False,Tournée ORBITE,BE
B04297,34,1,84.1,3,1,4,Gros paniers,False,True,True,Tournée ORBITE,BE
B04298,34,1,58.0,3,1,3,Nouveaux acheteurs,True,True,False,Tournée ORBITE,BE
B04299,34,1,51.04,3,1,2,Nouveaux acheteurs,False,True,True,Tournée ORBITE,BE
B04300,34,1,58.0,3,1,3,Nouveaux acheteurs,False,False,False,Tournée ORBITE,BE
B04301,34,1,58.0,3,1,3,Nouveaux acheteurs,True,True,True,Tournée ORBITE,BE
B04302,34,1,29.0,3,1,1,Nouveaux acheteurs,False,True,False,Tournée ORBITE,34
B04303,34,1,58.0,3,1,3,Nouveaux acheteurs,False,True,True,Tournée ORBITE,BE
B04304,34,1,29.0,3,1,1,Nouveaux acheteurs,True,True,False,Tournée ORBITE,BE
B04305,34,1,29.0,3,1,1,Nouveaux acheteurs,False,False,False,Tournée ORBITE,59
B04306,33,1,29.0,3,1,1,Nouveaux acheteurs,False,True,False,Tournée ORBITE,BE
B04307,33,1,87.0,3,1,4,Gros paniers,False,False,False,Tournée ORBITE,BE
B04308,33,1,58.0,3,1,3,Nouveaux acheteurs,False,False,False,Tournée ORBITE,BE
B04309,33,1,29.0,3,1,1,Nouveaux acheteurs,False,True,False,Tournée ORBITE,BE
B04310,33,1,29.0,3,1,1,Nouveaux acheteurs,False,True,True,Tournée ORBITE,33
B04311,33,1,29.0,3,1,1,Nouveaux acheteurs,False,True,True,Tournée ORBITE,BE
B04312,33,1,87.0,3,1,4,Gros paniers,True,True,False,Tournée ORBITE,BE
B04313,33,1,87.0,3,1,4,Gros paniers,False,True,False,Tournée ORBITE,44
B04314,33,1,58.0,3,1,3,Nouveaux acheteurs,True,True,False,Tournée ORBITE,33
B04315,33,1,116.0,3,1,4,Gros paniers,False,True,False,Tournée ORBITE,34
B04316,33,1,58.0,3,1,3,Nouveaux acheteurs,False,False,True,Tournée ORBITE,BE
B04317,33,1,29.0,3,1,1,Nouveaux acheteurs,False,False,False,Tournée ORBITE,13
B04318,32,1,58.0,3,1,3,Nouveaux acheteurs,False,False,False,Tournée ORBITE,BE
B04319,32,1,58.0,3,1,3,Nouveaux acheteurs,False,False,True,Tournée ORBITE,BE
B04320,32,1,116.0,3,1,4,Gros paniers,False,True,False,Tournée ORBITE,BE
B04321,32,1,58.0,3,1,3,Nouveaux acheteurs,True,True,False,Tournée ORBITE,BE
B04322,32,1,58.0,3,1,3,Nouveaux acheteurs,False,True,False,Tournée ORBITE,BE
B04323,32,1,58.0,3,1,3,Nouveaux acheteurs,True,True,False,Tournée ORBITE,67
B04324,32,1,25.52,3,1,1,Nouveaux acheteurs,False,False,True,Tournée ORBITE,BE
B04325,32,1,51.04,3,1,2,Nouveaux acheteurs,False,True,False,Tournée ORBITE,BE
B04326,32,1,58.0,3,1,3,Nouveaux acheteurs,False,False,False,Tournée ORBITE,BE
B04327,32,1,87.0,3,1,4,Gros paniers,False,True,False,Tournée ORBITE,BE
B04328,32,1,58.0,3,1,3,Nouveaux acheteurs,False,True,False,Tournée ORBITE,BE
B04329,32,1,29.0,3,1,1,Nouveaux acheteurs,True,True,False,Tournée ORBITE,BE
B04330,32,1,58.0,3,1,3,Nouveaux acheteurs,False,True,False,Tournée ORBITE,13
B04331,32,1,51.04,3,1,2,Nouveaux acheteurs,False,True,False,Tournée ORBITE,BE
B04332,31,1,58.0,3,1,3,Nouveaux acheteurs,False,False,True,Tournée ORBITE,BE
B04333,31,1,58.0,3,1,3,Nouveaux acheteurs,False,False,False,Tournée ORBITE,75
B04334,31,1,58.0,3,1,3,Nouveaux acheteurs,False,True,False,Tournée ORBITE,BE
B04335,31,1,87.0,3,1,4,Gros paniers,False,True,False,Tournée ORBITE,BE
B04336,31,1,51.04,3,1,2,Nouveaux acheteurs,False,True,False,Tournée ORBITE,BE
B04337,31,1,29.0,3,1,1,Nouveaux acheteurs,False,True,True,Tournée ORBITE,BE
B04338,31,1,58.0,3,1,3,Nouveaux acheteurs,False,True,True,Tournée ORBITE,BE
B04339,31,1,29.0,3,1,1,Nouveaux acheteurs,False,True,False,Tournée ORBITE,BE
B04340,31,1,58.0,3,1,3,Nouveaux acheteurs,False,False,False,Tournée ORBITE,69
B04341,31,1,29.0,3,1,1,Nouveaux acheteurs,False,True,True,Tournée ORBITE,59
B04342,30,1,51.04,3,1,2,Nouveaux acheteurs,True,True,False,Tournée ORBITE,44
B04343,30,1,58.0,3,1,3,Nouveaux acheteurs,True,True,False,Tournée ORBITE,BE
B04344,30,1,58.0,3,1,3,Nouveaux acheteurs,True,True,False,Tournée ORBITE,BE
B04345,30,1,58.0,3,1,3,Nouveaux acheteurs,False,True,False,Tournée ORBITE,BE
B04346,30,1,58.0,3,1,3,Nouveaux acheteurs,False,False,False,Tournée ORBITE,BE
B04347,30,1,51.04,3,1,2,Nouveaux acheteurs,False,True,True,Tournée ORBITE,BE
B04348,30,1,58.0,3,1,3,Nouveaux acheteurs,True,True,False,Tournée ORBITE,BE
B04349,30,1,29.0,3,1,1,Nouveaux acheteurs,True,True,False,Tournée ORBITE,BE
B04350,30,1,58.0,3,1,3,Nouveaux acheteurs,True,True,True,Tournée ORBITE,BE
B04351,30,1,58.0,3,1,3,Nouveaux acheteurs,False,False,False,Tournée ORBITE,35
B04352,30,1,58.0,3,1,3,Nouveaux acheteurs,False,True,False,Tournée ORBITE,BE
B04353,29,1,58.0,3,1,3,Nouveaux acheteurs,False,False,False,Tournée ORBITE,BE
B04354,29,1,58.0,3,1,3,Nouveaux acheteurs,False,True,False,Tournée ORBITE,BE
B04355,29,1,51.04,3,1,2,Nouveaux acheteurs,False,True,False,Tournée ORBITE,BE
B04356,29,1,51.04,3,1,2,Nouveaux acheteurs,False,False,False,Tournée ORBITE,BE
B04357,29,1,29.0,3,1,1,Nouveaux acheteurs,False,False,False,Tournée ORBITE,BE
B04358,28,1,58.0,3,1,3,Nouveaux acheteurs,False,False,False,Tournée ORBITE,BE
B04359,28,1,58.0,3,1,3,Nouveaux acheteurs,False,True,True,Tournée ORBITE,BE
B04360,28,1,58.0,3,1,3,Nouveaux acheteurs,False,True,False,Tournée ORBITE,BE
B04361,28,1,58.0,3,1,3,Nouveaux acheteurs,False,False,False,Tournée ORBITE,BE
B04362,28,1,84.1,3,1,4,Gros paniers,True,True,False,Tournée ORBITE,35
B04363,28,1,58.0,3,1,3,Nouveaux acheteurs,False,True,False,Tournée ORBITE,BE
B04364,27,1,58.0,3,1,3,Nouveaux acheteurs,False,False,False,Tournée ORBITE,BE
B04365,27,1,168.2,3,1,4,Gros paniers,False,True,False,Tournée ORBITE,BE
B04366,27,1,58.0,3,1,3,Nouveaux acheteurs,False,True,False,Tournée ORBITE,BE
B04367,27,1,58.0,3,1,3,Nouveaux acheteurs,False,False,False,Tournée ORBITE,BE
B04368,27,1,58.0,3,1,3,Nouveaux acheteurs,False,True,False,Tournée ORBITE,BE
B04369,26,1,58.0,4,1,3,Nouveaux acheteurs,True,True,False,Tournée ORBITE,BE
B04370,26,1,58.0,4,1,3,Nouveaux acheteurs,False,True,False,Tournée ORBITE,BE
B04371,26,1,58.0,4,1,3,Nouveaux acheteurs,False,False,False,Tournée ORBITE,BE
B04372,26,1,87.0,4,1,4,Gros paniers,False,True,False,Tournée ORBITE,BE
B04373,26,1,87.0,4,1,4,Gros paniers,False,False,False,Tournée ORBITE,13
B04374,25,1,58.0,4,1,3,Nouveaux acheteurs,False,False,False,Tournée ORBITE,BE
B04375,25,1,58.0,4,1,3,Nouveaux acheteurs,False,False,False,Tournée ORBITE,BE
B04376,25,1,58.0,4,1,3,Nouveaux acheteurs,False,False,False,Tournée ORBITE,44
B04377,25,1,58.0,4,1,3,Nouveaux acheteurs,False,False,False,Tournée ORBITE,BE
B04378,25,1,58.0,4,1,3,Nouveaux acheteurs,False,False,False,Tournée ORBITE,BE
B04379,25,1,58.0,4,1,3,Nouveaux acheteurs,False,True,False,Tournée ORBITE,BE
B04380,25,1,58.0,4,1,3,Nouveaux acheteurs,False,False,False,Tournée ORBITE,BE
B04381,25,1,58.0,4,1,3,Nouveaux acheteurs,True,True,False,Tournée ORBITE,BE
B04382,25,1,25.52,4,1,1,Nouveaux acheteurs,False,True,False,Tournée ORBITE,BE
B04383,25,1,58.0,4,1,3,Nouveaux acheteurs,False,True,False,Tournée ORBITE,BE
B04384,25,1,58.0,4,1,3,Nouveaux acheteurs,False,False,False,Tournée ORBITE,BE
B04385,24,1,58.0,4,1,3,Nouveaux acheteurs,False,True,False,Tournée ORBITE,59
B04386,24,1,87.0,4,1,4,Gros paniers,False,True,False,Tournée ORBITE,BE
B04387,24,1,58.0,4,1,3,Nouveaux acheteurs,False,True,True,Tournée ORBITE,BE
B04388,23,1,58.0,4,1,3,Nouveaux acheteurs,False,True,True,Tournée ORBITE,BE
B04389,23,1,87.0,4,1,4,Gros paniers,False,False,True,Tournée ORBITE,BE
B04390,23,1,116.0,4,1,4,Gros paniers,False,False,False,Tournée ORBITE,BE
B04391,23,1,58.0,4,1,3,Nouveaux acheteurs,True,True,True,Tournée ORBITE,BE
B04392,22,1,58.0,4,1,3,Nouveaux acheteurs,False,True,True,Tournée ORBITE,BE
B04393,21,1,58.0,4,1,3,Nouveaux acheteurs,False,True,False,Tournée ORBITE,BE
B04394,21,1,29.0,4,1,1,Nouveaux acheteurs,False,False,True,Tournée ORBITE,BE
B04395,21,1,58.0,4,1,3,Nouveaux acheteurs,False,False,False,Tournée ORBITE,BE
B04396,21,1,29.0,4,1,1,Nouveaux acheteurs,False,False,False,Tournée ORBITE,BE
B04397,20,1,29.0,4,1,1,Nouveaux acheteurs,False,False,True,Tournée ORBITE,BE
B04398,20,1,58.0,4,1,3,Nouveaux acheteurs,False,True,False,Tournée ORBITE,BE
B04399,20,1,29.0,4,1,1,Nouveaux acheteurs,False,True,True,Tournée ORBITE,BE
B04400,20,1,58.0,4,1,3,Nouveaux acheteurs,False,True,False,Tournée ORBITE,BE
B04401,19,1,58.0,4,1,3,Nouveaux acheteurs,False,True,False,Tournée ORBITE,BE
B04402,19,1,58.0,4,1,3,Nouveaux acheteurs,True,True,False,Tournée ORBITE,33
B04403,19,1,58.0,4,1,3,Nouveaux acheteurs,False,False,False,Tournée ORBITE,BE
B04404,19,1,58.0,4,1,3,Nouveaux acheteurs,False,False,False,Tournée ORBITE,BE
B04405,19,1,58.0,4,1,3,Nouveaux acheteurs,False,True,False,Tournée ORBITE,BE
B04406,19,1,58.0,4,1,3,Nouveaux acheteurs,False,True,False,Tournée ORBITE,BE
B04407,18,1,87.0,4,1,4,Gros paniers,False,True,False,Tournée ORBITE,BE
B04408,18,1,58.0,4,1,3,Nouveaux acheteurs,False,False,False,Tournée ORBITE,BE
B04409,17,1,51.04,4,1,2,Nouveaux acheteurs,False,True,False,Tournée ORBITE,BE
B04410,17,1,29.0,4,1,1,Nouveaux acheteurs,False,True,False,Tournée ORBITE,BE
B04411,17,1,42.05,4,1,1,Nouveaux acheteurs,False,True,False,Tournée ORBITE,BE
B04412,17,1,116.0,4,1,4,Gros paniers,True,True,True,Tournée ORBITE,44
B04413,16,1,58.0,4,1,3,Nouveaux acheteurs,False,True,False,Tournée ORBITE,BE
B04414,16,1,58.0,4,1,3,Nouveaux acheteurs,False,True,False,Tournée ORBITE,BE
B04415,16,1,58.0,4,1,3,Nouveaux acheteurs,False,True,False,Tournée ORBITE,BE
B04416,16,1,58.0,4,1,3,Nouveaux acheteurs,True,True,False,Tournée ORBITE,BE
B04417,16,1,58.0,4,1,3,Nouveaux acheteurs,False,True,False,Tournée ORBITE,BE
B04418,16,1,29.0,4,1,1,Nouveaux acheteurs,False,False,False,Tournée ORBITE,BE
B04419,15,1,29.0,4,1,1,Nouveaux acheteurs,False,False,False,Tournée ORBITE,BE
B04420,15,1,58.0,4,1,3,Nouveaux acheteurs,False,True,False,Tournée ORBITE,BE
B04421,13,1,58.0,4,1,3,Nouveaux acheteurs,False,False,False,Tournée ORBITE,BE
B04422,13,1,58.0,4,1,3,Nouveaux acheteurs,False,False,False,Tournée ORBITE,BE
B04423,13,1,58.0,4,1,3,Nouveaux acheteurs,True,True,True,Tournée ORBITE,69
B04424,13,1,58.0,4,1,3,Nouveaux acheteurs,False,True,False,Tournée ORBITE,BE
B04425,13,1,84.1,4,1,4,Gros paniers,True,True,False,Tournée ORBITE,BE
B04426,11,1,29.0,4,1,1,Nouveaux acheteurs,False,True,False,Tournée ORBITE,BE
B04427,11,1,58.0,4,1,3,Nouveaux acheteurs,False,False,False,Tournée ORBITE,59
B04428,11,1,29.0,4,1,1,Nouveaux acheteurs,False,True,False,Tournée ORBITE,BE
B04429,11,1,58.0,4,1,3,Nouveaux acheteurs,False,False,False,Tournée ORBITE,67
B04430,11,1,58.0,4,1,3,Nouveaux acheteurs,False,False,False,Tournée ORBITE,BE
B04431,10,1,116.0,4,1,4,Gros paniers,True,True,False,Tournée ORBITE,59
B04432,10,1,42.05,4,1,1,Nouveaux acheteurs,False,False,False,Tournée ORBITE,BE
B04433,10,1,58.0,4,1,3,Nouveaux acheteurs,False,False,False,Tournée ORBITE,BE
B04434,10,1,58.0,4,1,3,Nouveaux acheteurs,False,True,False,Tournée ORBITE,34
B04435,9,1,58.0,4,1,3,Nouveaux acheteurs,False,True,False,Tournée ORBITE,BE
B04436,9,1,58.0,4,1,3,Nouveaux acheteurs,False,True,False,Tournée ORBITE,59
B04437,9,1,58.0,4,1,3,Nouveaux acheteurs,False,True,False,Tournée ORBITE,BE
B04438,7,1,58.0,4,1,3,Nouveaux acheteurs,False,True,False,Tournée ORBITE,69
B04439,6,1,58.0,4,1,3,Nouveaux acheteurs,False,False,False,Tournée ORBITE,BE
B04440,6,1,58.0,4,1,3,Nouveaux acheteurs,True,True,False,Tournée ORBITE,59
B04441,6,1,29.0,4,1,1,Nouveaux acheteurs,False,False,False,Tournée ORBITE,33
B04442,6,1,58.0,4,1,3,Nouveaux acheteurs,False,False,True,Tournée ORBITE,BE
B04443,5,1,58.0,4,1,3,Nouveaux acheteurs,False,True,True,Tournée ORBITE,BE
B04444,4,1,58.0,4,1,3,Nouveaux acheteurs,False,False,True,Tournée ORBITE,44
B04445,4,1,58.0,4,1,3,Nouveaux acheteurs,False,False,False,Tournée ORBITE,BE
B04446,4,1,29.0,4,1,1,Nouveaux acheteurs,True,True,False,Tournée ORBITE,BE
B04447,3,1,42.05,4,1,1,Nouveaux acheteurs,True,True,False,Tournée ORBITE,BE
B04448,2,1,29.0,4,1,1,Nouveaux acheteurs,False,True,False,Tournée ORBITE,13
B04449,2,1,58.0,4,1,3,Nouveaux acheteurs,False,True,False,Tournée ORBITE,BE
B04450,1,1,87.0,4,1,4,Gros paniers,False,True,False,Tournée ORBITE,BE
B04451,1,1,58.0,4,1,3,Nouveaux acheteurs,False,True,False,Tournée ORBITE,BE
B04452,1,1,58.0,4,1,3,Nouveaux acheteurs,False,False,False,Tournée ORBITE,44
B04453,1,1,58.0,4,1,3,Nouveaux acheteurs,True,True,True,Tournée ORBITE,BE
B04454,0,1,58.0,4,1,3,Nouveaux acheteurs,False,True,False,Tournée ORBITE,BE
B04455,0,1,87.0,4,1,4,Gros paniers,False,False,False,Tournée ORBITE,BE
